problem,figure,quantity,mesh,dofs,finest,layer,component,station,parameter,x_mm,y_mm,z_mm,value,unit,reference_value,notes
1,3,tip_z,10x1x1,567,False,,,,,,,,4.209172244312295,mm,4.17,"deformed z of the point (10, 0.5, 1); reference = consensus"
1,4,midline,10x1x1,567,False,,,0,0.0,0.0,0.5,0.5,,mm,,"deformed image of the line (x=parameter, 0.5, 0.5)"
1,4,midline,10x1x1,567,False,,,1,0.1,0.10013243346215925,0.49999999999869504,0.5021724842834575,,mm,,"deformed image of the line (x=parameter, 0.5, 0.5)"
1,4,midline,10x1x1,567,False,,,2,0.2,0.20013294456527758,0.49999999999744105,0.5055344391268768,,mm,,"deformed image of the line (x=parameter, 0.5, 0.5)"
1,4,midline,10x1x1,567,False,,,3,0.3,0.3000015333093548,0.499999999996238,0.510085864530258,,mm,,"deformed image of the line (x=parameter, 0.5, 0.5)"
1,4,midline,10x1x1,567,False,,,4,0.4,0.39973819969439095,0.49999999999508593,0.515826760493601,,mm,,"deformed image of the line (x=parameter, 0.5, 0.5)"
1,4,midline,10x1x1,567,False,,,5,0.5,0.4993429437203861,0.49999999999398503,0.522757127016906,,mm,,"deformed image of the line (x=parameter, 0.5, 0.5)"
1,4,midline,10x1x1,567,False,,,6,0.6,0.5988157653873404,0.49999999999293504,0.5308769641001729,,mm,,"deformed image of the line (x=parameter, 0.5, 0.5)"
1,4,midline,10x1x1,567,False,,,7,0.7,0.6981566646952535,0.499999999991936,0.5401862717434017,,mm,,"deformed image of the line (x=parameter, 0.5, 0.5)"
1,4,midline,10x1x1,567,False,,,8,0.8,0.7973656416441255,0.49999999999098804,0.5506850499465924,,mm,,"deformed image of the line (x=parameter, 0.5, 0.5)"
1,4,midline,10x1x1,567,False,,,9,0.9,0.8964426962339564,0.49999999999009104,0.562373298709745,,mm,,"deformed image of the line (x=parameter, 0.5, 0.5)"
1,4,midline,10x1x1,567,False,,,10,1.0,0.9953878284647466,0.49999999998924505,0.5752510180328595,,mm,,"deformed image of the line (x=parameter, 0.5, 0.5)"
1,4,midline,10x1x1,567,False,,,11,1.1,1.0945480626353747,0.4999999999888147,0.5882915447744023,,mm,,"deformed image of the line (x=parameter, 0.5, 0.5)"
1,4,midline,10x1x1,567,False,,,12,1.2,1.1935458266620225,0.499999999988499,0.6022428586069868,,mm,,"deformed image of the line (x=parameter, 0.5, 0.5)"
1,4,midline,10x1x1,567,False,,,13,1.3,1.2923811205446896,0.4999999999882976,0.617104959530613,,mm,,"deformed image of the line (x=parameter, 0.5, 0.5)"
1,4,midline,10x1x1,567,False,,,14,1.4,1.391053944283377,0.4999999999882108,0.6328778475452804,,mm,,"deformed image of the line (x=parameter, 0.5, 0.5)"
1,4,midline,10x1x1,567,False,,,15,1.5,1.4895642978780839,0.4999999999882385,0.6495615226509897,,mm,,"deformed image of the line (x=parameter, 0.5, 0.5)"
1,4,midline,10x1x1,567,False,,,16,1.6,1.5879121813288106,0.49999999998838074,0.6671559848477404,,mm,,"deformed image of the line (x=parameter, 0.5, 0.5)"
1,4,midline,10x1x1,567,False,,,17,1.7,1.6860975946355572,0.49999999998863737,0.6856612341355328,,mm,,"deformed image of the line (x=parameter, 0.5, 0.5)"
1,4,midline,10x1x1,567,False,,,18,1.8,1.784120537798323,0.49999999998900857,0.7050772705143666,,mm,,"deformed image of the line (x=parameter, 0.5, 0.5)"
1,4,midline,10x1x1,567,False,,,19,1.9,1.8819810108171087,0.4999999999894942,0.7254040939842421,,mm,,"deformed image of the line (x=parameter, 0.5, 0.5)"
1,4,midline,10x1x1,567,False,,,20,2.0,1.9796790136919147,0.49999999999009437,0.7466417045451593,,mm,,"deformed image of the line (x=parameter, 0.5, 0.5)"
1,4,midline,10x1x1,567,False,,,21,2.1,2.0771555333494125,0.4999999999905801,0.7690205786763195,,mm,,"deformed image of the line (x=parameter, 0.5, 0.5)"
1,4,midline,10x1x1,567,False,,,22,2.2,2.1744385218430855,0.4999999999911299,0.792113717224281,,mm,,"deformed image of the line (x=parameter, 0.5, 0.5)"
1,4,midline,10x1x1,567,False,,,23,2.3,2.2715279791729333,0.4999999999917437,0.8159211201890441,,mm,,"deformed image of the line (x=parameter, 0.5, 0.5)"
1,4,midline,10x1x1,567,False,,,24,2.4,2.3684239053389566,0.4999999999924215,0.8404427875706083,,mm,,"deformed image of the line (x=parameter, 0.5, 0.5)"
1,4,midline,10x1x1,567,False,,,25,2.5,2.465126300341154,0.49999999999316347,0.865678719368974,,mm,,"deformed image of the line (x=parameter, 0.5, 0.5)"
1,4,midline,10x1x1,567,False,,,26,2.6,2.5616351641795267,0.49999999999396944,0.8916289155841411,,mm,,"deformed image of the line (x=parameter, 0.5, 0.5)"
1,4,midline,10x1x1,567,False,,,27,2.7,2.657950496854075,0.49999999999483946,0.9182933762161098,,mm,,"deformed image of the line (x=parameter, 0.5, 0.5)"
1,4,midline,10x1x1,567,False,,,28,2.8,2.7540722983647976,0.4999999999957735,0.9456721012648798,,mm,,"deformed image of the line (x=parameter, 0.5, 0.5)"
1,4,midline,10x1x1,567,False,,,29,2.9,2.850000568711696,0.49999999999677164,0.9737650907304511,,mm,,"deformed image of the line (x=parameter, 0.5, 0.5)"
1,4,midline,10x1x1,567,False,,,30,3.0,2.9457353078947683,0.49999999999783373,1.0025723446128239,,mm,,"deformed image of the line (x=parameter, 0.5, 0.5)"
1,4,midline,10x1x1,567,False,,,31,3.1,3.0413358626811755,0.49999999999899375,1.0319259244322645,,mm,,"deformed image of the line (x=parameter, 0.5, 0.5)"
1,4,midline,10x1x1,567,False,,,32,3.2,3.136760947893547,0.5000000000001898,1.0618000814026296,,mm,,"deformed image of the line (x=parameter, 0.5, 0.5)"
1,4,midline,10x1x1,567,False,,,33,3.3,3.232010563531881,0.5000000000014219,1.0921948155239187,,mm,,"deformed image of the line (x=parameter, 0.5, 0.5)"
1,4,midline,10x1x1,567,False,,,34,3.4,3.3270847095961775,0.50000000000269,1.123110126796132,,mm,,"deformed image of the line (x=parameter, 0.5, 0.5)"
1,4,midline,10x1x1,567,False,,,35,3.5,3.4219833860864375,0.500000000003994,1.1545460152192697,,mm,,"deformed image of the line (x=parameter, 0.5, 0.5)"
1,4,midline,10x1x1,567,False,,,36,3.6,3.5167065930026604,0.5000000000053341,1.1865024807933315,,mm,,"deformed image of the line (x=parameter, 0.5, 0.5)"
1,4,midline,10x1x1,567,False,,,37,3.7,3.611254330344847,0.5000000000067102,1.2189795235183176,,mm,,"deformed image of the line (x=parameter, 0.5, 0.5)"
1,4,midline,10x1x1,567,False,,,38,3.8,3.705626598112996,0.5000000000081223,1.2519771433942282,,mm,,"deformed image of the line (x=parameter, 0.5, 0.5)"
1,4,midline,10x1x1,567,False,,,39,3.9,3.7998233963071097,0.5000000000095705,1.285495340421063,,mm,,"deformed image of the line (x=parameter, 0.5, 0.5)"
1,4,midline,10x1x1,567,False,,,40,4.0,3.8938447249271846,0.5000000000110546,1.3195341145988215,,mm,,"deformed image of the line (x=parameter, 0.5, 0.5)"
1,4,midline,10x1x1,567,False,,,41,4.1,3.9877021170600386,0.5000000000125253,1.354060224457819,,mm,,"deformed image of the line (x=parameter, 0.5, 0.5)"
1,4,midline,10x1x1,567,False,,,42,4.2,4.081416762603237,0.5000000000139846,1.3889516324352873,,mm,,"deformed image of the line (x=parameter, 0.5, 0.5)"
1,4,midline,10x1x1,567,False,,,43,4.3,4.174988661556781,0.5000000000154325,1.4242083385312263,,mm,,"deformed image of the line (x=parameter, 0.5, 0.5)"
1,4,midline,10x1x1,567,False,,,44,4.4,4.26841781392067,0.5000000000168691,1.4598303427456365,,mm,,"deformed image of the line (x=parameter, 0.5, 0.5)"
1,4,midline,10x1x1,567,False,,,45,4.5,4.361704219694902,0.5000000000182944,1.4958176450785174,,mm,,"deformed image of the line (x=parameter, 0.5, 0.5)"
1,4,midline,10x1x1,567,False,,,46,4.6,4.45484787887948,0.5000000000197082,1.5321702455298694,,mm,,"deformed image of the line (x=parameter, 0.5, 0.5)"
1,4,midline,10x1x1,567,False,,,47,4.7,4.547848791474402,0.5000000000211109,1.568888144099692,,mm,,"deformed image of the line (x=parameter, 0.5, 0.5)"
1,4,midline,10x1x1,567,False,,,48,4.8,4.6407069574796695,0.5000000000225022,1.6059713407879856,,mm,,"deformed image of the line (x=parameter, 0.5, 0.5)"
1,4,midline,10x1x1,567,False,,,49,4.9,4.733422376895282,0.5000000000238821,1.64341983559475,,mm,,"deformed image of the line (x=parameter, 0.5, 0.5)"
1,4,midline,10x1x1,567,False,,,50,5.0,4.825995049721238,0.5000000000252507,1.6812336285199851,,mm,,"deformed image of the line (x=parameter, 0.5, 0.5)"
1,4,midline,10x1x1,567,False,,,51,5.1,4.918449959432732,0.5000000000266313,1.7193565961099262,,mm,,"deformed image of the line (x=parameter, 0.5, 0.5)"
1,4,midline,10x1x1,567,False,,,52,5.2,5.010803127707398,0.5000000000279667,1.7577171141604928,,mm,,"deformed image of the line (x=parameter, 0.5, 0.5)"
1,4,midline,10x1x1,567,False,,,53,5.3,5.103054554545236,0.5000000000292573,1.7963151826716863,,mm,,"deformed image of the line (x=parameter, 0.5, 0.5)"
1,4,midline,10x1x1,567,False,,,54,5.4,5.195204239946243,0.5000000000305028,1.8351508016435045,,mm,,"deformed image of the line (x=parameter, 0.5, 0.5)"
1,4,midline,10x1x1,567,False,,,55,5.5,5.287252183910423,0.5000000000317034,1.8742239710759498,,mm,,"deformed image of the line (x=parameter, 0.5, 0.5)"
1,4,midline,10x1x1,567,False,,,56,5.6,5.379198386437775,0.5000000000328589,1.9135346909690205,,mm,,"deformed image of the line (x=parameter, 0.5, 0.5)"
1,4,midline,10x1x1,567,False,,,57,5.7,5.471042847528297,0.5000000000339696,1.953082961322718,,mm,,"deformed image of the line (x=parameter, 0.5, 0.5)"
1,4,midline,10x1x1,567,False,,,58,5.8,5.56278556718199,0.5000000000350353,1.9928687821370406,,mm,,"deformed image of the line (x=parameter, 0.5, 0.5)"
1,4,midline,10x1x1,567,False,,,59,5.9,5.654426545398854,0.5000000000360559,2.0328921534119893,,mm,,"deformed image of the line (x=parameter, 0.5, 0.5)"
1,4,midline,10x1x1,567,False,,,60,6.0,5.7459657821788905,0.5000000000370316,2.073153075147564,,mm,,"deformed image of the line (x=parameter, 0.5, 0.5)"
1,4,midline,10x1x1,567,False,,,61,6.1,5.837419538620299,0.5000000000380078,2.113618787217826,,mm,,"deformed image of the line (x=parameter, 0.5, 0.5)"
1,4,midline,10x1x1,567,False,,,62,6.2,5.928810639997273,0.5000000000389256,2.154222859820245,,mm,,"deformed image of the line (x=parameter, 0.5, 0.5)"
1,4,midline,10x1x1,567,False,,,63,6.3,6.020139086309811,0.5000000000397851,2.194965292954821,,mm,,"deformed image of the line (x=parameter, 0.5, 0.5)"
1,4,midline,10x1x1,567,False,,,64,6.4,6.111404877557914,0.5000000000405862,2.2358460866215535,,mm,,"deformed image of the line (x=parameter, 0.5, 0.5)"
1,4,midline,10x1x1,567,False,,,65,6.5,6.202608013741584,0.5000000000413289,2.2768652408204453,,mm,,"deformed image of the line (x=parameter, 0.5, 0.5)"
1,4,midline,10x1x1,567,False,,,66,6.6,6.293748494860818,0.5000000000420133,2.3180227555514934,,mm,,"deformed image of the line (x=parameter, 0.5, 0.5)"
1,4,midline,10x1x1,567,False,,,67,6.7,6.384826320915617,0.5000000000426392,2.3593186308146987,,mm,,"deformed image of the line (x=parameter, 0.5, 0.5)"
1,4,midline,10x1x1,567,False,,,68,6.8,6.47584149190598,0.5000000000432068,2.400752866610061,,mm,,"deformed image of the line (x=parameter, 0.5, 0.5)"
1,4,midline,10x1x1,567,False,,,69,6.9,6.566794007831909,0.5000000000437159,2.442325462937581,,mm,,"deformed image of the line (x=parameter, 0.5, 0.5)"
1,4,midline,10x1x1,567,False,,,70,7.0,6.657683868693403,0.5000000000441668,2.484036419797258,,mm,,"deformed image of the line (x=parameter, 0.5, 0.5)"
1,4,midline,10x1x1,567,False,,,71,7.1,6.748523419829178,0.5000000000446255,2.5258621588515995,,mm,,"deformed image of the line (x=parameter, 0.5, 0.5)"
1,4,midline,10x1x1,567,False,,,72,7.2,6.839332628975207,0.5000000000450369,2.5677529273904125,,mm,,"deformed image of the line (x=parameter, 0.5, 0.5)"
1,4,midline,10x1x1,567,False,,,73,7.3,6.93011149613149,0.500000000045401,2.609708725413697,,mm,,"deformed image of the line (x=parameter, 0.5, 0.5)"
1,4,midline,10x1x1,567,False,,,74,7.4,7.020860021298028,0.5000000000457178,2.651729552921452,,mm,,"deformed image of the line (x=parameter, 0.5, 0.5)"
1,4,midline,10x1x1,567,False,,,75,7.5,7.11157820447482,0.5000000000459871,2.693815409913679,,mm,,"deformed image of the line (x=parameter, 0.5, 0.5)"
1,4,midline,10x1x1,567,False,,,76,7.6,7.202266045661865,0.5000000000462093,2.7359662963903766,,mm,,"deformed image of the line (x=parameter, 0.5, 0.5)"
1,4,midline,10x1x1,567,False,,,77,7.7,7.292923544859166,0.500000000046384,2.778182212351546,,mm,,"deformed image of the line (x=parameter, 0.5, 0.5)"
1,4,midline,10x1x1,567,False,,,78,7.8,7.38355070206672,0.5000000000465115,2.820463157797186,,mm,,"deformed image of the line (x=parameter, 0.5, 0.5)"
1,4,midline,10x1x1,567,False,,,79,7.9,7.474147517284527,0.5000000000465916,2.862809132727297,,mm,,"deformed image of the line (x=parameter, 0.5, 0.5)"
1,4,midline,10x1x1,567,False,,,80,8.0,7.5647139905125895,0.5000000000466245,2.90522013714188,,mm,,"deformed image of the line (x=parameter, 0.5, 0.5)"
1,4,midline,10x1x1,567,False,,,81,8.1,7.65525619375249,0.5000000000466668,2.947685128689421,,mm,,"deformed image of the line (x=parameter, 0.5, 0.5)"
1,4,midline,10x1x1,567,False,,,82,8.2,7.7457905120804575,0.500000000046688,2.9901667701086776,,mm,,"deformed image of the line (x=parameter, 0.5, 0.5)"
1,4,midline,10x1x1,567,False,,,83,8.3,7.836316945496497,0.5000000000466884,3.0326650613996513,,mm,,"deformed image of the line (x=parameter, 0.5, 0.5)"
1,4,midline,10x1x1,567,False,,,84,8.4,7.926835494000605,0.5000000000466681,3.0751800025623406,,mm,,"deformed image of the line (x=parameter, 0.5, 0.5)"
1,4,midline,10x1x1,567,False,,,85,8.5,8.017346157592781,0.5000000000466269,3.1177115935967454,,mm,,"deformed image of the line (x=parameter, 0.5, 0.5)"
1,4,midline,10x1x1,567,False,,,86,8.6,8.107848936273028,0.5000000000465649,3.1602598345028667,,mm,,"deformed image of the line (x=parameter, 0.5, 0.5)"
1,4,midline,10x1x1,567,False,,,87,8.7,8.198343830041344,0.500000000046482,3.202824725280704,,mm,,"deformed image of the line (x=parameter, 0.5, 0.5)"
1,4,midline,10x1x1,567,False,,,88,8.8,8.28883083889773,0.5000000000463783,3.2454062659302583,,mm,,"deformed image of the line (x=parameter, 0.5, 0.5)"
1,4,midline,10x1x1,567,False,,,89,8.9,8.379309962842186,0.5000000000462539,3.288004456451528,,mm,,"deformed image of the line (x=parameter, 0.5, 0.5)"
1,4,midline,10x1x1,567,False,,,90,9.0,8.469781201874708,0.5000000000461085,3.3306192968445134,,mm,,"deformed image of the line (x=parameter, 0.5, 0.5)"
1,4,midline,10x1x1,567,False,,,91,9.1,8.560243485384461,0.5000000000459631,3.373253875060105,,mm,,"deformed image of the line (x=parameter, 0.5, 0.5)"
1,4,midline,10x1x1,567,False,,,92,9.2,8.650709451451332,0.5000000000458243,3.415880586953573,,mm,,"deformed image of the line (x=parameter, 0.5, 0.5)"
1,4,midline,10x1x1,567,False,,,93,9.3,8.741179100075318,0.5000000000456922,3.4584994325249183,,mm,,"deformed image of the line (x=parameter, 0.5, 0.5)"
1,4,midline,10x1x1,567,False,,,94,9.4,8.831652431256416,0.5000000000455666,3.5011104117741385,,mm,,"deformed image of the line (x=parameter, 0.5, 0.5)"
1,4,midline,10x1x1,567,False,,,95,9.5,8.922129444994631,0.5000000000454474,3.543713524701236,,mm,,"deformed image of the line (x=parameter, 0.5, 0.5)"
1,4,midline,10x1x1,567,False,,,96,9.6,9.012610141289963,0.5000000000453348,3.58630877130621,,mm,,"deformed image of the line (x=parameter, 0.5, 0.5)"
1,4,midline,10x1x1,567,False,,,97,9.7,9.103094520142408,0.5000000000452289,3.6288961515890605,,mm,,"deformed image of the line (x=parameter, 0.5, 0.5)"
1,4,midline,10x1x1,567,False,,,98,9.8,9.193582581551972,0.5000000000451295,3.6714756655497878,,mm,,"deformed image of the line (x=parameter, 0.5, 0.5)"
1,4,midline,10x1x1,567,False,,,99,9.9,9.284074325518649,0.5000000000450366,3.714047313188392,,mm,,"deformed image of the line (x=parameter, 0.5, 0.5)"
1,4,midline,10x1x1,567,False,,,100,10.0,9.374569752042442,0.5000000000449503,3.7566110945048714,,mm,,"deformed image of the line (x=parameter, 0.5, 0.5)"
1,5,strain,10x1x1,567,False,,x,1,0.0,,,,-0.17717471586242706,percent,-0.155,"pair 1 mm apart along x, labelled by the first point x=parameter"
1,5,strain,10x1x1,567,False,,x,2,1.0,,,,-0.08984512377829823,percent,-0.1,"pair 1 mm apart along x, labelled by the first point x=parameter"
1,5,strain,10x1x1,567,False,,x,3,2.0,,,,-0.061756264461254595,percent,-0.072,"pair 1 mm apart along x, labelled by the first point x=parameter"
1,5,strain,10x1x1,567,False,,x,4,3.0,,,,-0.031193350215252824,percent,-0.036,"pair 1 mm apart along x, labelled by the first point x=parameter"
1,5,strain,10x1x1,567,False,,x,5,4.0,,,,-0.013462586983015168,percent,-0.017,"pair 1 mm apart along x, labelled by the first point x=parameter"
1,5,strain,10x1x1,567,False,,x,6,5.0,,,,-0.0026499739348984086,percent,-0.006,"pair 1 mm apart along x, labelled by the first point x=parameter"
1,5,strain,10x1x1,567,False,,x,7,6.0,,,,0.0027495716094394496,percent,0.0,"pair 1 mm apart along x, labelled by the first point x=parameter"
1,5,strain,10x1x1,567,False,,x,8,7.0,,,,0.004968158765139563,percent,0.003,"pair 1 mm apart along x, labelled by the first point x=parameter"
1,5,strain,10x1x1,567,False,,x,9,8.0,,,,0.005554953637876281,percent,0.005,"pair 1 mm apart along x, labelled by the first point x=parameter"
1,5,strain,10x1x1,567,False,,y,1,0.0,,,,0.0,percent,0.0,"pair 0.4 mm apart in y at (x=parameter, 0.5, 0.5)"
1,5,strain,10x1x1,567,False,,y,2,1.0,,,,0.09130319286974053,percent,0.38,"pair 0.4 mm apart in y at (x=parameter, 0.5, 0.5)"
1,5,strain,10x1x1,567,False,,y,3,2.0,,,,0.11954178457842524,percent,0.245,"pair 0.4 mm apart in y at (x=parameter, 0.5, 0.5)"
1,5,strain,10x1x1,567,False,,y,4,3.0,,,,0.06517802837555653,percent,0.155,"pair 0.4 mm apart in y at (x=parameter, 0.5, 0.5)"
1,5,strain,10x1x1,567,False,,y,5,4.0,,,,0.04903240090672334,percent,0.093,"pair 0.4 mm apart in y at (x=parameter, 0.5, 0.5)"
1,5,strain,10x1x1,567,False,,y,6,5.0,,,,0.03397448747892717,percent,0.058,"pair 0.4 mm apart in y at (x=parameter, 0.5, 0.5)"
1,5,strain,10x1x1,567,False,,y,7,6.0,,,,0.026832505535545614,percent,0.038,"pair 0.4 mm apart in y at (x=parameter, 0.5, 0.5)"
1,5,strain,10x1x1,567,False,,y,8,7.0,,,,0.02340789492247808,percent,0.027,"pair 0.4 mm apart in y at (x=parameter, 0.5, 0.5)"
1,5,strain,10x1x1,567,False,,y,9,8.0,,,,0.02230271177510179,percent,0.022,"pair 0.4 mm apart in y at (x=parameter, 0.5, 0.5)"
1,5,strain,10x1x1,567,False,,y,10,9.0,,,,0.02215185365372907,percent,0.02,"pair 0.4 mm apart in y at (x=parameter, 0.5, 0.5)"
1,5,strain,10x1x1,567,False,,z,1,0.0,,,,0.0,percent,0.0,"pair 0.4 mm apart in z at (x=parameter, 0.5, 0.5)"
1,5,strain,10x1x1,567,False,,z,2,1.0,,,,1.480959472243626,percent,0.905,"pair 0.4 mm apart in z at (x=parameter, 0.5, 0.5)"
1,5,strain,10x1x1,567,False,,z,3,2.0,,,,0.6982056920266322,percent,0.72,"pair 0.4 mm apart in z at (x=parameter, 0.5, 0.5)"
1,5,strain,10x1x1,567,False,,z,4,3.0,,,,0.7039953903091201,percent,0.55,"pair 0.4 mm apart in z at (x=parameter, 0.5, 0.5)"
1,5,strain,10x1x1,567,False,,z,5,4.0,,,,0.474544055155679,percent,0.415,"pair 0.4 mm apart in z at (x=parameter, 0.5, 0.5)"
1,5,strain,10x1x1,567,False,,z,6,5.0,,,,0.345103743288222,percent,0.3,"pair 0.4 mm apart in z at (x=parameter, 0.5, 0.5)"
1,5,strain,10x1x1,567,False,,z,7,6.0,,,,0.21994600302674971,percent,0.2,"pair 0.4 mm apart in z at (x=parameter, 0.5, 0.5)"
1,5,strain,10x1x1,567,False,,z,8,7.0,,,,0.12757719262137535,percent,0.115,"pair 0.4 mm apart in z at (x=parameter, 0.5, 0.5)"
1,5,strain,10x1x1,567,False,,z,9,8.0,,,,0.06027164026609633,percent,0.05,"pair 0.4 mm apart in z at (x=parameter, 0.5, 0.5)"
1,5,strain,10x1x1,567,False,,z,10,9.0,,,,0.018732141363186905,percent,0.005,"pair 0.4 mm apart in z at (x=parameter, 0.5, 0.5)"
1,3,tip_z,20x2x2,3075,False,,,,,,,,4.16104846822077,mm,4.17,"deformed z of the point (10, 0.5, 1); reference = consensus"
1,4,midline,20x2x2,3075,False,,,0,0.0,0.0,0.5,0.5,,mm,,"deformed image of the line (x=parameter, 0.5, 0.5)"
1,4,midline,20x2x2,3075,False,,,1,0.1,0.09990287609503154,0.5000000000029557,0.49906728783227633,,mm,,"deformed image of the line (x=parameter, 0.5, 0.5)"
1,4,midline,20x2x2,3075,False,,,2,0.2,0.19976759098939928,0.500000000005123,0.5004398931045317,,mm,,"deformed image of the line (x=parameter, 0.5, 0.5)"
1,4,midline,20x2x2,3075,False,,,3,0.3,0.2995941446831034,0.5000000000065018,0.5041178158167664,,mm,,"deformed image of the line (x=parameter, 0.5, 0.5)"
1,4,midline,20x2x2,3075,False,,,4,0.4,0.39938253717614375,0.5000000000070919,0.5101010559689803,,mm,,"deformed image of the line (x=parameter, 0.5, 0.5)"
1,4,midline,20x2x2,3075,False,,,5,0.5,0.49913276846852034,0.5000000000068936,0.5183896135611732,,mm,,"deformed image of the line (x=parameter, 0.5, 0.5)"
1,4,midline,20x2x2,3075,False,,,6,0.6,0.5987470275324255,0.5000000000068038,0.5251408332207086,,mm,,"deformed image of the line (x=parameter, 0.5, 0.5)"
1,4,midline,20x2x2,3075,False,,,7,0.7,0.698271571951486,0.5000000000063498,0.5331930991992269,,mm,,"deformed image of the line (x=parameter, 0.5, 0.5)"
1,4,midline,20x2x2,3075,False,,,8,0.8,0.7977064017257023,0.5000000000055317,0.5425464114967278,,mm,,"deformed image of the line (x=parameter, 0.5, 0.5)"
1,4,midline,20x2x2,3075,False,,,9,0.9,0.8970515168550739,0.5000000000043496,0.5532007701132116,,mm,,"deformed image of the line (x=parameter, 0.5, 0.5)"
1,4,midline,20x2x2,3075,False,,,10,1.0,0.9963069173396013,0.5000000000028032,0.5651561750486782,,mm,,"deformed image of the line (x=parameter, 0.5, 0.5)"
1,4,midline,20x2x2,3075,False,,,11,1.1,1.09542638979273,0.5000000000008167,0.5776106469532315,,mm,,"deformed image of the line (x=parameter, 0.5, 0.5)"
1,4,midline,20x2x2,3075,False,,,12,1.2,1.1944095088425009,0.4999999999985649,0.5911107138942564,,mm,,"deformed image of the line (x=parameter, 0.5, 0.5)"
1,4,midline,20x2x2,3075,False,,,13,1.3,1.293256274488914,0.49999999999604816,0.605656375871753,,mm,,"deformed image of the line (x=parameter, 0.5, 0.5)"
1,4,midline,20x2x2,3075,False,,,14,1.4,1.3919666867319695,0.4999999999932662,0.6212476328857213,,mm,,"deformed image of the line (x=parameter, 0.5, 0.5)"
1,4,midline,20x2x2,3075,False,,,15,1.5,1.490540745571667,0.4999999999902191,0.6378844849361611,,mm,,"deformed image of the line (x=parameter, 0.5, 0.5)"
1,4,midline,20x2x2,3075,False,,,16,1.6,1.588925064448468,0.499999999986845,0.6553237584786231,,mm,,"deformed image of the line (x=parameter, 0.5, 0.5)"
1,4,midline,20x2x2,3075,False,,,17,1.7,1.687149020174137,0.4999999999833157,0.6736515006855898,,mm,,"deformed image of the line (x=parameter, 0.5, 0.5)"
1,4,midline,20x2x2,3075,False,,,18,1.8,1.785212612748674,0.4999999999796311,0.6928677115570613,,mm,,"deformed image of the line (x=parameter, 0.5, 0.5)"
1,4,midline,20x2x2,3075,False,,,19,1.9,1.8831158421720806,0.49999999997579136,0.7129723910930374,,mm,,"deformed image of the line (x=parameter, 0.5, 0.5)"
1,4,midline,20x2x2,3075,False,,,20,2.0,1.9808587084443552,0.49999999997179634,0.7339655392935186,,mm,,"deformed image of the line (x=parameter, 0.5, 0.5)"
1,4,midline,20x2x2,3075,False,,,21,2.1,2.078393155180756,0.4999999999676159,0.7557379118731061,,mm,,"deformed image of the line (x=parameter, 0.5, 0.5)"
1,4,midline,20x2x2,3075,False,,,22,2.2,2.1757538750201904,0.49999999996337663,0.7782820281011843,,mm,,"deformed image of the line (x=parameter, 0.5, 0.5)"
1,4,midline,20x2x2,3075,False,,,23,2.3,2.272940867962659,0.4999999999590787,0.8015978879777531,,mm,,"deformed image of the line (x=parameter, 0.5, 0.5)"
1,4,midline,20x2x2,3075,False,,,24,2.4,2.369954134008162,0.49999999995472216,0.8256854915028128,,mm,,"deformed image of the line (x=parameter, 0.5, 0.5)"
1,4,midline,20x2x2,3075,False,,,25,2.5,2.466793673156698,0.49999999995030686,0.850544838676363,,mm,,"deformed image of the line (x=parameter, 0.5, 0.5)"
1,4,midline,20x2x2,3075,False,,,26,2.6,2.5634225911219217,0.49999999994581223,0.8760946521485251,,mm,,"deformed image of the line (x=parameter, 0.5, 0.5)"
1,4,midline,20x2x2,3075,False,,,27,2.7,2.659874371281639,0.4999999999413412,0.9023127458662874,,mm,,"deformed image of the line (x=parameter, 0.5, 0.5)"
1,4,midline,20x2x2,3075,False,,,28,2.8,2.756149013635851,0.4999999999368937,0.9291991198296501,,mm,,"deformed image of the line (x=parameter, 0.5, 0.5)"
1,4,midline,20x2x2,3075,False,,,29,2.9,2.8522465181845575,0.4999999999324699,0.956753774038613,,mm,,"deformed image of the line (x=parameter, 0.5, 0.5)"
1,4,midline,20x2x2,3075,False,,,30,3.0,2.948166884927758,0.4999999999280697,0.9849767084931759,,mm,,"deformed image of the line (x=parameter, 0.5, 0.5)"
1,4,midline,20x2x2,3075,False,,,31,3.1,3.043884649222482,0.49999999992366817,1.013795647770227,,mm,,"deformed image of the line (x=parameter, 0.5, 0.5)"
1,4,midline,20x2x2,3075,False,,,32,3.2,3.139429971627887,0.49999999991935556,1.0431881696056318,,mm,,"deformed image of the line (x=parameter, 0.5, 0.5)"
1,4,midline,20x2x2,3075,False,,,33,3.3,3.2348028521439716,0.49999999991513194,1.07315427399939,,mm,,"deformed image of the line (x=parameter, 0.5, 0.5)"
1,4,midline,20x2x2,3075,False,,,34,3.4,3.3300032907707378,0.4999999999109973,1.1036939609515022,,mm,,"deformed image of the line (x=parameter, 0.5, 0.5)"
1,4,midline,20x2x2,3075,False,,,35,3.5,3.4250312875081836,0.4999999999069516,1.1348072304619676,,mm,,"deformed image of the line (x=parameter, 0.5, 0.5)"
1,4,midline,20x2x2,3075,False,,,36,3.6,3.5198713705309492,0.49999999990296107,1.166427435747751,,mm,,"deformed image of the line (x=parameter, 0.5, 0.5)"
1,4,midline,20x2x2,3075,False,,,37,3.7,3.614549830772646,0.49999999989910726,1.198534477700304,,mm,,"deformed image of the line (x=parameter, 0.5, 0.5)"
1,4,midline,20x2x2,3075,False,,,38,3.8,3.709066668233273,0.4999999998953904,1.2311283563196258,,mm,,"deformed image of the line (x=parameter, 0.5, 0.5)"
1,4,midline,20x2x2,3075,False,,,39,3.9,3.803421882912831,0.49999999989181043,1.2642090716057173,,mm,,"deformed image of the line (x=parameter, 0.5, 0.5)"
1,4,midline,20x2x2,3075,False,,,40,4.0,3.897615474811319,0.49999999988836713,1.2977766235585775,,mm,,"deformed image of the line (x=parameter, 0.5, 0.5)"
1,4,midline,20x2x2,3075,False,,,41,4.1,3.9916401617006065,0.4999999998850176,1.3317695093643451,,mm,,"deformed image of the line (x=parameter, 0.5, 0.5)"
1,4,midline,20x2x2,3075,False,,,42,4.2,4.085518323974827,0.499999999881836,1.3661702410230416,,mm,,"deformed image of the line (x=parameter, 0.5, 0.5)"
1,4,midline,20x2x2,3075,False,,,43,4.3,4.179249961633984,0.49999999987882254,1.400978818534667,,mm,,"deformed image of the line (x=parameter, 0.5, 0.5)"
1,4,midline,20x2x2,3075,False,,,44,4.4,4.2728350746780785,0.4999999998759771,1.436195241899222,,mm,,"deformed image of the line (x=parameter, 0.5, 0.5)"
1,4,midline,20x2x2,3075,False,,,45,4.5,4.3662736631071075,0.4999999998732996,1.4718195111167058,,mm,,"deformed image of the line (x=parameter, 0.5, 0.5)"
1,4,midline,20x2x2,3075,False,,,46,4.6,4.4595648995018635,0.49999999987073845,1.5077951866375099,,mm,,"deformed image of the line (x=parameter, 0.5, 0.5)"
1,4,midline,20x2x2,3075,False,,,47,4.7,4.5527273943940205,0.49999999986836174,1.5441073065085873,,mm,,"deformed image of the line (x=parameter, 0.5, 0.5)"
1,4,midline,20x2x2,3075,False,,,48,4.8,4.645761147783577,0.49999999986616944,1.580755870729939,,mm,,"deformed image of the line (x=parameter, 0.5, 0.5)"
1,4,midline,20x2x2,3075,False,,,49,4.9,4.738666159670535,0.49999999986416155,1.6177408793015635,,mm,,"deformed image of the line (x=parameter, 0.5, 0.5)"
1,4,midline,20x2x2,3075,False,,,50,5.0,4.831442430054892,0.49999999986233795,1.6550623322234617,,mm,,"deformed image of the line (x=parameter, 0.5, 0.5)"
1,4,midline,20x2x2,3075,False,,,51,5.1,4.924094032353914,0.49999999986063953,1.692668727208682,,mm,,"deformed image of the line (x=parameter, 0.5, 0.5)"
1,4,midline,20x2x2,3075,False,,,52,5.2,5.016636025397325,0.49999999985912874,1.7305475415945362,,mm,,"deformed image of the line (x=parameter, 0.5, 0.5)"
1,4,midline,20x2x2,3075,False,,,53,5.3,5.109068409185128,0.4999999998578056,1.7686987753810253,,mm,,"deformed image of the line (x=parameter, 0.5, 0.5)"
1,4,midline,20x2x2,3075,False,,,54,5.4,5.20139118371732,0.4999999998566701,1.807122428568147,,mm,,"deformed image of the line (x=parameter, 0.5, 0.5)"
1,4,midline,20x2x2,3075,False,,,55,5.5,5.2936043489939015,0.4999999998557223,1.845818501155904,,mm,,"deformed image of the line (x=parameter, 0.5, 0.5)"
1,4,midline,20x2x2,3075,False,,,56,5.6,5.385715529052345,0.49999999985489685,1.884740217196471,,mm,,"deformed image of the line (x=parameter, 0.5, 0.5)"
1,4,midline,20x2x2,3075,False,,,57,5.7,5.477736487462985,0.4999999998542516,1.9238774617245784,,mm,,"deformed image of the line (x=parameter, 0.5, 0.5)"
1,4,midline,20x2x2,3075,False,,,58,5.8,5.569667224225817,0.49999999985378635,1.9632302347402257,,mm,,"deformed image of the line (x=parameter, 0.5, 0.5)"
1,4,midline,20x2x2,3075,False,,,59,5.9,5.661507739340844,0.4999999998535012,2.0027985362434135,,mm,,"deformed image of the line (x=parameter, 0.5, 0.5)"
1,4,midline,20x2x2,3075,False,,,60,6.0,5.753258032808067,0.49999999985339616,2.0425823662341425,,mm,,"deformed image of the line (x=parameter, 0.5, 0.5)"
1,4,midline,20x2x2,3075,False,,,61,6.1,5.84492812779733,0.4999999998534013,2.0825394109727315,,mm,,"deformed image of the line (x=parameter, 0.5, 0.5)"
1,4,midline,20x2x2,3075,False,,,62,6.2,5.936526767907068,0.49999999985357035,2.1226619833699387,,mm,,"deformed image of the line (x=parameter, 0.5, 0.5)"
1,4,midline,20x2x2,3075,False,,,63,6.3,6.0280539531372845,0.49999999985390353,2.1629500834257653,,mm,,"deformed image of the line (x=parameter, 0.5, 0.5)"
1,4,midline,20x2x2,3075,False,,,64,6.4,6.119509683487975,0.4999999998544008,2.2034037111402096,,mm,,"deformed image of the line (x=parameter, 0.5, 0.5)"
1,4,midline,20x2x2,3075,False,,,65,6.5,6.210893958959146,0.49999999985506205,2.2440228665132738,,mm,,"deformed image of the line (x=parameter, 0.5, 0.5)"
1,4,midline,20x2x2,3075,False,,,66,6.6,6.302218235790843,0.4999999998558133,2.284769414989797,,mm,,"deformed image of the line (x=parameter, 0.5, 0.5)"
1,4,midline,20x2x2,3075,False,,,67,6.7,6.393488518722164,0.4999999998567056,2.3256381562473134,,mm,,"deformed image of the line (x=parameter, 0.5, 0.5)"
1,4,midline,20x2x2,3075,False,,,68,6.8,6.484704807753109,0.4999999998577393,2.3666290902858216,,mm,,"deformed image of the line (x=parameter, 0.5, 0.5)"
1,4,midline,20x2x2,3075,False,,,69,6.9,6.575867102883681,0.4999999998589141,2.4077422171053247,,mm,,"deformed image of the line (x=parameter, 0.5, 0.5)"
1,4,midline,20x2x2,3075,False,,,70,7.0,6.666975404113878,0.49999999986023014,2.4489775367058204,,mm,,"deformed image of the line (x=parameter, 0.5, 0.5)"
1,4,midline,20x2x2,3075,False,,,71,7.1,6.758041804281546,0.49999999986161126,2.49030081831997,,mm,,"deformed image of the line (x=parameter, 0.5, 0.5)"
1,4,midline,20x2x2,3075,False,,,72,7.2,6.849069845941105,0.4999999998631064,2.5317094323686966,,mm,,"deformed image of the line (x=parameter, 0.5, 0.5)"
1,4,midline,20x2x2,3075,False,,,73,7.3,6.940059529092558,0.4999999998647155,2.5732033788520017,,mm,,"deformed image of the line (x=parameter, 0.5, 0.5)"
1,4,midline,20x2x2,3075,False,,,74,7.4,7.031010853735906,0.4999999998664386,2.6147826577698847,,mm,,"deformed image of the line (x=parameter, 0.5, 0.5)"
1,4,midline,20x2x2,3075,False,,,75,7.5,7.121923819871146,0.4999999998682758,2.656447269122345,,mm,,"deformed image of the line (x=parameter, 0.5, 0.5)"
1,4,midline,20x2x2,3075,False,,,76,7.6,7.2128105134031175,0.49999999987015,2.6981666376723297,,mm,,"deformed image of the line (x=parameter, 0.5, 0.5)"
1,4,midline,20x2x2,3075,False,,,77,7.7,7.303672278793814,0.49999999987210897,2.739940799449362,,mm,,"deformed image of the line (x=parameter, 0.5, 0.5)"
1,4,midline,20x2x2,3075,False,,,78,7.8,7.394509116043233,0.4999999998741527,2.781769754453441,,mm,,"deformed image of the line (x=parameter, 0.5, 0.5)"
1,4,midline,20x2x2,3075,False,,,79,7.9,7.485321025151373,0.4999999998762812,2.823653502684568,,mm,,"deformed image of the line (x=parameter, 0.5, 0.5)"
1,4,midline,20x2x2,3075,False,,,80,8.0,7.576108006118238,0.4999999998784944,2.8655920441427414,,mm,,"deformed image of the line (x=parameter, 0.5, 0.5)"
1,4,midline,20x2x2,3075,False,,,81,8.1,7.666881626217681,0.4999999998807167,2.9075582617815936,,mm,,"deformed image of the line (x=parameter, 0.5, 0.5)"
1,4,midline,20x2x2,3075,False,,,82,8.2,7.757641283848976,0.4999999998829951,2.9495549328804627,,mm,,"deformed image of the line (x=parameter, 0.5, 0.5)"
1,4,midline,20x2x2,3075,False,,,83,8.3,7.848386979012122,0.4999999998853297,2.991582057439351,,mm,,"deformed image of the line (x=parameter, 0.5, 0.5)"
1,4,midline,20x2x2,3075,False,,,84,8.4,7.939118711707116,0.4999999998877204,3.0336396354582558,,mm,,"deformed image of the line (x=parameter, 0.5, 0.5)"
1,4,midline,20x2x2,3075,False,,,85,8.5,8.02983648193396,0.49999999989016725,3.0757276669371785,,mm,,"deformed image of the line (x=parameter, 0.5, 0.5)"
1,4,midline,20x2x2,3075,False,,,86,8.6,8.120550922958921,0.4999999998925973,3.1178223981394435,,mm,,"deformed image of the line (x=parameter, 0.5, 0.5)"
1,4,midline,20x2x2,3075,False,,,87,8.7,8.211259739814025,0.4999999998950577,3.1599293495617458,,mm,,"deformed image of the line (x=parameter, 0.5, 0.5)"
1,4,midline,20x2x2,3075,False,,,88,8.8,8.301962932499274,0.49999999989754895,3.2020485212040857,,mm,,"deformed image of the line (x=parameter, 0.5, 0.5)"
1,4,midline,20x2x2,3075,False,,,89,8.9,8.392660501014664,0.4999999999000707,3.2441799130664633,,mm,,"deformed image of the line (x=parameter, 0.5, 0.5)"
1,4,midline,20x2x2,3075,False,,,90,9.0,8.483352445360193,0.499999999902623,3.2863235251488776,,mm,,"deformed image of the line (x=parameter, 0.5, 0.5)"
1,4,midline,20x2x2,3075,False,,,91,9.1,8.574048178653397,0.49999999990513616,3.3284588772718484,,mm,,"deformed image of the line (x=parameter, 0.5, 0.5)"
1,4,midline,20x2x2,3075,False,,,92,9.2,8.664743828030327,0.49999999990766103,3.3705944310252827,,mm,,"deformed image of the line (x=parameter, 0.5, 0.5)"
1,4,midline,20x2x2,3075,False,,,93,9.3,8.755439393490986,0.4999999999101975,3.4127301864091826,,mm,,"deformed image of the line (x=parameter, 0.5, 0.5)"
1,4,midline,20x2x2,3075,False,,,94,9.4,8.846134875035373,0.4999999999127457,3.4548661434235455,,mm,,"deformed image of the line (x=parameter, 0.5, 0.5)"
1,4,midline,20x2x2,3075,False,,,95,9.5,8.936830272663487,0.49999999991530547,3.497002302068373,,mm,,"deformed image of the line (x=parameter, 0.5, 0.5)"
1,4,midline,20x2x2,3075,False,,,96,9.6,9.02753334968524,0.49999999991781136,3.539121945065455,,mm,,"deformed image of the line (x=parameter, 0.5, 0.5)"
1,4,midline,20x2x2,3075,False,,,97,9.7,9.118239519482161,0.499999999920315,3.58123492164676,,mm,,"deformed image of the line (x=parameter, 0.5, 0.5)"
1,4,midline,20x2x2,3075,False,,,98,9.8,9.208948782054252,0.49999999992281635,3.6233412318122897,,mm,,"deformed image of the line (x=parameter, 0.5, 0.5)"
1,4,midline,20x2x2,3075,False,,,99,9.9,9.299661137401511,0.4999999999253153,3.665440875562042,,mm,,"deformed image of the line (x=parameter, 0.5, 0.5)"
1,4,midline,20x2x2,3075,False,,,100,10.0,9.390376585523939,0.4999999999278119,3.7075338528960167,,mm,,"deformed image of the line (x=parameter, 0.5, 0.5)"
1,5,strain,20x2x2,3075,False,,x,1,0.0,,,,-0.1564823994209874,percent,-0.155,"pair 1 mm apart along x, labelled by the first point x=parameter"
1,5,strain,20x2x2,3075,False,,x,2,1.0,,,,-0.10811690510954541,percent,-0.1,"pair 1 mm apart along x, labelled by the first point x=parameter"
1,5,strain,20x2x2,3075,False,,x,3,2.0,,,,-0.06543564138459246,percent,-0.072,"pair 1 mm apart along x, labelled by the first point x=parameter"
1,5,strain,20x2x2,3075,False,,x,4,3.0,,,,-0.03518560529381931,percent,-0.036,"pair 1 mm apart along x, labelled by the first point x=parameter"
1,5,strain,20x2x2,3075,False,,x,5,4.0,,,,-0.015708235960854022,percent,-0.017,"pair 1 mm apart along x, labelled by the first point x=parameter"
1,5,strain,20x2x2,3075,False,,x,6,5.0,,,,-0.0042109767196985,percent,-0.006,"pair 1 mm apart along x, labelled by the first point x=parameter"
1,5,strain,20x2x2,3075,False,,x,7,6.0,,,,0.001823443810544667,percent,0.0,"pair 1 mm apart along x, labelled by the first point x=parameter"
1,5,strain,20x2x2,3075,False,,x,8,7.0,,,,0.004486691054306213,percent,0.003,"pair 1 mm apart along x, labelled by the first point x=parameter"
1,5,strain,20x2x2,3075,False,,x,9,8.0,,,,0.005372437937878338,percent,0.005,"pair 1 mm apart along x, labelled by the first point x=parameter"
1,5,strain,20x2x2,3075,False,,y,1,0.0,,,,0.0,percent,0.0,"pair 0.4 mm apart in y at (x=parameter, 0.5, 0.5)"
1,5,strain,20x2x2,3075,False,,y,2,1.0,,,,0.3957110911461337,percent,0.38,"pair 0.4 mm apart in y at (x=parameter, 0.5, 0.5)"
1,5,strain,20x2x2,3075,False,,y,3,2.0,,,,0.25881683543174105,percent,0.245,"pair 0.4 mm apart in y at (x=parameter, 0.5, 0.5)"
1,5,strain,20x2x2,3075,False,,y,4,3.0,,,,0.16205529738313462,percent,0.155,"pair 0.4 mm apart in y at (x=parameter, 0.5, 0.5)"
1,5,strain,20x2x2,3075,False,,y,5,4.0,,,,0.0985601140297776,percent,0.093,"pair 0.4 mm apart in y at (x=parameter, 0.5, 0.5)"
1,5,strain,20x2x2,3075,False,,y,6,5.0,,,,0.05953773672300322,percent,0.058,"pair 0.4 mm apart in y at (x=parameter, 0.5, 0.5)"
1,5,strain,20x2x2,3075,False,,y,7,6.0,,,,0.03784774001829305,percent,0.038,"pair 0.4 mm apart in y at (x=parameter, 0.5, 0.5)"
1,5,strain,20x2x2,3075,False,,y,8,7.0,,,,0.027394888152443286,percent,0.027,"pair 0.4 mm apart in y at (x=parameter, 0.5, 0.5)"
1,5,strain,20x2x2,3075,False,,y,9,8.0,,,,0.02337329793464793,percent,0.022,"pair 0.4 mm apart in y at (x=parameter, 0.5, 0.5)"
1,5,strain,20x2x2,3075,False,,y,10,9.0,,,,0.022338679940792083,percent,0.02,"pair 0.4 mm apart in y at (x=parameter, 0.5, 0.5)"
1,5,strain,20x2x2,3075,False,,z,1,0.0,,,,0.0,percent,0.0,"pair 0.4 mm apart in z at (x=parameter, 0.5, 0.5)"
1,5,strain,20x2x2,3075,False,,z,2,1.0,,,,0.7790516656414948,percent,0.905,"pair 0.4 mm apart in z at (x=parameter, 0.5, 0.5)"
1,5,strain,20x2x2,3075,False,,z,3,2.0,,,,0.7233181693667268,percent,0.72,"pair 0.4 mm apart in z at (x=parameter, 0.5, 0.5)"
1,5,strain,20x2x2,3075,False,,z,4,3.0,,,,0.5748558960622319,percent,0.55,"pair 0.4 mm apart in z at (x=parameter, 0.5, 0.5)"
1,5,strain,20x2x2,3075,False,,z,5,4.0,,,,0.4312651491979347,percent,0.415,"pair 0.4 mm apart in z at (x=parameter, 0.5, 0.5)"
1,5,strain,20x2x2,3075,False,,z,6,5.0,,,,0.302077814134738,percent,0.3,"pair 0.4 mm apart in z at (x=parameter, 0.5, 0.5)"
1,5,strain,20x2x2,3075,False,,z,7,6.0,,,,0.19135739591817913,percent,0.2,"pair 0.4 mm apart in z at (x=parameter, 0.5, 0.5)"
1,5,strain,20x2x2,3075,False,,z,8,7.0,,,,0.1022105615845259,percent,0.115,"pair 0.4 mm apart in z at (x=parameter, 0.5, 0.5)"
1,5,strain,20x2x2,3075,False,,z,9,8.0,,,,0.036945293638424026,percent,0.05,"pair 0.4 mm apart in z at (x=parameter, 0.5, 0.5)"
1,5,strain,20x2x2,3075,False,,z,10,9.0,,,,-0.002760111515998087,percent,0.005,"pair 0.4 mm apart in z at (x=parameter, 0.5, 0.5)"
1,3,tip_z,30x3x3,8967,False,,,,,,,,4.163250500592447,mm,4.17,"deformed z of the point (10, 0.5, 1); reference = consensus"
1,4,midline,30x3x3,8967,False,,,0,0.0,0.0,0.5,0.5,,mm,,"deformed image of the line (x=parameter, 0.5, 0.5)"
1,4,midline,30x3x3,8967,False,,,1,0.1,0.09997444738433103,0.5000000000012317,0.4995101832448614,,mm,,"deformed image of the line (x=parameter, 0.5, 0.5)"
1,4,midline,30x3x3,8967,False,,,2,0.2,0.19986904373564754,0.5000000000020585,0.5012339284659408,,mm,,"deformed image of the line (x=parameter, 0.5, 0.5)"
1,4,midline,30x3x3,8967,False,,,3,0.3,0.2996837890539495,0.5000000000024806,0.5051712356632381,,mm,,"deformed image of the line (x=parameter, 0.5, 0.5)"
1,4,midline,30x3x3,8967,False,,,4,0.4,0.399433770825267,0.5000000000025178,0.5107868981555517,,mm,,"deformed image of the line (x=parameter, 0.5, 0.5)"
1,4,midline,30x3x3,8967,False,,,5,0.5,0.4991177505600603,0.5000000000023023,0.5172770877827956,,mm,,"deformed image of the line (x=parameter, 0.5, 0.5)"
1,4,midline,30x3x3,8967,False,,,6,0.6,0.5987294455660096,0.5000000000018523,0.5246951215854334,,mm,,"deformed image of the line (x=parameter, 0.5, 0.5)"
1,4,midline,30x3x3,8967,False,,,7,0.7,0.698274167647678,0.5000000000011673,0.5331012669913261,,mm,,"deformed image of the line (x=parameter, 0.5, 0.5)"
1,4,midline,30x3x3,8967,False,,,8,0.8,0.7977319421709252,0.5000000000002502,0.542628366869901,,mm,,"deformed image of the line (x=parameter, 0.5, 0.5)"
1,4,midline,30x3x3,8967,False,,,9,0.9,0.8970795023072722,0.49999999999910427,0.5531921740862187,,mm,,"deformed image of the line (x=parameter, 0.5, 0.5)"
1,4,midline,30x3x3,8967,False,,,10,1.0,0.9963168480567188,0.4999999999977294,0.5647926886402788,,mm,,"deformed image of the line (x=parameter, 0.5, 0.5)"
1,4,midline,30x3x3,8967,False,,,11,1.1,1.0954391448945136,0.49999999999614675,0.5774394722894287,,mm,,"deformed image of the line (x=parameter, 0.5, 0.5)"
1,4,midline,30x3x3,8967,False,,,12,1.2,1.1944220021972598,0.4999999999943748,0.5910805066993294,,mm,,"deformed image of the line (x=parameter, 0.5, 0.5)"
1,4,midline,30x3x3,8967,False,,,13,1.3,1.293265419964958,0.49999999999241335,0.6057157918699809,,mm,,"deformed image of the line (x=parameter, 0.5, 0.5)"
1,4,midline,30x3x3,8967,False,,,14,1.4,1.3919702314513436,0.49999999999027195,0.6213362084791534,,mm,,"deformed image of the line (x=parameter, 0.5, 0.5)"
1,4,midline,30x3x3,8967,False,,,15,1.5,1.490518612801581,0.49999999998798655,0.637889530831222,,mm,,"deformed image of the line (x=parameter, 0.5, 0.5)"
1,4,midline,30x3x3,8967,False,,,16,1.6,1.5889066659432087,0.49999999998556066,0.6553689615159541,,mm,,"deformed image of the line (x=parameter, 0.5, 0.5)"
1,4,midline,30x3x3,8967,False,,,17,1.7,1.6871363071534105,0.499999999982995,0.6737717503311201,,mm,,"deformed image of the line (x=parameter, 0.5, 0.5)"
1,4,midline,30x3x3,8967,False,,,18,1.8,1.785200199752465,0.4999999999803219,0.6930467254255577,,mm,,"deformed image of the line (x=parameter, 0.5, 0.5)"
1,4,midline,30x3x3,8967,False,,,19,1.9,1.8830898847075561,0.49999999997755606,0.7131751763792598,,mm,,"deformed image of the line (x=parameter, 0.5, 0.5)"
1,4,midline,30x3x3,8967,False,,,20,2.0,1.980805362018683,0.49999999997469735,0.7341571031922259,,mm,,"deformed image of the line (x=parameter, 0.5, 0.5)"
1,4,midline,30x3x3,8967,False,,,21,2.1,2.078350037424424,0.4999999999717591,0.7559591523562902,,mm,,"deformed image of the line (x=parameter, 0.5, 0.5)"
1,4,midline,30x3x3,8967,False,,,22,2.2,2.175712421683925,0.4999999999687722,0.7785428695433615,,mm,,"deformed image of the line (x=parameter, 0.5, 0.5)"
1,4,midline,30x3x3,8967,False,,,23,2.3,2.2728925147971872,0.49999999996573663,0.8019082547534403,,mm,,"deformed image of the line (x=parameter, 0.5, 0.5)"
1,4,midline,30x3x3,8967,False,,,24,2.4,2.369894029245696,0.4999999999626532,0.8260413896730161,,mm,,"deformed image of the line (x=parameter, 0.5, 0.5)"
1,4,midline,30x3x3,8967,False,,,25,2.5,2.466712450973316,0.49999999995955463,0.8508914994391494,,mm,,"deformed image of the line (x=parameter, 0.5, 0.5)"
1,4,midline,30x3x3,8967,False,,,26,2.6,2.5633453921762266,0.49999999995644695,0.8764539964046567,,mm,,"deformed image of the line (x=parameter, 0.5, 0.5)"
1,4,midline,30x3x3,8967,False,,,27,2.7,2.6597948386134362,0.4999999999533274,0.9027259067384246,,mm,,"deformed image of the line (x=parameter, 0.5, 0.5)"
1,4,midline,30x3x3,8967,False,,,28,2.8,2.7560633985821026,0.4999999999502158,0.9296601535045139,,mm,,"deformed image of the line (x=parameter, 0.5, 0.5)"
1,4,midline,30x3x3,8967,False,,,29,2.9,2.8521474118332844,0.4999999999471295,0.9572406328127381,,mm,,"deformed image of the line (x=parameter, 0.5, 0.5)"
1,4,midline,30x3x3,8967,False,,,30,3.0,2.948046878366981,0.4999999999440684,0.9854673446630964,,mm,,"deformed image of the line (x=parameter, 0.5, 0.5)"
1,4,midline,30x3x3,8967,False,,,31,3.1,3.043768994272998,0.49999999994103017,1.0143109139295778,,mm,,"deformed image of the line (x=parameter, 0.5, 0.5)"
1,4,midline,30x3x3,8967,False,,,32,3.2,3.1393109189221065,0.4999999999380453,1.0437379178724884,,mm,,"deformed image of the line (x=parameter, 0.5, 0.5)"
1,4,midline,30x3x3,8967,False,,,33,3.3,3.2346726523143072,0.49999999993511407,1.0737483564918282,,mm,,"deformed image of the line (x=parameter, 0.5, 0.5)"
1,4,midline,30x3x3,8967,False,,,34,3.4,3.329858644858374,0.499999999932229,1.1043303275387077,,mm,,"deformed image of the line (x=parameter, 0.5, 0.5)"
1,4,midline,30x3x3,8967,False,,,35,3.5,3.4248726165138415,0.49999999992941246,1.1354403201638967,,mm,,"deformed image of the line (x=parameter, 0.5, 0.5)"
1,4,midline,30x3x3,8967,False,,,36,3.6,3.5197135311091063,0.49999999992667155,1.167074393097106,,mm,,"deformed image of the line (x=parameter, 0.5, 0.5)"
1,4,midline,30x3x3,8967,False,,,37,3.7,3.6143831208602437,0.49999999992400085,1.1992300488014975,,mm,,"deformed image of the line (x=parameter, 0.5, 0.5)"
1,4,midline,30x3x3,8967,False,,,38,3.8,3.7088893368661804,0.49999999992140515,1.2318675276502558,,mm,,"deformed image of the line (x=parameter, 0.5, 0.5)"
1,4,midline,30x3x3,8967,False,,,39,3.9,3.8032318241361955,0.4999999999189007,1.264973193672069,,mm,,"deformed image of the line (x=parameter, 0.5, 0.5)"
1,4,midline,30x3x3,8967,False,,,40,4.0,3.897410582670288,0.49999999991648747,1.298547046866937,,mm,,"deformed image of the line (x=parameter, 0.5, 0.5)"
1,4,midline,30x3x3,8967,False,,,41,4.1,3.9914341611582884,0.4999999999141507,1.3325645630877723,,mm,,"deformed image of the line (x=parameter, 0.5, 0.5)"
1,4,midline,30x3x3,8967,False,,,42,4.2,4.085305006868291,0.49999999991191446,1.3669978123635962,,mm,,"deformed image of the line (x=parameter, 0.5, 0.5)"
1,4,midline,30x3x3,8967,False,,,43,4.3,4.179023119800292,0.4999999999097791,1.4018467946944093,,mm,,"deformed image of the line (x=parameter, 0.5, 0.5)"
1,4,midline,30x3x3,8967,False,,,44,4.4,4.272592890878903,0.49999999990773214,1.437101658626837,,mm,,"deformed image of the line (x=parameter, 0.5, 0.5)"
1,4,midline,30x3x3,8967,False,,,45,4.5,4.366022286045906,0.49999999990578287,1.4727264442108812,,mm,,"deformed image of the line (x=parameter, 0.5, 0.5)"
1,4,midline,30x3x3,8967,False,,,46,4.6,4.459311142119821,0.4999999999039377,1.5087179000378919,,mm,,"deformed image of the line (x=parameter, 0.5, 0.5)"
1,4,midline,30x3x3,8967,False,,,47,4.7,4.552460864132468,0.4999999999021906,1.5450739687381936,,mm,,"deformed image of the line (x=parameter, 0.5, 0.5)"
1,4,midline,30x3x3,8967,False,,,48,4.8,4.645481507504375,0.49999999990053406,1.5817621026629656,,mm,,"deformed image of the line (x=parameter, 0.5, 0.5)"
1,4,midline,30x3x3,8967,False,,,49,4.9,4.73837458736625,0.49999999989898003,1.6187711714119826,,mm,,"deformed image of the line (x=parameter, 0.5, 0.5)"
1,4,midline,30x3x3,8967,False,,,50,5.0,4.831140103718093,0.49999999989752836,1.6561011749852457,,mm,,"deformed image of the line (x=parameter, 0.5, 0.5)"
1,4,midline,30x3x3,8967,False,,,51,5.1,4.923786392381749,0.4999999998961593,1.6937321998537724,,mm,,"deformed image of the line (x=parameter, 0.5, 0.5)"
1,4,midline,30x3x3,8967,False,,,52,5.2,5.01631851017158,0.49999999989488675,1.7316416783062805,,mm,,"deformed image of the line (x=parameter, 0.5, 0.5)"
1,4,midline,30x3x3,8967,False,,,53,5.3,5.108736457087585,0.49999999989371086,1.769829610342771,,mm,,"deformed image of the line (x=parameter, 0.5, 0.5)"
1,4,midline,30x3x3,8967,False,,,54,5.4,5.2010440843257895,0.49999999989261895,1.808288068448138,,mm,,"deformed image of the line (x=parameter, 0.5, 0.5)"
1,4,midline,30x3x3,8967,False,,,55,5.5,5.2932507099622725,0.4999999998916094,1.846988262869933,,mm,,"deformed image of the line (x=parameter, 0.5, 0.5)"
1,4,midline,30x3x3,8967,False,,,56,5.6,5.38535665713384,0.4999999998906871,1.8859276066637083,,mm,,"deformed image of the line (x=parameter, 0.5, 0.5)"
1,4,midline,30x3x3,8967,False,,,57,5.7,5.4773629885365525,0.49999999988984684,1.9251044557898755,,mm,,"deformed image of the line (x=parameter, 0.5, 0.5)"
1,4,midline,30x3x3,8967,False,,,58,5.8,5.569279646126679,0.49999999988907545,1.9644930301364687,,mm,,"deformed image of the line (x=parameter, 0.5, 0.5)"
1,4,midline,30x3x3,8967,False,,,59,5.9,5.66110894414221,0.4999999998883795,2.004084549746483,,mm,,"deformed image of the line (x=parameter, 0.5, 0.5)"
1,4,midline,30x3x3,8967,False,,,60,6.0,5.752850882583145,0.4999999998877591,2.0438790146199173,,mm,,"deformed image of the line (x=parameter, 0.5, 0.5)"
1,4,midline,30x3x3,8967,False,,,61,6.1,5.844512620258491,0.49999999988719573,2.0838608399553236,,mm,,"deformed image of the line (x=parameter, 0.5, 0.5)"
1,4,midline,30x3x3,8967,False,,,62,6.2,5.936099910812991,0.4999999998866951,2.124012432988438,,mm,,"deformed image of the line (x=parameter, 0.5, 0.5)"
1,4,midline,30x3x3,8967,False,,,63,6.3,6.027612754246646,0.499999999886257,2.1643337937192597,,mm,,"deformed image of the line (x=parameter, 0.5, 0.5)"
1,4,midline,30x3x3,8967,False,,,64,6.4,6.119054205069228,0.4999999998858714,2.2048188183784942,,mm,,"deformed image of the line (x=parameter, 0.5, 0.5)"
1,4,midline,30x3x3,8967,False,,,65,6.5,6.210432994271097,0.49999999988553206,2.2454453763869138,,mm,,"deformed image of the line (x=parameter, 0.5, 0.5)"
1,4,midline,30x3x3,8967,False,,,66,6.6,6.301749646246417,0.49999999988524235,2.286211483136387,,mm,,"deformed image of the line (x=parameter, 0.5, 0.5)"
1,4,midline,30x3x3,8967,False,,,67,6.7,6.393004899746417,0.49999999988499844,2.32711590157424,,mm,,"deformed image of the line (x=parameter, 0.5, 0.5)"
1,4,midline,30x3x3,8967,False,,,68,6.8,6.484207189865508,0.49999999988478794,2.3681391805572276,,mm,,"deformed image of the line (x=parameter, 0.5, 0.5)"
1,4,midline,30x3x3,8967,False,,,69,6.9,6.575358887272834,0.49999999988461397,2.409274687145423,,mm,,"deformed image of the line (x=parameter, 0.5, 0.5)"
1,4,midline,30x3x3,8967,False,,,70,7.0,6.66645999196839,0.4999999998844768,2.450522421338824,,mm,,"deformed image of the line (x=parameter, 0.5, 0.5)"
1,4,midline,30x3x3,8967,False,,,71,7.1,6.757515967052814,0.4999999998843624,2.491870924146668,,mm,,"deformed image of the line (x=parameter, 0.5, 0.5)"
1,4,midline,30x3x3,8967,False,,,72,7.2,6.848531995661157,0.4999999998842737,2.5333071785027363,,mm,,"deformed image of the line (x=parameter, 0.5, 0.5)"
1,4,midline,30x3x3,8967,False,,,73,7.3,6.939508077793415,0.4999999998842106,2.574831184407029,,mm,,"deformed image of the line (x=parameter, 0.5, 0.5)"
1,4,midline,30x3x3,8967,False,,,74,7.4,7.030446368239295,0.4999999998841657,2.6164386097463552,,mm,,"deformed image of the line (x=parameter, 0.5, 0.5)"
1,4,midline,30x3x3,8967,False,,,75,7.5,7.121353824361065,0.49999999988413485,2.6581135578539627,,mm,,"deformed image of the line (x=parameter, 0.5, 0.5)"
1,4,midline,30x3x3,8967,False,,,76,7.6,7.212230975715299,0.4999999998841201,2.6998545822417785,,mm,,"deformed image of the line (x=parameter, 0.5, 0.5)"
1,4,midline,30x3x3,8967,False,,,77,7.7,7.3030782720515175,0.49999999988411836,2.7416608607589614,,mm,,"deformed image of the line (x=parameter, 0.5, 0.5)"
1,4,midline,30x3x3,8967,False,,,78,7.8,7.393901866065501,0.4999999998841221,2.7835189643934384,,mm,,"deformed image of the line (x=parameter, 0.5, 0.5)"
1,4,midline,30x3x3,8967,False,,,79,7.9,7.484703709731333,0.4999999998841345,2.8254242340162685,,mm,,"deformed image of the line (x=parameter, 0.5, 0.5)"
1,4,midline,30x3x3,8967,False,,,80,8.0,7.575483803049018,0.499999999884156,2.8673766696274527,,mm,,"deformed image of the line (x=parameter, 0.5, 0.5)"
1,4,midline,30x3x3,8967,False,,,81,8.1,7.66624570055518,0.49999999988417543,2.909368837940585,,mm,,"deformed image of the line (x=parameter, 0.5, 0.5)"
1,4,midline,30x3x3,8967,False,,,82,8.2,7.756993252509093,0.4999999998841988,2.9513919992911912,,mm,,"deformed image of the line (x=parameter, 0.5, 0.5)"
1,4,midline,30x3x3,8967,False,,,83,8.3,7.847726458910757,0.499999999884226,2.9934461536792707,,mm,,"deformed image of the line (x=parameter, 0.5, 0.5)"
1,4,midline,30x3x3,8967,False,,,84,8.4,7.9384465667877615,0.4999999998842506,3.035528731077724,,mm,,"deformed image of the line (x=parameter, 0.5, 0.5)"
1,4,midline,30x3x3,8967,False,,,85,8.5,8.02915812787321,0.4999999998842734,3.077629803492498,,mm,,"deformed image of the line (x=parameter, 0.5, 0.5)"
1,4,midline,30x3x3,8967,False,,,86,8.6,8.119861553702687,0.4999999998842972,3.1197484133356217,,mm,,"deformed image of the line (x=parameter, 0.5, 0.5)"
1,4,midline,30x3x3,8967,False,,,87,8.7,8.210557042561772,0.4999999998843187,3.161884169057132,,mm,,"deformed image of the line (x=parameter, 0.5, 0.5)"
1,4,midline,30x3x3,8967,False,,,88,8.8,8.301248116037794,0.4999999998843338,3.2040295122984777,,mm,,"deformed image of the line (x=parameter, 0.5, 0.5)"
1,4,midline,30x3x3,8967,False,,,89,8.9,8.391936039210453,0.49999999988434896,3.2461816427552863,,mm,,"deformed image of the line (x=parameter, 0.5, 0.5)"
1,4,midline,30x3x3,8967,False,,,90,9.0,8.482620812079748,0.4999999998843642,3.2883405604275584,,mm,,"deformed image of the line (x=parameter, 0.5, 0.5)"
1,4,midline,30x3x3,8967,False,,,91,9.1,8.57330404068224,0.49999999988436855,3.3305028603715385,,mm,,"deformed image of the line (x=parameter, 0.5, 0.5)"
1,4,midline,30x3x3,8967,False,,,92,9.2,8.663987844233997,0.49999999988437366,3.3726639296596743,,mm,,"deformed image of the line (x=parameter, 0.5, 0.5)"
1,4,midline,30x3x3,8967,False,,,93,9.3,8.754672222735017,0.4999999998843795,3.4148237682919635,,mm,,"deformed image of the line (x=parameter, 0.5, 0.5)"
1,4,midline,30x3x3,8967,False,,,94,9.4,8.845357574667498,0.49999999988437804,3.4569815309926812,,mm,,"deformed image of the line (x=parameter, 0.5, 0.5)"
1,4,midline,30x3x3,8967,False,,,95,9.5,8.936045601266954,0.4999999998843745,3.4991335488245343,,mm,,"deformed image of the line (x=parameter, 0.5, 0.5)"
1,4,midline,30x3x3,8967,False,,,96,9.6,9.026736483387616,0.4999999998843735,3.5412794261103535,,mm,,"deformed image of the line (x=parameter, 0.5, 0.5)"
1,4,midline,30x3x3,8967,False,,,97,9.7,9.117430130863058,0.49999999988437027,3.5834193578456346,,mm,,"deformed image of the line (x=parameter, 0.5, 0.5)"
1,4,midline,30x3x3,8967,False,,,98,9.8,9.208128073433823,0.49999999988436117,3.625550047009649,,mm,,"deformed image of the line (x=parameter, 0.5, 0.5)"
1,4,midline,30x3x3,8967,False,,,99,9.9,9.298831301386226,0.4999999998843558,3.6676693576032946,,mm,,"deformed image of the line (x=parameter, 0.5, 0.5)"
1,4,midline,30x3x3,8967,False,,,100,10.0,9.389539814720276,0.499999999884354,3.7097772896265724,,mm,,"deformed image of the line (x=parameter, 0.5, 0.5)"
1,5,strain,30x3x3,8967,False,,x,1,0.0,,,,-0.1578568828317306,percent,-0.155,"pair 1 mm apart along x, labelled by the first point x=parameter"
1,5,strain,30x3x3,8967,False,,x,2,1.0,,,,-0.10495812906626822,percent,-0.1,"pair 1 mm apart along x, labelled by the first point x=parameter"
1,5,strain,30x3x3,8967,False,,x,3,2.0,,,,-0.06437129752461246,percent,-0.072,"pair 1 mm apart along x, labelled by the first point x=parameter"
1,5,strain,30x3x3,8967,False,,x,4,3.0,,,,-0.03448879835896701,percent,-0.036,"pair 1 mm apart along x, labelled by the first point x=parameter"
1,5,strain,30x3x3,8967,False,,x,5,4.0,,,,-0.01521250657137152,percent,-0.017,"pair 1 mm apart along x, labelled by the first point x=parameter"
1,5,strain,30x3x3,8967,False,,x,6,5.0,,,,-0.0038794358624638647,percent,-0.006,"pair 1 mm apart along x, labelled by the first point x=parameter"
1,5,strain,30x3x3,8967,False,,x,7,6.0,,,,0.002023228515679598,percent,0.0,"pair 1 mm apart along x, labelled by the first point x=parameter"
1,5,strain,30x3x3,8967,False,,x,8,7.0,,,,0.004587566162506107,percent,0.003,"pair 1 mm apart along x, labelled by the first point x=parameter"
1,5,strain,30x3x3,8967,False,,x,9,8.0,,,,0.005407379340383045,percent,0.005,"pair 1 mm apart along x, labelled by the first point x=parameter"
1,5,strain,30x3x3,8967,False,,y,1,0.0,,,,2.220446049250313e-14,percent,0.0,"pair 0.4 mm apart in y at (x=parameter, 0.5, 0.5)"
1,5,strain,30x3x3,8967,False,,y,2,1.0,,,,0.3763800350683244,percent,0.38,"pair 0.4 mm apart in y at (x=parameter, 0.5, 0.5)"
1,5,strain,30x3x3,8967,False,,y,3,2.0,,,,0.24415192305509148,percent,0.245,"pair 0.4 mm apart in y at (x=parameter, 0.5, 0.5)"
1,5,strain,30x3x3,8967,False,,y,4,3.0,,,,0.15337174153406963,percent,0.155,"pair 0.4 mm apart in y at (x=parameter, 0.5, 0.5)"
1,5,strain,30x3x3,8967,False,,y,5,4.0,,,,0.09368395680733332,percent,0.093,"pair 0.4 mm apart in y at (x=parameter, 0.5, 0.5)"
1,5,strain,30x3x3,8967,False,,y,6,5.0,,,,0.05704407057924854,percent,0.058,"pair 0.4 mm apart in y at (x=parameter, 0.5, 0.5)"
1,5,strain,30x3x3,8967,False,,y,7,6.0,,,,0.03672212516374618,percent,0.038,"pair 0.4 mm apart in y at (x=parameter, 0.5, 0.5)"
1,5,strain,30x3x3,8967,False,,y,8,7.0,,,,0.026968385529824168,percent,0.027,"pair 0.4 mm apart in y at (x=parameter, 0.5, 0.5)"
1,5,strain,30x3x3,8967,False,,y,9,8.0,,,,0.023249913281930823,percent,0.022,"pair 0.4 mm apart in y at (x=parameter, 0.5, 0.5)"
1,5,strain,30x3x3,8967,False,,y,10,9.0,,,,0.02231873352629421,percent,0.02,"pair 0.4 mm apart in y at (x=parameter, 0.5, 0.5)"
1,5,strain,30x3x3,8967,False,,z,1,0.0,,,,2.220446049250313e-14,percent,0.0,"pair 0.4 mm apart in z at (x=parameter, 0.5, 0.5)"
1,5,strain,30x3x3,8967,False,,z,2,1.0,,,,0.8802691637772364,percent,0.905,"pair 0.4 mm apart in z at (x=parameter, 0.5, 0.5)"
1,5,strain,30x3x3,8967,False,,z,3,2.0,,,,0.7252020037999074,percent,0.72,"pair 0.4 mm apart in z at (x=parameter, 0.5, 0.5)"
1,5,strain,30x3x3,8967,False,,z,4,3.0,,,,0.5747143547244704,percent,0.55,"pair 0.4 mm apart in z at (x=parameter, 0.5, 0.5)"
1,5,strain,30x3x3,8967,False,,z,5,4.0,,,,0.43237173953496466,percent,0.415,"pair 0.4 mm apart in z at (x=parameter, 0.5, 0.5)"
1,5,strain,30x3x3,8967,False,,z,6,5.0,,,,0.30405443517176334,percent,0.3,"pair 0.4 mm apart in z at (x=parameter, 0.5, 0.5)"
1,5,strain,30x3x3,8967,False,,z,7,6.0,,,,0.19382573483897048,percent,0.2,"pair 0.4 mm apart in z at (x=parameter, 0.5, 0.5)"
1,5,strain,30x3x3,8967,False,,z,8,7.0,,,,0.10490511907916833,percent,0.115,"pair 0.4 mm apart in z at (x=parameter, 0.5, 0.5)"
1,5,strain,30x3x3,8967,False,,z,9,8.0,,,,0.0397094374299467,percent,0.05,"pair 0.4 mm apart in z at (x=parameter, 0.5, 0.5)"
1,5,strain,30x3x3,8967,False,,z,10,9.0,,,,-0.0001619248718331967,percent,0.005,"pair 0.4 mm apart in z at (x=parameter, 0.5, 0.5)"
1,3,tip_z,40x4x4,19683,False,,,,,,,,4.16510042030778,mm,4.17,"deformed z of the point (10, 0.5, 1); reference = consensus"
1,4,midline,40x4x4,19683,False,,,0,0.0,0.0,0.5,0.5,,mm,,"deformed image of the line (x=parameter, 0.5, 0.5)"
1,4,midline,40x4x4,19683,False,,,1,0.1,0.09994607319210466,0.4999999999972203,0.4991055361507142,,mm,,"deformed image of the line (x=parameter, 0.5, 0.5)"
1,4,midline,40x4x4,19683,False,,,2,0.2,0.19984133924410097,0.49999999998881217,0.5013202649444322,,mm,,"deformed image of the line (x=parameter, 0.5, 0.5)"
1,4,midline,40x4x4,19683,False,,,3,0.3,0.2996781772066637,0.49999999997628675,0.5056273417608488,,mm,,"deformed image of the line (x=parameter, 0.5, 0.5)"
1,4,midline,40x4x4,19683,False,,,4,0.4,0.39943882573062406,0.49999999996204436,0.5107451991483828,,mm,,"deformed image of the line (x=parameter, 0.5, 0.5)"
1,4,midline,40x4x4,19683,False,,,5,0.5,0.49912498531558475,0.49999999994537336,0.5172634925768119,,mm,,"deformed image of the line (x=parameter, 0.5, 0.5)"
1,4,midline,40x4x4,19683,False,,,6,0.6,0.5987452049082383,0.4999999999272837,0.5246580817313508,,mm,,"deformed image of the line (x=parameter, 0.5, 0.5)"
1,4,midline,40x4x4,19683,False,,,7,0.7,0.6982839116749068,0.4999999999077738,0.5331451953064108,,mm,,"deformed image of the line (x=parameter, 0.5, 0.5)"
1,4,midline,40x4x4,19683,False,,,8,0.8,0.7977365157187934,0.49999999988690025,0.5427005406918635,,mm,,"deformed image of the line (x=parameter, 0.5, 0.5)"
1,4,midline,40x4x4,19683,False,,,9,0.9,0.89708305553892,0.49999999986506416,0.5532911066540437,,mm,,"deformed image of the line (x=parameter, 0.5, 0.5)"
1,4,midline,40x4x4,19683,False,,,10,1.0,0.9963214671984241,0.49999999984234234,0.564930182058525,,mm,,"deformed image of the line (x=parameter, 0.5, 0.5)"
1,4,midline,40x4x4,19683,False,,,11,1.1,1.0954334246993356,0.49999999981892396,0.5775922312284095,,mm,,"deformed image of the line (x=parameter, 0.5, 0.5)"
1,4,midline,40x4x4,19683,False,,,12,1.2,1.194414970738931,0.4999999997951603,0.5912602364790924,,mm,,"deformed image of the line (x=parameter, 0.5, 0.5)"
1,4,midline,40x4x4,19683,False,,,13,1.3,1.2932598288431874,0.499999999771068,0.6059269151567541,,mm,,"deformed image of the line (x=parameter, 0.5, 0.5)"
1,4,midline,40x4x4,19683,False,,,14,1.4,1.3919550861308054,0.49999999974704923,0.6215541621566489,,mm,,"deformed image of the line (x=parameter, 0.5, 0.5)"
1,4,midline,40x4x4,19683,False,,,15,1.5,1.4905027147820409,0.49999999972322173,0.6381365584310149,,mm,,"deformed image of the line (x=parameter, 0.5, 0.5)"
1,4,midline,40x4x4,19683,False,,,16,1.6,1.588888003489761,0.4999999996997167,0.6556448500985139,,mm,,"deformed image of the line (x=parameter, 0.5, 0.5)"
1,4,midline,40x4x4,19683,False,,,17,1.7,1.687112561252891,0.4999999996769046,0.6740540955393527,,mm,,"deformed image of the line (x=parameter, 0.5, 0.5)"
1,4,midline,40x4x4,19683,False,,,18,1.8,1.785171345611493,0.4999999996547725,0.6933562103254464,,mm,,"deformed image of the line (x=parameter, 0.5, 0.5)"
1,4,midline,40x4x4,19683,False,,,19,1.9,1.8830571622429508,0.499999999633655,0.7135101625265042,,mm,,"deformed image of the line (x=parameter, 0.5, 0.5)"
1,4,midline,40x4x4,19683,False,,,20,2.0,1.9807726554996639,0.4999999996136769,0.7345103592605133,,mm,,"deformed image of the line (x=parameter, 0.5, 0.5)"
1,4,midline,40x4x4,19683,False,,,21,2.1,2.0783075107585387,0.4999999995948724,0.7563271462294773,,mm,,"deformed image of the line (x=parameter, 0.5, 0.5)"
1,4,midline,40x4x4,19683,False,,,22,2.2,2.175665565641785,0.499999999577584,0.7789362731485292,,mm,,"deformed image of the line (x=parameter, 0.5, 0.5)"
1,4,midline,40x4x4,19683,False,,,23,2.3,2.2728431462491994,0.4999999995617655,0.8023297668115396,,mm,,"deformed image of the line (x=parameter, 0.5, 0.5)"
1,4,midline,40x4x4,19683,False,,,24,2.4,2.3698374867502463,0.49999999954764,0.8264682462817683,,mm,,"deformed image of the line (x=parameter, 0.5, 0.5)"
1,4,midline,40x4x4,19683,False,,,25,2.5,2.466651339101616,0.4999999995353282,0.8513465577864319,,mm,,"deformed image of the line (x=parameter, 0.5, 0.5)"
1,4,midline,40x4x4,19683,False,,,26,2.6,2.563278320718597,0.4999999995247591,0.8769364110767164,,mm,,"deformed image of the line (x=parameter, 0.5, 0.5)"
1,4,midline,40x4x4,19683,False,,,27,2.7,2.6597236083651876,0.499999999516214,0.9032152637036857,,mm,,"deformed image of the line (x=parameter, 0.5, 0.5)"
1,4,midline,40x4x4,19683,False,,,28,2.8,2.7559847457458493,0.49999999950961754,0.9301755458843628,,mm,,"deformed image of the line (x=parameter, 0.5, 0.5)"
1,4,midline,40x4x4,19683,False,,,29,2.9,2.852062467224544,0.4999999995050595,0.9577804941388323,,mm,,"deformed image of the line (x=parameter, 0.5, 0.5)"
1,4,midline,40x4x4,19683,False,,,30,3.0,2.9479594738847967,0.49999999950264495,0.986025423756766,,mm,,"deformed image of the line (x=parameter, 0.5, 0.5)"
1,4,midline,40x4x4,19683,False,,,31,3.1,3.043672637736842,0.4999999995022072,1.0148839040057973,,mm,,"deformed image of the line (x=parameter, 0.5, 0.5)"
1,4,midline,40x4x4,19683,False,,,32,3.2,3.1392079662351033,0.4999999995039396,1.0443352350832442,,mm,,"deformed image of the line (x=parameter, 0.5, 0.5)"
1,4,midline,40x4x4,19683,False,,,33,3.3,3.234564016005561,0.49999999950774665,1.0743723545317152,,mm,,"deformed image of the line (x=parameter, 0.5, 0.5)"
1,4,midline,40x4x4,19683,False,,,34,3.4,3.3297441698274115,0.4999999995135804,1.1049613575812993,,mm,,"deformed image of the line (x=parameter, 0.5, 0.5)"
1,4,midline,40x4x4,19683,False,,,35,3.5,3.4247509986677365,0.4999999995215201,1.1360980050994165,,mm,,"deformed image of the line (x=parameter, 0.5, 0.5)"
1,4,midline,40x4x4,19683,False,,,36,3.6,3.519583948527963,0.499999999531326,1.1677578988814175,,mm,,"deformed image of the line (x=parameter, 0.5, 0.5)"
1,4,midline,40x4x4,19683,False,,,37,3.7,3.6142494623528236,0.4999999995430865,1.1999221697327949,,mm,,"deformed image of the line (x=parameter, 0.5, 0.5)"
1,4,midline,40x4x4,19683,False,,,38,3.8,3.7087469091902436,0.4999999995566986,1.2325843048432656,,mm,,"deformed image of the line (x=parameter, 0.5, 0.5)"
1,4,midline,40x4x4,19683,False,,,39,3.9,3.803081563807833,0.49999999957198965,1.2657133078477079,,mm,,"deformed image of the line (x=parameter, 0.5, 0.5)"
1,4,midline,40x4x4,19683,False,,,40,4.0,3.8972558154135344,0.49999999958900465,1.2993053594346955,,mm,,"deformed image of the line (x=parameter, 0.5, 0.5)"
1,4,midline,40x4x4,19683,False,,,41,4.1,3.991271065461857,0.4999999996074662,1.3333381455049063,,mm,,"deformed image of the line (x=parameter, 0.5, 0.5)"
1,4,midline,40x4x4,19683,False,,,42,4.2,4.0851338730292674,0.49999999962735187,1.3677945798800477,,mm,,"deformed image of the line (x=parameter, 0.5, 0.5)"
1,4,midline,40x4x4,19683,False,,,43,4.3,4.178844237528629,0.49999999964856495,1.4026687117600618,,mm,,"deformed image of the line (x=parameter, 0.5, 0.5)"
1,4,midline,40x4x4,19683,False,,,44,4.4,4.272408675778646,0.4999999996708381,1.4379324232077852,,mm,,"deformed image of the line (x=parameter, 0.5, 0.5)"
1,4,midline,40x4x4,19683,False,,,45,4.5,4.365829360639351,0.4999999996941787,1.4735822923775546,,mm,,"deformed image of the line (x=parameter, 0.5, 0.5)"
1,4,midline,40x4x4,19683,False,,,46,4.6,4.459109107165741,0.49999999971831033,1.5095980756664906,,mm,,"deformed image of the line (x=parameter, 0.5, 0.5)"
1,4,midline,40x4x4,19683,False,,,47,4.7,4.552254336099786,0.49999999974310966,1.5459644116233495,,mm,,"deformed image of the line (x=parameter, 0.5, 0.5)"
1,4,midline,40x4x4,19683,False,,,48,4.8,4.645265516772299,0.4999999997684996,1.5826759055404491,,mm,,"deformed image of the line (x=parameter, 0.5, 0.5)"
1,4,midline,40x4x4,19683,False,,,49,4.9,4.738149861986573,0.49999999979416143,1.619707246720848,,mm,,"deformed image of the line (x=parameter, 0.5, 0.5)"
1,4,midline,40x4x4,19683,False,,,50,5.0,4.830909306679559,0.4999999998200661,1.6570553929732483,,mm,,"deformed image of the line (x=parameter, 0.5, 0.5)"
1,4,midline,40x4x4,19683,False,,,51,5.1,4.923547614918734,0.49999999984597615,1.6947021188601177,,mm,,"deformed image of the line (x=parameter, 0.5, 0.5)"
1,4,midline,40x4x4,19683,False,,,52,5.2,5.016070871222605,0.49999999987169297,1.7326337291569835,,mm,,"deformed image of the line (x=parameter, 0.5, 0.5)"
1,4,midline,40x4x4,19683,False,,,53,5.3,5.108479876184981,0.4999999998971684,1.770845368002286,,mm,,"deformed image of the line (x=parameter, 0.5, 0.5)"
1,4,midline,40x4x4,19683,False,,,54,5.4,5.200782088713563,0.49999999992208116,1.8093144412745454,,mm,,"deformed image of the line (x=parameter, 0.5, 0.5)"
1,4,midline,40x4x4,19683,False,,,55,5.5,5.29297919451712,0.4999999999463722,1.8480382734614982,,mm,,"deformed image of the line (x=parameter, 0.5, 0.5)"
1,4,midline,40x4x4,19683,False,,,56,5.6,5.385075515444955,0.4999999999698781,1.887000583944436,,mm,,"deformed image of the line (x=parameter, 0.5, 0.5)"
1,4,midline,40x4x4,19683,False,,,57,5.7,5.477076650627467,0.4999999999923581,1.9261892910060245,,mm,,"deformed image of the line (x=parameter, 0.5, 0.5)"
1,4,midline,40x4x4,19683,False,,,58,5.8,5.568983614128125,0.5000000000137986,1.9656000541461742,,mm,,"deformed image of the line (x=parameter, 0.5, 0.5)"
1,4,midline,40x4x4,19683,False,,,59,5.9,5.660803747760292,0.500000000033926,2.005212900409799,,mm,,"deformed image of the line (x=parameter, 0.5, 0.5)"
1,4,midline,40x4x4,19683,False,,,60,6.0,5.752538484731613,0.500000000052663,2.04502551264529,,mm,,"deformed image of the line (x=parameter, 0.5, 0.5)"
1,4,midline,40x4x4,19683,False,,,61,6.1,5.844192381015201,0.5000000000699393,2.0850234735737088,,mm,,"deformed image of the line (x=parameter, 0.5, 0.5)"
1,4,midline,40x4x4,19683,False,,,62,6.2,5.935770442506666,0.5000000000855129,2.125196271395969,,mm,,"deformed image of the line (x=parameter, 0.5, 0.5)"
1,4,midline,40x4x4,19683,False,,,63,6.3,6.0272737983439075,0.5000000000994038,2.1655400550559625,,mm,,"deformed image of the line (x=parameter, 0.5, 0.5)"
1,4,midline,40x4x4,19683,False,,,64,6.4,6.1187093866558815,0.500000000111428,2.2060373825418638,,mm,,"deformed image of the line (x=parameter, 0.5, 0.5)"
1,4,midline,40x4x4,19683,False,,,65,6.5,6.210078391014339,0.5000000001215041,2.2466862909058403,,mm,,"deformed image of the line (x=parameter, 0.5, 0.5)"
1,4,midline,40x4x4,19683,False,,,66,6.6,6.301385338837541,0.5000000001296558,2.287474145743917,,mm,,"deformed image of the line (x=parameter, 0.5, 0.5)"
1,4,midline,40x4x4,19683,False,,,67,6.7,6.3926345693838105,0.500000000135685,2.32839197214808,,mm,,"deformed image of the line (x=parameter, 0.5, 0.5)"
1,4,midline,40x4x4,19683,False,,,68,6.8,6.483827246160527,0.5000000001396384,2.36943638289931,,mm,,"deformed image of the line (x=parameter, 0.5, 0.5)"
1,4,midline,40x4x4,19683,False,,,69,6.9,6.57496968361212,0.5000000001414449,2.4105923880486033,,mm,,"deformed image of the line (x=parameter, 0.5, 0.5)"
1,4,midline,40x4x4,19683,False,,,70,7.0,6.6660628230460235,0.5000000001410342,2.4518583781653094,,mm,,"deformed image of the line (x=parameter, 0.5, 0.5)"
1,4,midline,40x4x4,19683,False,,,71,7.1,6.757110954820448,0.5000000001385132,2.493223428361112,,mm,,"deformed image of the line (x=parameter, 0.5, 0.5)"
1,4,midline,40x4x4,19683,False,,,72,7.2,6.8481177062537775,0.5000000001337621,2.534680078178635,,mm,,"deformed image of the line (x=parameter, 0.5, 0.5)"
1,4,midline,40x4x4,19683,False,,,73,7.3,6.939084210430283,0.5000000001268423,2.57622538080441,,mm,,"deformed image of the line (x=parameter, 0.5, 0.5)"
1,4,midline,40x4x4,19683,False,,,74,7.4,7.03001599503829,0.5000000001178013,2.6178467340314704,,mm,,"deformed image of the line (x=parameter, 0.5, 0.5)"
1,4,midline,40x4x4,19683,False,,,75,7.5,7.120913769556302,0.5000000001065938,2.6595428839376263,,mm,,"deformed image of the line (x=parameter, 0.5, 0.5)"
1,4,midline,40x4x4,19683,False,,,76,7.6,7.2117814262553575,0.5000000000933869,2.701304552572048,,mm,,"deformed image of the line (x=parameter, 0.5, 0.5)"
1,4,midline,40x4x4,19683,False,,,77,7.7,7.3026218574190604,0.5000000000781522,2.74312578112115,,mm,,"deformed image of the line (x=parameter, 0.5, 0.5)"
1,4,midline,40x4x4,19683,False,,,78,7.8,7.39343611506856,0.5000000000609562,2.7850040431083785,,mm,,"deformed image of the line (x=parameter, 0.5, 0.5)"
1,4,midline,40x4x4,19683,False,,,79,7.9,7.48422882477081,0.5000000000419546,2.8269290753674285,,mm,,"deformed image of the line (x=parameter, 0.5, 0.5)"
1,4,midline,40x4x4,19683,False,,,80,8.0,7.575000476360301,0.5000000000211318,2.8688999833194186,,mm,,"deformed image of the line (x=parameter, 0.5, 0.5)"
1,4,midline,40x4x4,19683,False,,,81,8.1,7.665754443965209,0.4999999999986777,2.910909086146231,,mm,,"deformed image of the line (x=parameter, 0.5, 0.5)"
1,4,midline,40x4x4,19683,False,,,82,8.2,7.756492878422428,0.4999999999746666,2.9529519218680185,,mm,,"deformed image of the line (x=parameter, 0.5, 0.5)"
1,4,midline,40x4x4,19683,False,,,83,8.3,7.847216712442063,0.4999999999491516,2.995026368452755,,mm,,"deformed image of the line (x=parameter, 0.5, 0.5)"
1,4,midline,40x4x4,19683,False,,,84,8.4,7.937929592952591,0.49999999992236205,3.0371244683505445,,mm,,"deformed image of the line (x=parameter, 0.5, 0.5)"
1,4,midline,40x4x4,19683,False,,,85,8.5,8.028631802886732,0.499999999894321,3.079245691076781,,mm,,"deformed image of the line (x=parameter, 0.5, 0.5)"
1,4,midline,40x4x4,19683,False,,,86,8.6,8.119326112609047,0.499999999865196,3.1213839172551263,,mm,,"deformed image of the line (x=parameter, 0.5, 0.5)"
1,4,midline,40x4x4,19683,False,,,87,8.7,8.210013936635153,0.4999999998351529,3.1635361826291173,,mm,,"deformed image of the line (x=parameter, 0.5, 0.5)"
1,4,midline,40x4x4,19683,False,,,88,8.8,8.300696060530655,0.49999999980421794,3.2057007589438897,,mm,,"deformed image of the line (x=parameter, 0.5, 0.5)"
1,4,midline,40x4x4,19683,False,,,89,8.9,8.391375105986235,0.49999999977265086,3.247871975651316,,mm,,"deformed image of the line (x=parameter, 0.5, 0.5)"
1,4,midline,40x4x4,19683,False,,,90,9.0,8.482051161333192,0.49999999974051224,3.290049670823555,,mm,,"deformed image of the line (x=parameter, 0.5, 0.5)"
1,4,midline,40x4x4,19683,False,,,91,9.1,8.57272633173117,0.499999999707898,3.332229273796172,,mm,,"deformed image of the line (x=parameter, 0.5, 0.5)"
1,4,midline,40x4x4,19683,False,,,92,9.2,8.663401308293249,0.49999999967504827,3.374409319501018,,mm,,"deformed image of the line (x=parameter, 0.5, 0.5)"
1,4,midline,40x4x4,19683,False,,,93,9.3,8.754076696512794,0.49999999964194736,3.4165884980060937,,mm,,"deformed image of the line (x=parameter, 0.5, 0.5)"
1,4,midline,40x4x4,19683,False,,,94,9.4,8.844754061325162,0.49999999960882846,3.4587634338808737,,mm,,"deformed image of the line (x=parameter, 0.5, 0.5)"
1,4,midline,40x4x4,19683,False,,,95,9.5,8.93543331888212,0.49999999957578495,3.5009343119138507,,mm,,"deformed image of the line (x=parameter, 0.5, 0.5)"
1,4,midline,40x4x4,19683,False,,,96,9.6,9.026115674827341,0.49999999954278884,3.5430985317360415,,mm,,"deformed image of the line (x=parameter, 0.5, 0.5)"
1,4,midline,40x4x4,19683,False,,,97,9.7,9.116801429503667,0.49999999951014507,3.585255444385896,,mm,,"deformed image of the line (x=parameter, 0.5, 0.5)"
1,4,midline,40x4x4,19683,False,,,98,9.8,9.20749072552981,0.49999999947776524,3.6274047433291945,,mm,,"deformed image of the line (x=parameter, 0.5, 0.5)"
1,4,midline,40x4x4,19683,False,,,99,9.9,9.298184482563697,0.4999999994458291,3.669544443871479,,mm,,"deformed image of the line (x=parameter, 0.5, 0.5)"
1,4,midline,40x4x4,19683,False,,,100,10.0,9.388882864539266,0.4999999994144853,3.7116741909821505,,mm,,"deformed image of the line (x=parameter, 0.5, 0.5)"
1,5,strain,40x4x4,19683,False,,x,1,0.0,,,,-0.1565027384069606,percent,-0.155,"pair 1 mm apart along x, labelled by the first point x=parameter"
1,5,strain,40x4x4,19683,False,,x,2,1.0,,,,-0.10497616759977957,percent,-0.1,"pair 1 mm apart along x, labelled by the first point x=parameter"
1,5,strain,40x4x4,19683,False,,x,3,2.0,,,,-0.06451234288641361,percent,-0.072,"pair 1 mm apart along x, labelled by the first point x=parameter"
1,5,strain,40x4x4,19683,False,,x,4,3.0,,,,-0.034612883347806545,percent,-0.036,"pair 1 mm apart along x, labelled by the first point x=parameter"
1,5,strain,40x4x4,19683,False,,x,5,4.0,,,,-0.015304758674550278,percent,-0.017,"pair 1 mm apart along x, labelled by the first point x=parameter"
1,5,strain,40x4x4,19683,False,,x,6,5.0,,,,-0.003942297946391005,percent,-0.006,"pair 1 mm apart along x, labelled by the first point x=parameter"
1,5,strain,40x4x4,19683,False,,x,7,6.0,,,,0.0019848383026266347,percent,0.0,"pair 1 mm apart along x, labelled by the first point x=parameter"
1,5,strain,40x4x4,19683,False,,x,8,7.0,,,,0.004567797775179017,percent,0.003,"pair 1 mm apart along x, labelled by the first point x=parameter"
1,5,strain,40x4x4,19683,False,,x,9,8.0,,,,0.005400073927197546,percent,0.005,"pair 1 mm apart along x, labelled by the first point x=parameter"
1,5,strain,40x4x4,19683,False,,y,1,0.0,,,,0.0,percent,0.0,"pair 0.4 mm apart in y at (x=parameter, 0.5, 0.5)"
1,5,strain,40x4x4,19683,False,,y,2,1.0,,,,0.38081192830696775,percent,0.38,"pair 0.4 mm apart in y at (x=parameter, 0.5, 0.5)"
1,5,strain,40x4x4,19683,False,,y,3,2.0,,,,0.24715221500555273,percent,0.245,"pair 0.4 mm apart in y at (x=parameter, 0.5, 0.5)"
1,5,strain,40x4x4,19683,False,,y,4,3.0,,,,0.155146886175217,percent,0.155,"pair 0.4 mm apart in y at (x=parameter, 0.5, 0.5)"
1,5,strain,40x4x4,19683,False,,y,5,4.0,,,,0.09465845749763169,percent,0.093,"pair 0.4 mm apart in y at (x=parameter, 0.5, 0.5)"
1,5,strain,40x4x4,19683,False,,y,6,5.0,,,,0.05752471826805383,percent,0.058,"pair 0.4 mm apart in y at (x=parameter, 0.5, 0.5)"
1,5,strain,40x4x4,19683,False,,y,7,6.0,,,,0.036925975436097325,percent,0.038,"pair 0.4 mm apart in y at (x=parameter, 0.5, 0.5)"
1,5,strain,40x4x4,19683,False,,y,8,7.0,,,,0.02703747269861001,percent,0.027,"pair 0.4 mm apart in y at (x=parameter, 0.5, 0.5)"
1,5,strain,40x4x4,19683,False,,y,9,8.0,,,,0.023266141922118067,percent,0.022,"pair 0.4 mm apart in y at (x=parameter, 0.5, 0.5)"
1,5,strain,40x4x4,19683,False,,y,10,9.0,,,,0.022320649129037307,percent,0.02,"pair 0.4 mm apart in y at (x=parameter, 0.5, 0.5)"
1,5,strain,40x4x4,19683,False,,z,1,0.0,,,,0.0,percent,0.0,"pair 0.4 mm apart in z at (x=parameter, 0.5, 0.5)"
1,5,strain,40x4x4,19683,False,,z,2,1.0,,,,0.8836935570285087,percent,0.905,"pair 0.4 mm apart in z at (x=parameter, 0.5, 0.5)"
1,5,strain,40x4x4,19683,False,,z,3,2.0,,,,0.7251391903065674,percent,0.72,"pair 0.4 mm apart in z at (x=parameter, 0.5, 0.5)"
1,5,strain,40x4x4,19683,False,,z,4,3.0,,,,0.5747171994767708,percent,0.55,"pair 0.4 mm apart in z at (x=parameter, 0.5, 0.5)"
1,5,strain,40x4x4,19683,False,,z,5,4.0,,,,0.4323814066039766,percent,0.415,"pair 0.4 mm apart in z at (x=parameter, 0.5, 0.5)"
1,5,strain,40x4x4,19683,False,,z,6,5.0,,,,0.30406540093563805,percent,0.3,"pair 0.4 mm apart in z at (x=parameter, 0.5, 0.5)"
1,5,strain,40x4x4,19683,False,,z,7,6.0,,,,0.19383639572125855,percent,0.2,"pair 0.4 mm apart in z at (x=parameter, 0.5, 0.5)"
1,5,strain,40x4x4,19683,False,,z,8,7.0,,,,0.10491394398166598,percent,0.115,"pair 0.4 mm apart in z at (x=parameter, 0.5, 0.5)"
1,5,strain,40x4x4,19683,False,,z,9,8.0,,,,0.03971558928170804,percent,0.05,"pair 0.4 mm apart in z at (x=parameter, 0.5, 0.5)"
1,5,strain,40x4x4,19683,False,,z,10,9.0,,,,-0.0001586739269643367,percent,0.005,"pair 0.4 mm apart in z at (x=parameter, 0.5, 0.5)"
1,3,tip_z,60x6x6,61347,True,,,,,,,,4.167106099691864,mm,4.17,"deformed z of the point (10, 0.5, 1); reference = consensus"
1,4,midline,60x6x6,61347,True,,,0,0.0,0.0,0.5,0.5,,mm,,"deformed image of the line (x=parameter, 0.5, 0.5)"
1,4,midline,60x6x6,61347,True,,,1,0.1,0.09994913381952575,0.4999999999994361,0.4991605568951064,,mm,,"deformed image of the line (x=parameter, 0.5, 0.5)"
1,4,midline,60x6x6,61347,True,,,2,0.2,0.19984802030341084,0.4999999999986883,0.5015378037551524,,mm,,"deformed image of the line (x=parameter, 0.5, 0.5)"
1,4,midline,60x6x6,61347,True,,,3,0.3,0.2996764812541134,0.499999999997932,0.5055447409035869,,mm,,"deformed image of the line (x=parameter, 0.5, 0.5)"
1,4,midline,60x6x6,61347,True,,,4,0.4,0.39943415529525506,0.4999999999971823,0.5109020145441951,,mm,,"deformed image of the line (x=parameter, 0.5, 0.5)"
1,4,midline,60x6x6,61347,True,,,5,0.5,0.4991237326843195,0.4999999999964649,0.5173212929975446,,mm,,"deformed image of the line (x=parameter, 0.5, 0.5)"
1,4,midline,60x6x6,61347,True,,,6,0.6,0.5987427471468977,0.4999999999957814,0.5247751504363064,,mm,,"deformed image of the line (x=parameter, 0.5, 0.5)"
1,4,midline,60x6x6,61347,True,,,7,0.7,0.6982829022919732,0.4999999999951358,0.5332908188376222,,mm,,"deformed image of the line (x=parameter, 0.5, 0.5)"
1,4,midline,60x6x6,61347,True,,,8,0.8,0.7977310992085038,0.49999999999453215,0.5428571578702255,,mm,,"deformed image of the line (x=parameter, 0.5, 0.5)"
1,4,midline,60x6x6,61347,True,,,9,0.9,0.8970783642630736,0.4999999999939727,0.5534746339421942,,mm,,"deformed image of the line (x=parameter, 0.5, 0.5)"
1,4,midline,60x6x6,61347,True,,,10,1.0,0.996312331509661,0.4999999999934618,0.5651319799547723,,mm,,"deformed image of the line (x=parameter, 0.5, 0.5)"
1,4,midline,60x6x6,61347,True,,,11,1.1,1.0954227338328897,0.4999999999929977,0.5778146711212939,,mm,,"deformed image of the line (x=parameter, 0.5, 0.5)"
1,4,midline,60x6x6,61347,True,,,12,1.2,1.194402689418472,0.49999999999258427,0.591508544199972,,mm,,"deformed image of the line (x=parameter, 0.5, 0.5)"
1,4,midline,60x6x6,61347,True,,,13,1.3,1.2932422692293786,0.4999999999922202,0.6061899932031101,,mm,,"deformed image of the line (x=parameter, 0.5, 0.5)"
1,4,midline,60x6x6,61347,True,,,14,1.4,1.3919363041135855,0.4999999999919049,0.6218441131176753,,mm,,"deformed image of the line (x=parameter, 0.5, 0.5)"
1,4,midline,60x6x6,61347,True,,,15,1.5,1.4904780518217002,0.4999999999916391,0.6384458279970509,,mm,,"deformed image of the line (x=parameter, 0.5, 0.5)"
1,4,midline,60x6x6,61347,True,,,16,1.6,1.5888609740036213,0.49999999999141825,0.6559745474822279,,mm,,"deformed image of the line (x=parameter, 0.5, 0.5)"
1,4,midline,60x6x6,61347,True,,,17,1.7,1.6870820103585416,0.4999999999912444,0.6744106038992133,,mm,,"deformed image of the line (x=parameter, 0.5, 0.5)"
1,4,midline,60x6x6,61347,True,,,18,1.8,1.7851352801913758,0.49999999999111316,0.693727308925838,,mm,,"deformed image of the line (x=parameter, 0.5, 0.5)"
1,4,midline,60x6x6,61347,True,,,19,1.9,1.8830180498257347,0.49999999999102307,0.7139084224235168,,mm,,"deformed image of the line (x=parameter, 0.5, 0.5)"
1,4,midline,60x6x6,61347,True,,,20,2.0,1.9807270511985016,0.4999999999909725,0.734927901499253,,mm,,"deformed image of the line (x=parameter, 0.5, 0.5)"
1,4,midline,60x6x6,61347,True,,,21,2.1,2.0782584765214227,0.4999999999909561,0.7567651854489569,,mm,,"deformed image of the line (x=parameter, 0.5, 0.5)"
1,4,midline,60x6x6,61347,True,,,22,2.2,2.1756115317974674,0.4999999999909741,0.7794008571763985,,mm,,"deformed image of the line (x=parameter, 0.5, 0.5)"
1,4,midline,60x6x6,61347,True,,,23,2.3,2.2727834134792753,0.4999999999910206,0.8028090969665416,,mm,,"deformed image of the line (x=parameter, 0.5, 0.5)"
1,4,midline,60x6x6,61347,True,,,24,2.4,2.3697731573047713,0.4999999999910944,0.8269743349197322,,mm,,"deformed image of the line (x=parameter, 0.5, 0.5)"
1,4,midline,60x6x6,61347,True,,,25,2.5,2.466580107861541,0.49999999999119144,0.851871818257077,,mm,,"deformed image of the line (x=parameter, 0.5, 0.5)"
1,4,midline,60x6x6,61347,True,,,26,2.6,2.5632026831940857,0.4999999999913082,0.8774821059698403,,mm,,"deformed image of the line (x=parameter, 0.5, 0.5)"
1,4,midline,60x6x6,61347,True,,,27,2.7,2.6596417647726565,0.4999999999914423,0.9037869768163018,,mm,,"deformed image of the line (x=parameter, 0.5, 0.5)"
1,4,midline,60x6x6,61347,True,,,28,2.8,2.7558970143265995,0.49999999999158967,0.9307622485069578,,mm,,"deformed image of the line (x=parameter, 0.5, 0.5)"
1,4,midline,60x6x6,61347,True,,,29,2.9,2.851968841474482,0.4999999999917484,0.9583933993188262,,mm,,"deformed image of the line (x=parameter, 0.5, 0.5)"
1,4,midline,60x6x6,61347,True,,,30,3.0,2.947858610301061,0.4999999999919151,0.9866574129350052,,mm,,"deformed image of the line (x=parameter, 0.5, 0.5)"
1,4,midline,60x6x6,61347,True,,,31,3.1,3.0435665004303414,0.499999999992088,1.015536227481408,,mm,,"deformed image of the line (x=parameter, 0.5, 0.5)"
1,4,midline,60x6x6,61347,True,,,32,3.2,3.139094638182949,0.4999999999922645,1.0450130034813705,,mm,,"deformed image of the line (x=parameter, 0.5, 0.5)"
1,4,midline,60x6x6,61347,True,,,33,3.3,3.2344445821912657,0.4999999999924427,1.075065390864462,,mm,,"deformed image of the line (x=parameter, 0.5, 0.5)"
1,4,midline,60x6x6,61347,True,,,34,3.4,3.329617774319375,0.4999999999926218,1.1056800056188407,,mm,,"deformed image of the line (x=parameter, 0.5, 0.5)"
1,4,midline,60x6x6,61347,True,,,35,3.5,3.4246170720801206,0.4999999999928,1.1368356749784512,,mm,,"deformed image of the line (x=parameter, 0.5, 0.5)"
1,4,midline,60x6x6,61347,True,,,36,3.6,3.5194439869444074,0.49999999999297795,1.1685157919124238,,mm,,"deformed image of the line (x=parameter, 0.5, 0.5)"
1,4,midline,60x6x6,61347,True,,,37,3.7,3.614101520314932,0.499999999993154,1.2007049336808555,,mm,,"deformed image of the line (x=parameter, 0.5, 0.5)"
1,4,midline,60x6x6,61347,True,,,38,3.8,3.7085926161861824,0.49999999999332984,1.2333826315645284,,mm,,"deformed image of the line (x=parameter, 0.5, 0.5)"
1,4,midline,60x6x6,61347,True,,,39,3.9,3.802919449293764,0.4999999999935061,1.2665366552460242,,mm,,"deformed image of the line (x=parameter, 0.5, 0.5)"
1,4,midline,60x6x6,61347,True,,,40,4.0,3.8970859111531175,0.49999999999368316,1.3001476876121751,,mm,,"deformed image of the line (x=parameter, 0.5, 0.5)"
1,4,midline,60x6x6,61347,True,,,41,4.1,3.991094466109322,0.49999999999386413,1.3342005868369535,,mm,,"deformed image of the line (x=parameter, 0.5, 0.5)"
1,4,midline,60x6x6,61347,True,,,42,4.2,4.084948675230504,0.49999999999405054,1.3686813347098405,,mm,,"deformed image of the line (x=parameter, 0.5, 0.5)"
1,4,midline,60x6x6,61347,True,,,43,4.3,4.178652424653171,0.4999999999942457,1.4035713333181619,,mm,,"deformed image of the line (x=parameter, 0.5, 0.5)"
1,4,midline,60x6x6,61347,True,,,44,4.4,4.27220836579602,0.49999999999445155,1.4388594916463615,,mm,,"deformed image of the line (x=parameter, 0.5, 0.5)"
1,4,midline,60x6x6,61347,True,,,45,4.5,4.365621033416533,0.49999999999467276,1.4745283187237765,,mm,,"deformed image of the line (x=parameter, 0.5, 0.5)"
1,4,midline,60x6x6,61347,True,,,46,4.6,4.458893519799515,0.49999999999491207,1.510564114917388,,mm,,"deformed image of the line (x=parameter, 0.5, 0.5)"
1,4,midline,60x6x6,61347,True,,,47,4.7,4.552029682025398,0.4999999999951727,1.546954232932621,,mm,,"deformed image of the line (x=parameter, 0.5, 0.5)"
1,4,midline,60x6x6,61347,True,,,48,4.8,4.645033973395077,0.49999999999546085,1.583681903703599,,mm,,"deformed image of the line (x=parameter, 0.5, 0.5)"
1,4,midline,60x6x6,61347,True,,,49,4.9,4.737909307268059,0.4999999999957787,1.6207371455395236,,mm,,"deformed image of the line (x=parameter, 0.5, 0.5)"
1,4,midline,60x6x6,61347,True,,,50,5.0,4.830660536176446,0.499999999996132,1.658104243007111,,mm,,"deformed image of the line (x=parameter, 0.5, 0.5)"
1,4,midline,60x6x6,61347,True,,,51,5.1,4.923291107338881,0.49999999999652345,1.695770897466267,,mm,,"deformed image of the line (x=parameter, 0.5, 0.5)"
1,4,midline,60x6x6,61347,True,,,52,5.2,5.015804957818085,0.4999999999969586,1.7337257892231965,,mm,,"deformed image of the line (x=parameter, 0.5, 0.5)"
1,4,midline,60x6x6,61347,True,,,53,5.3,5.108206796991283,0.4999999999974415,1.7719539202417964,,mm,,"deformed image of the line (x=parameter, 0.5, 0.5)"
1,4,midline,60x6x6,61347,True,,,54,5.4,5.2004996236069925,0.49999999999797407,1.8104463810362006,,mm,,"deformed image of the line (x=parameter, 0.5, 0.5)"
1,4,midline,60x6x6,61347,True,,,55,5.5,5.292688342207901,0.4999999999985633,1.8491891722907339,,mm,,"deformed image of the line (x=parameter, 0.5, 0.5)"
1,4,midline,60x6x6,61347,True,,,56,5.6,5.384776529853253,0.49999999999920963,1.8881713469378483,,mm,,"deformed image of the line (x=parameter, 0.5, 0.5)"
1,4,midline,60x6x6,61347,True,,,57,5.7,5.476768030264001,0.4999999999999184,1.9273828672776527,,mm,,"deformed image of the line (x=parameter, 0.5, 0.5)"
1,4,midline,60x6x6,61347,True,,,58,5.8,5.568667555816006,0.5000000000006923,1.9668104431811582,,mm,,"deformed image of the line (x=parameter, 0.5, 0.5)"
1,4,midline,60x6x6,61347,True,,,59,5.9,5.660478048420468,0.5000000000015337,2.0064461988306572,,mm,,"deformed image of the line (x=parameter, 0.5, 0.5)"
1,4,midline,60x6x6,61347,True,,,60,6.0,5.752204252187459,0.500000000002446,2.046277791109741,,mm,,"deformed image of the line (x=parameter, 0.5, 0.5)"
1,4,midline,60x6x6,61347,True,,,61,6.1,5.843849692077789,0.5000000000034291,2.08629557386433,,mm,,"deformed image of the line (x=parameter, 0.5, 0.5)"
1,4,midline,60x6x6,61347,True,,,62,6.2,5.935417982712901,0.5000000000044865,2.126490748395417,,mm,,"deformed image of the line (x=parameter, 0.5, 0.5)"
1,4,midline,60x6x6,61347,True,,,63,6.3,6.026913637985578,0.5000000000056191,2.1668516712874624,,mm,,"deformed image of the line (x=parameter, 0.5, 0.5)"
1,4,midline,60x6x6,61347,True,,,64,6.4,6.118339431024323,0.5000000000068272,2.2073714642749245,,mm,,"deformed image of the line (x=parameter, 0.5, 0.5)"
1,4,midline,60x6x6,61347,True,,,65,6.5,6.209699779829178,0.5000000000081147,2.248039385486151,,mm,,"deformed image of the line (x=parameter, 0.5, 0.5)"
1,4,midline,60x6x6,61347,True,,,66,6.6,6.30099801349299,0.5000000000094756,2.2888470424789853,,mm,,"deformed image of the line (x=parameter, 0.5, 0.5)"
1,4,midline,60x6x6,61347,True,,,67,6.7,6.392237414281172,0.5000000000109156,2.3297868381886593,,mm,,"deformed image of the line (x=parameter, 0.5, 0.5)"
1,4,midline,60x6x6,61347,True,,,68,6.8,6.483422141246056,0.5000000000124322,2.3708487212811313,,mm,,"deformed image of the line (x=parameter, 0.5, 0.5)"
1,4,midline,60x6x6,61347,True,,,69,6.9,6.574554713074387,0.5000000000140242,2.4120267797015083,,mm,,"deformed image of the line (x=parameter, 0.5, 0.5)"
1,4,midline,60x6x6,61347,True,,,70,7.0,6.665639096332432,0.5000000000156919,2.4533118260548665,,mm,,"deformed image of the line (x=parameter, 0.5, 0.5)"
1,4,midline,60x6x6,61347,True,,,71,7.1,6.75667831371172,0.5000000000174306,2.494696680738625,,mm,,"deformed image of the line (x=parameter, 0.5, 0.5)"
1,4,midline,60x6x6,61347,True,,,72,7.2,6.847675239520703,0.5000000000192418,2.5361749181266715,,mm,,"deformed image of the line (x=parameter, 0.5, 0.5)"
1,4,midline,60x6x6,61347,True,,,73,7.3,6.938633560454421,0.5000000000211213,2.577738033481734,,mm,,"deformed image of the line (x=parameter, 0.5, 0.5)"
1,4,midline,60x6x6,61347,True,,,74,7.4,7.02955547755103,0.5000000000230671,2.6193810555946455,,mm,,"deformed image of the line (x=parameter, 0.5, 0.5)"
1,4,midline,60x6x6,61347,True,,,75,7.5,7.120444414842967,0.500000000025078,2.66109631446826,,mm,,"deformed image of the line (x=parameter, 0.5, 0.5)"
1,4,midline,60x6x6,61347,True,,,76,7.6,7.21130300657061,0.5000000000271468,2.702877810263237,,mm,,"deformed image of the line (x=parameter, 0.5, 0.5)"
1,4,midline,60x6x6,61347,True,,,77,7.7,7.302133666552917,0.5000000000292744,2.7447202662233927,,mm,,"deformed image of the line (x=parameter, 0.5, 0.5)"
1,4,midline,60x6x6,61347,True,,,78,7.8,7.392939524439981,0.5000000000314547,2.7866166889320136,,mm,,"deformed image of the line (x=parameter, 0.5, 0.5)"
1,4,midline,60x6x6,61347,True,,,79,7.9,7.483722419214856,0.5000000000336866,2.8285630290068395,,mm,,"deformed image of the line (x=parameter, 0.5, 0.5)"
1,4,midline,60x6x6,61347,True,,,80,8.0,7.574485169660834,0.5000000000359628,2.8705531067390715,,mm,,"deformed image of the line (x=parameter, 0.5, 0.5)"
1,4,midline,60x6x6,61347,True,,,81,8.1,7.6652299634378185,0.5000000000382815,2.9125820772672157,,mm,,"deformed image of the line (x=parameter, 0.5, 0.5)"
1,4,midline,60x6x6,61347,True,,,82,8.2,7.75595872003988,0.500000000040639,2.9546457974988347,,mm,,"deformed image of the line (x=parameter, 0.5, 0.5)"
1,4,midline,60x6x6,61347,True,,,83,8.3,7.846673954426928,0.5000000000430296,2.9967387603531526,,mm,,"deformed image of the line (x=parameter, 0.5, 0.5)"
1,4,midline,60x6x6,61347,True,,,84,8.4,7.937377114396793,0.5000000000454508,3.0388578254766205,,mm,,"deformed image of the line (x=parameter, 0.5, 0.5)"
1,4,midline,60x6x6,61347,True,,,85,8.5,8.028070373508724,0.5000000000478982,3.0809982858857046,,mm,,"deformed image of the line (x=parameter, 0.5, 0.5)"
1,4,midline,60x6x6,61347,True,,,86,8.6,8.118755434145848,0.5000000000503676,3.12315643524282,,mm,,"deformed image of the line (x=parameter, 0.5, 0.5)"
1,4,midline,60x6x6,61347,True,,,87,8.7,8.209433702059718,0.5000000000528536,3.165329255715777,,mm,,"deformed image of the line (x=parameter, 0.5, 0.5)"
1,4,midline,60x6x6,61347,True,,,88,8.8,8.300107041065267,0.5000000000553543,3.207512711849446,,mm,,"deformed image of the line (x=parameter, 0.5, 0.5)"
1,4,midline,60x6x6,61347,True,,,89,8.9,8.390776490225171,0.5000000000578664,3.249704565883632,,mm,,"deformed image of the line (x=parameter, 0.5, 0.5)"
1,4,midline,60x6x6,61347,True,,,90,9.0,8.481443554434012,0.5000000000603855,3.2919015762087533,,mm,,"deformed image of the line (x=parameter, 0.5, 0.5)"
1,4,midline,60x6x6,61347,True,,,91,9.1,8.572109425616429,0.5000000000629101,3.33410116983146,,mm,,"deformed image of the line (x=parameter, 0.5, 0.5)"
1,4,midline,60x6x6,61347,True,,,92,9.2,8.662774984445463,0.5000000000654361,3.3763014564102893,,mm,,"deformed image of the line (x=parameter, 0.5, 0.5)"
1,4,midline,60x6x6,61347,True,,,93,9.3,8.753441416256955,0.5000000000679612,3.4184998808564204,,mm,,"deformed image of the line (x=parameter, 0.5, 0.5)"
1,4,midline,60x6x6,61347,True,,,94,9.4,8.844109332525134,0.5000000000704831,3.4606951277855655,,mm,,"deformed image of the line (x=parameter, 0.5, 0.5)"
1,4,midline,60x6x6,61347,True,,,95,9.5,8.934779545109478,0.5000000000730007,3.5028854485443173,,mm,,"deformed image of the line (x=parameter, 0.5, 0.5)"
1,4,midline,60x6x6,61347,True,,,96,9.6,9.025452676123136,0.5000000000755118,3.5450695025371304,,mm,,"deformed image of the line (x=parameter, 0.5, 0.5)"
1,4,midline,60x6x6,61347,True,,,97,9.7,9.116129045745833,0.500000000078015,3.587246599264377,,mm,,"deformed image of the line (x=parameter, 0.5, 0.5)"
1,4,midline,60x6x6,61347,True,,,98,9.8,9.206809278996921,0.5000000000805095,3.6294153910777642,,mm,,"deformed image of the line (x=parameter, 0.5, 0.5)"
1,4,midline,60x6x6,61347,True,,,99,9.9,9.29749367059918,0.5000000000829937,3.6715752424431876,,mm,,"deformed image of the line (x=parameter, 0.5, 0.5)"
1,4,midline,60x6x6,61347,True,,,100,10.0,9.388183193800264,0.5000000000854636,3.713724056841897,,mm,,"deformed image of the line (x=parameter, 0.5, 0.5)"
1,5,strain,60x6x6,61347,True,,x,1,0.0,,,,-0.1560999994969392,percent,-0.155,"pair 1 mm apart along x, labelled by the first point x=parameter"
1,5,strain,60x6x6,61347,True,,x,2,1.0,,,,-0.10490525990788369,percent,-0.1,"pair 1 mm apart along x, labelled by the first point x=parameter"
1,5,strain,60x6x6,61347,True,,x,3,2.0,,,,-0.06446079898154711,percent,-0.072,"pair 1 mm apart along x, labelled by the first point x=parameter"
1,5,strain,60x6x6,61347,True,,x,4,3.0,,,,-0.034574927125508026,percent,-0.036,"pair 1 mm apart along x, labelled by the first point x=parameter"
1,5,strain,60x6x6,61347,True,,x,5,4.0,,,,-0.015277365106591834,percent,-0.017,"pair 1 mm apart along x, labelled by the first point x=parameter"
1,5,strain,60x6x6,61347,True,,x,6,5.0,,,,-0.003923878685541116,percent,-0.006,"pair 1 mm apart along x, labelled by the first point x=parameter"
1,5,strain,60x6x6,61347,True,,x,7,6.0,,,,0.0019959851732531675,percent,0.0,"pair 1 mm apart along x, labelled by the first point x=parameter"
1,5,strain,60x6x6,61347,True,,x,8,7.0,,,,0.004573460989765188,percent,0.003,"pair 1 mm apart along x, labelled by the first point x=parameter"
1,5,strain,60x6x6,61347,True,,x,9,8.0,,,,0.0054020758286643655,percent,0.005,"pair 1 mm apart along x, labelled by the first point x=parameter"
1,5,strain,60x6x6,61347,True,,y,1,0.0,,,,0.0,percent,0.0,"pair 0.4 mm apart in y at (x=parameter, 0.5, 0.5)"
1,5,strain,60x6x6,61347,True,,y,2,1.0,,,,0.3813197409084701,percent,0.38,"pair 0.4 mm apart in y at (x=parameter, 0.5, 0.5)"
1,5,strain,60x6x6,61347,True,,y,3,2.0,,,,0.24741408594568526,percent,0.245,"pair 0.4 mm apart in y at (x=parameter, 0.5, 0.5)"
1,5,strain,60x6x6,61347,True,,y,4,3.0,,,,0.15528086211911152,percent,0.155,"pair 0.4 mm apart in y at (x=parameter, 0.5, 0.5)"
1,5,strain,60x6x6,61347,True,,y,5,4.0,,,,0.09472749305001749,percent,0.093,"pair 0.4 mm apart in y at (x=parameter, 0.5, 0.5)"
1,5,strain,60x6x6,61347,True,,y,6,5.0,,,,0.05755531343276665,percent,0.058,"pair 0.4 mm apart in y at (x=parameter, 0.5, 0.5)"
1,5,strain,60x6x6,61347,True,,y,7,6.0,,,,0.03693633569841204,percent,0.038,"pair 0.4 mm apart in y at (x=parameter, 0.5, 0.5)"
1,5,strain,60x6x6,61347,True,,y,8,7.0,,,,0.027039249912830243,percent,0.027,"pair 0.4 mm apart in y at (x=parameter, 0.5, 0.5)"
1,5,strain,60x6x6,61347,True,,y,9,8.0,,,,0.023265640669234422,percent,0.022,"pair 0.4 mm apart in y at (x=parameter, 0.5, 0.5)"
1,5,strain,60x6x6,61347,True,,y,10,9.0,,,,0.022320341615511552,percent,0.02,"pair 0.4 mm apart in y at (x=parameter, 0.5, 0.5)"
1,5,strain,60x6x6,61347,True,,z,1,0.0,,,,-2.220446049250313e-14,percent,0.0,"pair 0.4 mm apart in z at (x=parameter, 0.5, 0.5)"
1,5,strain,60x6x6,61347,True,,z,2,1.0,,,,0.8830641142030915,percent,0.905,"pair 0.4 mm apart in z at (x=parameter, 0.5, 0.5)"
1,5,strain,60x6x6,61347,True,,z,3,2.0,,,,0.7253128698337941,percent,0.72,"pair 0.4 mm apart in z at (x=parameter, 0.5, 0.5)"
1,5,strain,60x6x6,61347,True,,z,4,3.0,,,,0.5749146637482383,percent,0.55,"pair 0.4 mm apart in z at (x=parameter, 0.5, 0.5)"
1,5,strain,60x6x6,61347,True,,z,5,4.0,,,,0.43257242960590414,percent,0.415,"pair 0.4 mm apart in z at (x=parameter, 0.5, 0.5)"
1,5,strain,60x6x6,61347,True,,z,6,5.0,,,,0.30425636578166326,percent,0.3,"pair 0.4 mm apart in z at (x=parameter, 0.5, 0.5)"
1,5,strain,60x6x6,61347,True,,z,7,6.0,,,,0.19402952065448176,percent,0.2,"pair 0.4 mm apart in z at (x=parameter, 0.5, 0.5)"
1,5,strain,60x6x6,61347,True,,z,8,7.0,,,,0.10510887038090999,percent,0.115,"pair 0.4 mm apart in z at (x=parameter, 0.5, 0.5)"
1,5,strain,60x6x6,61347,True,,z,9,8.0,,,,0.039911298857320254,percent,0.05,"pair 0.4 mm apart in z at (x=parameter, 0.5, 0.5)"
1,5,strain,60x6x6,61347,True,,z,10,9.0,,,,3.381340145658385e-05,percent,0.005,"pair 0.4 mm apart in z at (x=parameter, 0.5, 0.5)"
2,6,apex_z,1x6x12,2601,False,endo,,,,,,,-26.653743587004072,mm,-26.6,deformed z of the apex on this surface
2,6,apex_z,1x6x12,2601,False,epi,,,,,,,-28.439399271168394,mm,-28.3,deformed z of the apex on this surface
2,7,midline,1x6x12,2601,False,mid,,0,0.0,1.0121518764677793e-09,2.8488645527449716e-10,-27.330692688558663,,mm,,"deformed midwall line t=0.5, v=0, apex (s=0) to base (s=1)"
2,7,midline,1x6x12,2601,False,mid,,1,0.01,-0.19792515912309394,2.8448244531936044e-10,-27.331293092096896,,mm,,"deformed midwall line t=0.5, v=0, apex (s=0) to base (s=1)"
2,7,midline,1x6x12,2601,False,mid,,2,0.02,-0.39799372945040323,2.840617263886183e-10,-27.3249439081309,,mm,,"deformed midwall line t=0.5, v=0, apex (s=0) to base (s=1)"
2,7,midline,1x6x12,2601,False,mid,,3,0.03,-0.6001593153882833,2.8362454813973956e-10,-27.311626938434873,,mm,,"deformed midwall line t=0.5, v=0, apex (s=0) to base (s=1)"
2,7,midline,1x6x12,2601,False,mid,,4,0.04,-0.8043695413715681,2.831711350295986e-10,-27.29132789514923,,mm,,"deformed midwall line t=0.5, v=0, apex (s=0) to base (s=1)"
2,7,midline,1x6x12,2601,False,mid,,5,0.05,-1.0105664598857516,2.8270169461730444e-10,-27.26403718307138,,mm,,"deformed midwall line t=0.5, v=0, apex (s=0) to base (s=1)"
2,7,midline,1x6x12,2601,False,mid,,6,0.06,-1.2186870912511014,2.822164243210853e-10,-27.229750540128457,,mm,,"deformed midwall line t=0.5, v=0, apex (s=0) to base (s=1)"
2,7,midline,1x6x12,2601,False,mid,,7,0.07,-1.4286640817271454,2.8171551640195064e-10,-27.18846951465038,,mm,,"deformed midwall line t=0.5, v=0, apex (s=0) to base (s=1)"
2,7,midline,1x6x12,2601,False,mid,,8,0.08,-1.6404264619863018,2.8119916101808465e-10,-27.140201765197045,,mm,,"deformed midwall line t=0.5, v=0, apex (s=0) to base (s=1)"
2,7,midline,1x6x12,2601,False,mid,,9,0.09,-1.8539004838527995,2.806675472744842e-10,-27.084961176312206,,mm,,"deformed midwall line t=0.5, v=0, apex (s=0) to base (s=1)"
2,7,midline,1x6x12,2601,False,mid,,10,0.1,-2.0690105105883365,2.8012086227639863e-10,-27.02276779120326,,mm,,"deformed midwall line t=0.5, v=0, apex (s=0) to base (s=1)"
2,7,midline,1x6x12,2601,False,mid,,11,0.11,-2.2856799349534187,2.7955928827658616e-10,-26.953647569520598,,mm,,"deformed midwall line t=0.5, v=0, apex (s=0) to base (s=1)"
2,7,midline,1x6x12,2601,False,mid,,12,0.12,-2.5038320996698817,2.789829980796614e-10,-26.877631984739086,,mm,,"deformed midwall line t=0.5, v=0, apex (s=0) to base (s=1)"
2,7,midline,1x6x12,2601,False,mid,,13,0.13,-2.72339119653593,2.783921489271987e-10,-26.794757480820337,,mm,,"deformed midwall line t=0.5, v=0, apex (s=0) to base (s=1)"
2,7,midline,1x6x12,2601,False,mid,,14,0.14,-2.9442831230047743,2.777868751315551e-10,-26.705064811667683,,mm,,"deformed midwall line t=0.5, v=0, apex (s=0) to base (s=1)"
2,7,midline,1x6x12,2601,False,mid,,15,0.15,-3.1664362782059983,2.7716727975293187e-10,-26.608598289300975,,mm,,"deformed midwall line t=0.5, v=0, apex (s=0) to base (s=1)"
2,7,midline,1x6x12,2601,False,mid,,16,0.16,-3.3897822838429703,2.7653342562295833e-10,-26.505404967709534,,mm,,"deformed midwall line t=0.5, v=0, apex (s=0) to base (s=1)"
2,7,midline,1x6x12,2601,False,mid,,17,0.17,-3.6121075672695864,2.7568617967670437e-10,-26.395413717280054,,mm,,"deformed midwall line t=0.5, v=0, apex (s=0) to base (s=1)"
2,7,midline,1x6x12,2601,False,mid,,18,0.18,-3.8311030597366544,2.743996310467571e-10,-26.276906283451762,,mm,,"deformed midwall line t=0.5, v=0, apex (s=0) to base (s=1)"
2,7,midline,1x6x12,2601,False,mid,,19,0.19,-4.050947399597863,2.7305896080740376e-10,-26.149308563501357,,mm,,"deformed midwall line t=0.5, v=0, apex (s=0) to base (s=1)"
2,7,midline,1x6x12,2601,False,mid,,20,0.2,-4.271565762173795,2.716645036398906e-10,-26.012626921696214,,mm,,"deformed midwall line t=0.5, v=0, apex (s=0) to base (s=1)"
2,7,midline,1x6x12,2601,False,mid,,21,0.21,-4.49288136658488,2.702166096579878e-10,-25.866877456152054,,mm,,"deformed midwall line t=0.5, v=0, apex (s=0) to base (s=1)"
2,7,midline,1x6x12,2601,False,mid,,22,0.22,-4.714816080579942,2.687156632008012e-10,-25.712085930710035,,mm,,"deformed midwall line t=0.5, v=0, apex (s=0) to base (s=1)"
2,7,midline,1x6x12,2601,False,mid,,23,0.23,-4.937291012092265,2.6716209543050813e-10,-25.548287575583576,,mm,,"deformed midwall line t=0.5, v=0, apex (s=0) to base (s=1)"
2,7,midline,1x6x12,2601,False,mid,,24,0.24,-5.160227076439064,2.65556390807806e-10,-25.37552676848723,,mm,,"deformed midwall line t=0.5, v=0, apex (s=0) to base (s=1)"
2,7,midline,1x6x12,2601,False,mid,,25,0.25,-5.383545529524099,2.6389908770688455e-10,-25.193856610829382,,mm,,"deformed midwall line t=0.5, v=0, apex (s=0) to base (s=1)"
2,7,midline,1x6x12,2601,False,mid,,26,0.26,-5.607168459220028,2.6219077358941427e-10,-25.00333841543918,,mm,,"deformed midwall line t=0.5, v=0, apex (s=0) to base (s=1)"
2,7,midline,1x6x12,2601,False,mid,,27,0.27,-5.831019229115757,2.60432075279885e-10,-24.804041123262067,,mm,,"deformed midwall line t=0.5, v=0, apex (s=0) to base (s=1)"
2,7,midline,1x6x12,2601,False,mid,,28,0.28,-6.055022870846876,2.5862364497167836e-10,-24.596040666601386,,mm,,"deformed midwall line t=0.5, v=0, apex (s=0) to base (s=1)"
2,7,midline,1x6x12,2601,False,mid,,29,0.29,-6.279106423141922,2.567661426458059e-10,-24.37941929594188,,mm,,"deformed midwall line t=0.5, v=0, apex (s=0) to base (s=1)"
2,7,midline,1x6x12,2601,False,mid,,30,0.3,-6.5031992174055855,2.5486021560534345e-10,-24.154264886318984,,mm,,"deformed midwall line t=0.5, v=0, apex (s=0) to base (s=1)"
2,7,midline,1x6x12,2601,False,mid,,31,0.31,-6.727233111048774,2.529064758225261e-10,-23.92067023774878,,mm,,"deformed midwall line t=0.5, v=0, apex (s=0) to base (s=1)"
2,7,midline,1x6x12,2601,False,mid,,32,0.32,-6.951142670828665,2.5090547576722963e-10,-23.678732382553182,,mm,,"deformed midwall line t=0.5, v=0, apex (s=0) to base (s=1)"
2,7,midline,1x6x12,2601,False,mid,,33,0.33,-7.174865309172309,2.488576833403991e-10,-23.428551910630635,,mm,,"deformed midwall line t=0.5, v=0, apex (s=0) to base (s=1)"
2,7,midline,1x6x12,2601,False,mid,,34,0.34,-7.394850540176694,2.4677851400558e-10,-23.170576968872332,,mm,,"deformed midwall line t=0.5, v=0, apex (s=0) to base (s=1)"
2,7,midline,1x6x12,2601,False,mid,,35,0.35,-7.611077708844796,2.446313932392605e-10,-22.9040829327412,,mm,,"deformed midwall line t=0.5, v=0, apex (s=0) to base (s=1)"
2,7,midline,1x6x12,2601,False,mid,,36,0.36,-7.824855270354263,2.424036270665957e-10,-22.628827524081643,,mm,,"deformed midwall line t=0.5, v=0, apex (s=0) to base (s=1)"
2,7,midline,1x6x12,2601,False,mid,,37,0.37,-8.036086970547576,2.400959049509567e-10,-22.344875503147495,,mm,,"deformed midwall line t=0.5, v=0, apex (s=0) to base (s=1)"
2,7,midline,1x6x12,2601,False,mid,,38,0.38,-8.244680920152016,2.377088864984192e-10,-22.052300688305507,,mm,,"deformed midwall line t=0.5, v=0, apex (s=0) to base (s=1)"
2,7,midline,1x6x12,2601,False,mid,,39,0.39,-8.450549829348173,2.352432367776335e-10,-21.751185478729617,,mm,,"deformed midwall line t=0.5, v=0, apex (s=0) to base (s=1)"
2,7,midline,1x6x12,2601,False,mid,,40,0.4,-8.65361118623784,2.326996545080523e-10,-21.441620364791063,,mm,,"deformed midwall line t=0.5, v=0, apex (s=0) to base (s=1)"
2,7,midline,1x6x12,2601,False,mid,,41,0.41,-8.853787381571205,2.3007889326838102e-10,-21.123703433109753,,mm,,"deformed midwall line t=0.5, v=0, apex (s=0) to base (s=1)"
2,7,midline,1x6x12,2601,False,mid,,42,0.42,-9.051005782851059,2.2738177599756386e-10,-20.79753987266924,,mm,,"deformed midwall line t=0.5, v=0, apex (s=0) to base (s=1)"
2,7,midline,1x6x12,2601,False,mid,,43,0.43,-9.245198761542607,2.246092031599034e-10,-20.46324148770786,,mm,,"deformed midwall line t=0.5, v=0, apex (s=0) to base (s=1)"
2,7,midline,1x6x12,2601,False,mid,,44,0.44,-9.436303677574548,2.2176215502454855e-10,-20.120926222331462,,mm,,"deformed midwall line t=0.5, v=0, apex (s=0) to base (s=1)"
2,7,midline,1x6x12,2601,False,mid,,45,0.45,-9.624262825618619,2.1884168856872403e-10,-19.77071770099029,,mm,,"deformed midwall line t=0.5, v=0, apex (s=0) to base (s=1)"
2,7,midline,1x6x12,2601,False,mid,,46,0.46,-9.809023347788726,2.1584892955535053e-10,-19.4127447881619,,mm,,"deformed midwall line t=0.5, v=0, apex (s=0) to base (s=1)"
2,7,midline,1x6x12,2601,False,mid,,47,0.47,-9.990537117418736,2.1278506036109382e-10,-19.04714116981302,,mm,,"deformed midwall line t=0.5, v=0, apex (s=0) to base (s=1)"
2,7,midline,1x6x12,2601,False,mid,,48,0.48,-10.168760598476174,2.0965130414250455e-10,-18.674044958501014,,mm,,"deformed midwall line t=0.5, v=0, apex (s=0) to base (s=1)"
2,7,midline,1x6x12,2601,False,mid,,49,0.49,-10.343654684966012,2.0644890592795303e-10,-18.293598323334795,,mm,,"deformed midwall line t=0.5, v=0, apex (s=0) to base (s=1)"
2,7,midline,1x6x12,2601,False,mid,,50,0.5,-10.51518452439423,2.031791112136332e-10,-17.905947145457045,,mm,,"deformed midwall line t=0.5, v=0, apex (s=0) to base (s=1)"
2,7,midline,1x6x12,2601,False,mid,,51,0.51,-10.67941223226237,2.002077215412259e-10,-17.51333043834424,,mm,,"deformed midwall line t=0.5, v=0, apex (s=0) to base (s=1)"
2,7,midline,1x6x12,2601,False,mid,,52,0.52,-10.839546975315892,1.9718300754879096e-10,-17.114349982467463,,mm,,"deformed midwall line t=0.5, v=0, apex (s=0) to base (s=1)"
2,7,midline,1x6x12,2601,False,mid,,53,0.53,-10.995504040863445,1.9410579604422812e-10,-16.709123287651764,,mm,,"deformed midwall line t=0.5, v=0, apex (s=0) to base (s=1)"
2,7,midline,1x6x12,2601,False,mid,,54,0.54,-11.14720462132532,1.9097697769326033e-10,-16.297773773336907,,mm,,"deformed midwall line t=0.5, v=0, apex (s=0) to base (s=1)"
2,7,midline,1x6x12,2601,False,mid,,55,0.55,-11.294575877708875,1.8779750049421642e-10,-15.880430316896911,,mm,,"deformed midwall line t=0.5, v=0, apex (s=0) to base (s=1)"
2,7,midline,1x6x12,2601,False,mid,,56,0.56,-11.437550974183829,1.8456836385964213e-10,-15.457226835917703,,mm,,"deformed midwall line t=0.5, v=0, apex (s=0) to base (s=1)"
2,7,midline,1x6x12,2601,False,mid,,57,0.57,-11.576069085124644,1.8129061332191847e-10,-15.02830190577079,,mm,,"deformed midwall line t=0.5, v=0, apex (s=0) to base (s=1)"
2,7,midline,1x6x12,2601,False,mid,,58,0.58,-11.710075376172895,1.7796533587019492e-10,-14.593798413279881,,mm,,"deformed midwall line t=0.5, v=0, apex (s=0) to base (s=1)"
2,7,midline,1x6x12,2601,False,mid,,59,0.59,-11.839520961031498,1.7459365591725545e-10,-14.153863246762775,,mm,,"deformed midwall line t=0.5, v=0, apex (s=0) to base (s=1)"
2,7,midline,1x6x12,2601,False,mid,,60,0.6,-11.964362835830238,1.7117673188720679e-10,-13.708647022246755,,mm,,"deformed midwall line t=0.5, v=0, apex (s=0) to base (s=1)"
2,7,midline,1x6x12,2601,False,mid,,61,0.61,-12.08456379299599,1.6771575340791436e-10,-13.258303845211364,,mm,,"deformed midwall line t=0.5, v=0, apex (s=0) to base (s=1)"
2,7,midline,1x6x12,2601,False,mid,,62,0.62,-12.200092316620221,1.642119390857174e-10,-12.802991106809113,,mm,,"deformed midwall line t=0.5, v=0, apex (s=0) to base (s=1)"
2,7,midline,1x6x12,2601,False,mid,,63,0.63,-12.3109224613404,1.606665348339865e-10,-12.342869313157854,,mm,,"deformed midwall line t=0.5, v=0, apex (s=0) to base (s=1)"
2,7,midline,1x6x12,2601,False,mid,,64,0.64,-12.417033716742111,1.5708081272139896e-10,-11.878101945987478,,mm,,"deformed midwall line t=0.5, v=0, apex (s=0) to base (s=1)"
2,7,midline,1x6x12,2601,False,mid,,65,0.65,-12.518410859246801,1.5345607030031156e-10,-11.408855352659703,,mm,,"deformed midwall line t=0.5, v=0, apex (s=0) to base (s=1)"
2,7,midline,1x6x12,2601,False,mid,,66,0.66,-12.615043793378756,1.4979363037022438e-10,-10.93529866336154,,mm,,"deformed midwall line t=0.5, v=0, apex (s=0) to base (s=1)"
2,7,midline,1x6x12,2601,False,mid,,67,0.67,-12.710037697073698,1.4605611857036978e-10,-10.454837945185256,,mm,,"deformed midwall line t=0.5, v=0, apex (s=0) to base (s=1)"
2,7,midline,1x6x12,2601,False,mid,,68,0.68,-12.80151738149265,1.421992602191386e-10,-9.965847426564315,,mm,,"deformed midwall line t=0.5, v=0, apex (s=0) to base (s=1)"
2,7,midline,1x6x12,2601,False,mid,,69,0.69,-12.880679575570538,1.3829827560615526e-10,-9.47450588173393,,mm,,"deformed midwall line t=0.5, v=0, apex (s=0) to base (s=1)"
2,7,midline,1x6x12,2601,False,mid,,70,0.7,-12.94742085474169,1.3435435828163104e-10,-8.980977347248679,,mm,,"deformed midwall line t=0.5, v=0, apex (s=0) to base (s=1)"
2,7,midline,1x6x12,2601,False,mid,,71,0.71,-13.001653505541501,1.303687115649387e-10,-8.485428496081433,,mm,,"deformed midwall line t=0.5, v=0, apex (s=0) to base (s=1)"
2,7,midline,1x6x12,2601,False,mid,,72,0.72,-13.043305806198385,1.263425614281943e-10,-7.9880279276604185,,mm,,"deformed midwall line t=0.5, v=0, apex (s=0) to base (s=1)"
2,7,midline,1x6x12,2601,False,mid,,73,0.73,-13.072322224118162,1.2227716678184178e-10,-7.4889455597029615,,mm,,"deformed midwall line t=0.5, v=0, apex (s=0) to base (s=1)"
2,7,midline,1x6x12,2601,False,mid,,74,0.74,-13.088663529918037,1.181738271353637e-10,-6.988352123809008,,mm,,"deformed midwall line t=0.5, v=0, apex (s=0) to base (s=1)"
2,7,midline,1x6x12,2601,False,mid,,75,0.75,-13.09230682830942,1.1403388762701683e-10,-6.48641876579748,,mm,,"deformed midwall line t=0.5, v=0, apex (s=0) to base (s=1)"
2,7,midline,1x6x12,2601,False,mid,,76,0.76,-13.083245506735098,1.0985874143772236e-10,-5.983316750809237,,mm,,"deformed midwall line t=0.5, v=0, apex (s=0) to base (s=1)"
2,7,midline,1x6x12,2601,False,mid,,77,0.77,-13.061489103239829,1.0564982962557002e-10,-5.479217272268447,,mm,,"deformed midwall line t=0.5, v=0, apex (s=0) to base (s=1)"
2,7,midline,1x6x12,2601,False,mid,,78,0.78,-13.027063095596558,1.0140863843847866e-10,-4.974291362895604,,mm,,"deformed midwall line t=0.5, v=0, apex (s=0) to base (s=1)"
2,7,midline,1x6x12,2601,False,mid,,79,0.79,-12.98000861422629,9.713669418306232e-11,-4.468709905105497,,mm,,"deformed midwall line t=0.5, v=0, apex (s=0) to base (s=1)"
2,7,midline,1x6x12,2601,False,mid,,80,0.8,-12.920382081940254,9.283555574737093e-11,-3.9626437373065766,,mm,,"deformed midwall line t=0.5, v=0, apex (s=0) to base (s=1)"
2,7,midline,1x6x12,2601,False,mid,,81,0.81,-12.8482547840017,8.850680489362868e-11,-3.456263851849206,,mm,,"deformed midwall line t=0.5, v=0, apex (s=0) to base (s=1)"
2,7,midline,1x6x12,2601,False,mid,,82,0.82,-12.763712372452217,8.415203445411739e-11,-2.9497416796519413,,mm,,"deformed midwall line t=0.5, v=0, apex (s=0) to base (s=1)"
2,7,midline,1x6x12,2601,False,mid,,83,0.83,-12.666854309077053,7.977283457873378e-11,-2.443249455871892,,mm,,"deformed midwall line t=0.5, v=0, apex (s=0) to base (s=1)"
2,7,midline,1x6x12,2601,False,mid,,84,0.84,-12.544769255095897,7.530469840217264e-11,-1.92026632104981,,mm,,"deformed midwall line t=0.5, v=0, apex (s=0) to base (s=1)"
2,7,midline,1x6x12,2601,False,mid,,85,0.85,-12.399901876003737,7.077363292376176e-11,-1.3980178497976374,,mm,,"deformed midwall line t=0.5, v=0, apex (s=0) to base (s=1)"
2,7,midline,1x6x12,2601,False,mid,,86,0.86,-12.237884737995246,6.621228166223188e-11,-0.8868348284641603,,mm,,"deformed midwall line t=0.5, v=0, apex (s=0) to base (s=1)"
2,7,midline,1x6x12,2601,False,mid,,87,0.87,-12.058673462656833,6.16219807235961e-11,-0.3869566610537771,,mm,,"deformed midwall line t=0.5, v=0, apex (s=0) to base (s=1)"
2,7,midline,1x6x12,2601,False,mid,,88,0.88,-11.862244206568453,5.700411296961116e-11,0.10139070387139959,,mm,,"deformed midwall line t=0.5, v=0, apex (s=0) to base (s=1)"
2,7,midline,1x6x12,2601,False,mid,,89,0.89,-11.648594624216717,5.2360106985702084e-11,0.5779951968732276,,mm,,"deformed midwall line t=0.5, v=0, apex (s=0) to base (s=1)"
2,7,midline,1x6x12,2601,False,mid,,90,0.9,-11.417744598678288,4.769143600357877e-11,1.0426590388141104,,mm,,"deformed midwall line t=0.5, v=0, apex (s=0) to base (s=1)"
2,7,midline,1x6x12,2601,False,mid,,91,0.91,-11.169736727743064,4.2999616781908576e-11,1.49519913714214,,mm,,"deformed midwall line t=0.5, v=0, apex (s=0) to base (s=1)"
2,7,midline,1x6x12,2601,False,mid,,92,0.92,-10.904636554580673,3.8286208445857613e-11,1.9354474648045137,,mm,,"deformed midwall line t=0.5, v=0, apex (s=0) to base (s=1)"
2,7,midline,1x6x12,2601,False,mid,,93,0.93,-10.622532533724986,3.355281128487092e-11,2.36325141922023,,mm,,"deformed midwall line t=0.5, v=0, apex (s=0) to base (s=1)"
2,7,midline,1x6x12,2601,False,mid,,94,0.94,-10.323535725047812,2.880106550751303e-11,2.778474158666764,,mm,,"deformed midwall line t=0.5, v=0, apex (s=0) to base (s=1)"
2,7,midline,1x6x12,2601,False,mid,,95,0.95,-10.007779210498022,2.4032649952287994e-11,3.1809949133783326,,mm,,"deformed midwall line t=0.5, v=0, apex (s=0) to base (s=1)"
2,7,midline,1x6x12,2601,False,mid,,96,0.96,-9.675417230672318,1.924928075382457e-11,3.5707092686229016,,mm,,"deformed midwall line t=0.5, v=0, apex (s=0) to base (s=1)"
2,7,midline,1x6x12,2601,False,mid,,97,0.97,-9.326624040731296,1.4452709964347586e-11,3.9475294170288757,,mm,,"deformed midwall line t=0.5, v=0, apex (s=0) to base (s=1)"
2,7,midline,1x6x12,2601,False,mid,,98,0.98,-8.961592487744559,9.644724130652202e-12,4.31138437747681,,mm,,"deformed midwall line t=0.5, v=0, apex (s=0) to base (s=1)"
2,7,midline,1x6x12,2601,False,mid,,99,0.99,-8.58053231420202,4.8271428265212655e-12,4.662220177964498,,mm,,"deformed midwall line t=0.5, v=0, apex (s=0) to base (s=1)"
2,7,midline,1x6x12,2601,False,mid,,100,1.0,-8.18366819512073,1.8171393712231264e-15,5.0,,mm,,"deformed midwall line t=0.5, v=0, apex (s=0) to base (s=1)"
2,8,strain,1x6x12,2601,False,endo,long,1,0.095,,,,58.3143825230243,percent,58,"pair of neighbouring stations along the layer, labelled by the first (s=parameter)"
2,8,strain,1x6x12,2601,False,endo,long,2,0.19,,,,55.01329990519157,percent,57,"pair of neighbouring stations along the layer, labelled by the first (s=parameter)"
2,8,strain,1x6x12,2601,False,endo,long,3,0.285,,,,54.23397038970747,percent,55,"pair of neighbouring stations along the layer, labelled by the first (s=parameter)"
2,8,strain,1x6x12,2601,False,endo,long,4,0.38,,,,52.89963175891255,percent,54,"pair of neighbouring stations along the layer, labelled by the first (s=parameter)"
2,8,strain,1x6x12,2601,False,endo,long,5,0.475,,,,52.75893522385622,percent,53,"pair of neighbouring stations along the layer, labelled by the first (s=parameter)"
2,8,strain,1x6x12,2601,False,endo,long,6,0.57,,,,51.45030943706281,percent,52,"pair of neighbouring stations along the layer, labelled by the first (s=parameter)"
2,8,strain,1x6x12,2601,False,endo,long,7,0.6649999999999999,,,,54.256246594577064,percent,52,"pair of neighbouring stations along the layer, labelled by the first (s=parameter)"
2,8,strain,1x6x12,2601,False,endo,long,8,0.76,,,,51.447939479734096,percent,53,"pair of neighbouring stations along the layer, labelled by the first (s=parameter)"
2,8,strain,1x6x12,2601,False,endo,long,9,0.8549999999999999,,,,60.29410402524644,percent,61,"pair of neighbouring stations along the layer, labelled by the first (s=parameter)"
2,8,strain,1x6x12,2601,False,endo,circ,1,0.095,,,,61.117840088536404,percent,62,station paired with its image rotated by pi/10 about the axis
2,8,strain,1x6x12,2601,False,endo,circ,2,0.19,,,,65.82903815302564,percent,67,station paired with its image rotated by pi/10 about the axis
2,8,strain,1x6x12,2601,False,endo,circ,3,0.285,,,,69.75578858250984,percent,72,station paired with its image rotated by pi/10 about the axis
2,8,strain,1x6x12,2601,False,endo,circ,4,0.38,,,,73.85509798257111,percent,75,station paired with its image rotated by pi/10 about the axis
2,8,strain,1x6x12,2601,False,endo,circ,5,0.475,,,,76.31581125073726,percent,77,station paired with its image rotated by pi/10 about the axis
2,8,strain,1x6x12,2601,False,endo,circ,6,0.57,,,,77.72184440643548,percent,78,station paired with its image rotated by pi/10 about the axis
2,8,strain,1x6x12,2601,False,endo,circ,7,0.6649999999999999,,,,78.27127011725278,percent,78,station paired with its image rotated by pi/10 about the axis
2,8,strain,1x6x12,2601,False,endo,circ,8,0.76,,,,74.44918767393278,percent,75,station paired with its image rotated by pi/10 about the axis
2,8,strain,1x6x12,2601,False,endo,circ,9,0.8549999999999999,,,,60.59537501395915,percent,63,station paired with its image rotated by pi/10 about the axis
2,8,strain,1x6x12,2601,False,endo,circ,10,0.95,,,,27.57808431546056,percent,28,station paired with its image rotated by pi/10 about the axis
2,8,strain,1x6x12,2601,False,mid,long,1,0.095,,,,36.81482997564309,percent,36,"pair of neighbouring stations along the layer, labelled by the first (s=parameter)"
2,8,strain,1x6x12,2601,False,mid,long,2,0.19,,,,39.8283883591366,percent,40,"pair of neighbouring stations along the layer, labelled by the first (s=parameter)"
2,8,strain,1x6x12,2601,False,mid,long,3,0.285,,,,43.89401484861983,percent,44,"pair of neighbouring stations along the layer, labelled by the first (s=parameter)"
2,8,strain,1x6x12,2601,False,mid,long,4,0.38,,,,45.814036097447584,percent,47,"pair of neighbouring stations along the layer, labelled by the first (s=parameter)"
2,8,strain,1x6x12,2601,False,mid,long,5,0.475,,,,47.4220366033659,percent,48,"pair of neighbouring stations along the layer, labelled by the first (s=parameter)"
2,8,strain,1x6x12,2601,False,mid,long,6,0.57,,,,48.57119579128191,percent,49,"pair of neighbouring stations along the layer, labelled by the first (s=parameter)"
2,8,strain,1x6x12,2601,False,mid,long,7,0.6649999999999999,,,,50.038035550222105,percent,50,"pair of neighbouring stations along the layer, labelled by the first (s=parameter)"
2,8,strain,1x6x12,2601,False,mid,long,8,0.76,,,,51.80611405147428,percent,52,"pair of neighbouring stations along the layer, labelled by the first (s=parameter)"
2,8,strain,1x6x12,2601,False,mid,long,9,0.8549999999999999,,,,51.944332153915916,percent,53,"pair of neighbouring stations along the layer, labelled by the first (s=parameter)"
2,8,strain,1x6x12,2601,False,mid,circ,1,0.095,,,,32.35651502429639,percent,35,station paired with its image rotated by pi/10 about the axis
2,8,strain,1x6x12,2601,False,mid,circ,2,0.19,,,,38.8163914048991,percent,40,station paired with its image rotated by pi/10 about the axis
2,8,strain,1x6x12,2601,False,mid,circ,3,0.285,,,,44.589147908281745,percent,46,station paired with its image rotated by pi/10 about the axis
2,8,strain,1x6x12,2601,False,mid,circ,4,0.38,,,,50.405766687068756,percent,51,station paired with its image rotated by pi/10 about the axis
2,8,strain,1x6x12,2601,False,mid,circ,5,0.475,,,,54.36199208404959,percent,54,station paired with its image rotated by pi/10 about the axis
2,8,strain,1x6x12,2601,False,mid,circ,6,0.57,,,,56.885372606354004,percent,57,station paired with its image rotated by pi/10 about the axis
2,8,strain,1x6x12,2601,False,mid,circ,7,0.6649999999999999,,,,58.24508484776232,percent,58,station paired with its image rotated by pi/10 about the axis
2,8,strain,1x6x12,2601,False,mid,circ,8,0.76,,,,56.147482697105545,percent,57,station paired with its image rotated by pi/10 about the axis
2,8,strain,1x6x12,2601,False,mid,circ,9,0.8549999999999999,,,,44.95827863770383,percent,47,station paired with its image rotated by pi/10 about the axis
2,8,strain,1x6x12,2601,False,mid,circ,10,0.95,,,,19.704463080371216,percent,20,station paired with its image rotated by pi/10 about the axis
2,8,strain,1x6x12,2601,False,epi,long,1,0.095,,,,20.532266085419913,percent,22,"pair of neighbouring stations along the layer, labelled by the first (s=parameter)"
2,8,strain,1x6x12,2601,False,epi,long,2,0.19,,,,28.76470786041554,percent,28,"pair of neighbouring stations along the layer, labelled by the first (s=parameter)"
2,8,strain,1x6x12,2601,False,epi,long,3,0.285,,,,33.88304942142331,percent,34,"pair of neighbouring stations along the layer, labelled by the first (s=parameter)"
2,8,strain,1x6x12,2601,False,epi,long,4,0.38,,,,39.50109395318029,percent,40,"pair of neighbouring stations along the layer, labelled by the first (s=parameter)"
2,8,strain,1x6x12,2601,False,epi,long,5,0.475,,,,42.77577664843675,percent,43,"pair of neighbouring stations along the layer, labelled by the first (s=parameter)"
2,8,strain,1x6x12,2601,False,epi,long,6,0.57,,,,46.563928732905715,percent,46,"pair of neighbouring stations along the layer, labelled by the first (s=parameter)"
2,8,strain,1x6x12,2601,False,epi,long,7,0.6649999999999999,,,,45.129847574541174,percent,48,"pair of neighbouring stations along the layer, labelled by the first (s=parameter)"
2,8,strain,1x6x12,2601,False,epi,long,8,0.76,,,,51.989643454479115,percent,50,"pair of neighbouring stations along the layer, labelled by the first (s=parameter)"
2,8,strain,1x6x12,2601,False,epi,long,9,0.8549999999999999,,,,45.4824596250412,percent,47,"pair of neighbouring stations along the layer, labelled by the first (s=parameter)"
2,8,strain,1x6x12,2601,False,epi,circ,1,0.095,,,,19.585226212633188,percent,19,station paired with its image rotated by pi/10 about the axis
2,8,strain,1x6x12,2601,False,epi,circ,2,0.19,,,,22.673189040046292,percent,23,station paired with its image rotated by pi/10 about the axis
2,8,strain,1x6x12,2601,False,epi,circ,3,0.285,,,,28.375390929782075,percent,28,station paired with its image rotated by pi/10 about the axis
2,8,strain,1x6x12,2601,False,epi,circ,4,0.38,,,,34.08281182730053,percent,34,station paired with its image rotated by pi/10 about the axis
2,8,strain,1x6x12,2601,False,epi,circ,5,0.475,,,,38.69382684476474,percent,39,station paired with its image rotated by pi/10 about the axis
2,8,strain,1x6x12,2601,False,epi,circ,6,0.57,,,,41.92137821219446,percent,42,station paired with its image rotated by pi/10 about the axis
2,8,strain,1x6x12,2601,False,epi,circ,7,0.6649999999999999,,,,43.73129927886534,percent,43,station paired with its image rotated by pi/10 about the axis
2,8,strain,1x6x12,2601,False,epi,circ,8,0.76,,,,42.7468482640927,percent,43,station paired with its image rotated by pi/10 about the axis
2,8,strain,1x6x12,2601,False,epi,circ,9,0.8549999999999999,,,,33.945629162185,percent,35,station paired with its image rotated by pi/10 about the axis
2,8,strain,1x6x12,2601,False,epi,circ,10,0.95,,,,14.246668160481079,percent,15,station paired with its image rotated by pi/10 about the axis
2,8,strain,1x6x12,2601,False,endo,trans,1,0.095,,,,-48.415268308114676,percent,-50,"across the wall: endo-mid at endo, mid-epi at epi, endo-epi at midwall"
2,8,strain,1x6x12,2601,False,endo,trans,2,0.19,,,,-41.18800233100388,percent,-43,"across the wall: endo-mid at endo, mid-epi at epi, endo-epi at midwall"
2,8,strain,1x6x12,2601,False,endo,trans,3,0.285,,,,-34.90525293913381,percent,-36,"across the wall: endo-mid at endo, mid-epi at epi, endo-epi at midwall"
2,8,strain,1x6x12,2601,False,endo,trans,4,0.38,,,,-31.554012422389498,percent,-31,"across the wall: endo-mid at endo, mid-epi at epi, endo-epi at midwall"
2,8,strain,1x6x12,2601,False,endo,trans,5,0.475,,,,-31.625008491663863,percent,-30,"across the wall: endo-mid at endo, mid-epi at epi, endo-epi at midwall"
2,8,strain,1x6x12,2601,False,endo,trans,6,0.57,,,,-33.90570549428139,percent,-34,"across the wall: endo-mid at endo, mid-epi at epi, endo-epi at midwall"
2,8,strain,1x6x12,2601,False,endo,trans,7,0.6649999999999999,,,,-40.54705056152541,percent,-39,"across the wall: endo-mid at endo, mid-epi at epi, endo-epi at midwall"
2,8,strain,1x6x12,2601,False,endo,trans,8,0.76,,,,-41.01079216806783,percent,-45,"across the wall: endo-mid at endo, mid-epi at epi, endo-epi at midwall"
2,8,strain,1x6x12,2601,False,endo,trans,9,0.8549999999999999,,,,-47.43026331414787,percent,-46,"across the wall: endo-mid at endo, mid-epi at epi, endo-epi at midwall"
2,8,strain,1x6x12,2601,False,endo,trans,10,0.95,,,,-27.10177631725561,percent,-26,"across the wall: endo-mid at endo, mid-epi at epi, endo-epi at midwall"
2,8,strain,1x6x12,2601,False,epi,trans,1,0.095,,,,-36.4318341255749,percent,-35,"across the wall: endo-mid at endo, mid-epi at epi, endo-epi at midwall"
2,8,strain,1x6x12,2601,False,epi,trans,2,0.19,,,,-34.98063749999659,percent,-35,"across the wall: endo-mid at endo, mid-epi at epi, endo-epi at midwall"
2,8,strain,1x6x12,2601,False,epi,trans,3,0.285,,,,-33.41465550510148,percent,-34,"across the wall: endo-mid at endo, mid-epi at epi, endo-epi at midwall"
2,8,strain,1x6x12,2601,False,epi,trans,4,0.38,,,,-30.05012075878235,percent,-32,"across the wall: endo-mid at endo, mid-epi at epi, endo-epi at midwall"
2,8,strain,1x6x12,2601,False,epi,trans,5,0.475,,,,-30.327162893526737,percent,-31,"across the wall: endo-mid at endo, mid-epi at epi, endo-epi at midwall"
2,8,strain,1x6x12,2601,False,epi,trans,6,0.57,,,,-32.42433225635055,percent,-33,"across the wall: endo-mid at endo, mid-epi at epi, endo-epi at midwall"
2,8,strain,1x6x12,2601,False,epi,trans,7,0.6649999999999999,,,,-40.21075791558458,percent,-36,"across the wall: endo-mid at endo, mid-epi at epi, endo-epi at midwall"
2,8,strain,1x6x12,2601,False,epi,trans,8,0.76,,,,-38.45672075034465,percent,-39,"across the wall: endo-mid at endo, mid-epi at epi, endo-epi at midwall"
2,8,strain,1x6x12,2601,False,epi,trans,9,0.8549999999999999,,,,-41.68372181166114,percent,-42,"across the wall: endo-mid at endo, mid-epi at epi, endo-epi at midwall"
2,8,strain,1x6x12,2601,False,epi,trans,10,0.95,,,,-23.57881479394852,percent,-23,"across the wall: endo-mid at endo, mid-epi at epi, endo-epi at midwall"
2,8,strain,1x6x12,2601,False,mid,trans,1,0.095,,,,-42.81612440014254,percent,-43,"across the wall: endo-mid at endo, mid-epi at epi, endo-epi at midwall"
2,8,strain,1x6x12,2601,False,mid,trans,2,0.19,,,,-38.41212799883069,percent,-40,"across the wall: endo-mid at endo, mid-epi at epi, endo-epi at midwall"
2,8,strain,1x6x12,2601,False,mid,trans,3,0.285,,,,-34.41260770582431,percent,-34,"across the wall: endo-mid at endo, mid-epi at epi, endo-epi at midwall"
2,8,strain,1x6x12,2601,False,mid,trans,4,0.38,,,,-30.897939299776844,percent,-31,"across the wall: endo-mid at endo, mid-epi at epi, endo-epi at midwall"
2,8,strain,1x6x12,2601,False,mid,trans,5,0.475,,,,-31.032081837389004,percent,-31,"across the wall: endo-mid at endo, mid-epi at epi, endo-epi at midwall"
2,8,strain,1x6x12,2601,False,mid,trans,6,0.57,,,,-33.21445821194925,percent,-33,"across the wall: endo-mid at endo, mid-epi at epi, endo-epi at midwall"
2,8,strain,1x6x12,2601,False,mid,trans,7,0.6649999999999999,,,,-40.42881008365714,percent,-38,"across the wall: endo-mid at endo, mid-epi at epi, endo-epi at midwall"
2,8,strain,1x6x12,2601,False,mid,trans,8,0.76,,,,-39.741800948929594,percent,-42,"across the wall: endo-mid at endo, mid-epi at epi, endo-epi at midwall"
2,8,strain,1x6x12,2601,False,mid,trans,9,0.8549999999999999,,,,-44.562819603714374,percent,-44,"across the wall: endo-mid at endo, mid-epi at epi, endo-epi at midwall"
2,8,strain,1x6x12,2601,False,mid,trans,10,0.95,,,,-25.340571339913232,percent,-24,"across the wall: endo-mid at endo, mid-epi at epi, endo-epi at midwall"
2,6,apex_z,1x8x16,4617,False,endo,,,,,,,-26.64402603610884,mm,-26.6,deformed z of the apex on this surface
2,6,apex_z,1x8x16,4617,False,epi,,,,,,,-28.396290002467115,mm,-28.3,deformed z of the apex on this surface
2,7,midline,1x8x16,4617,False,mid,,0,0.0,-1.6788671172379844e-09,1.1358769269863331e-10,-27.32580246314252,,mm,,"deformed midwall line t=0.5, v=0, apex (s=0) to base (s=1)"
2,7,midline,1x8x16,4617,False,mid,,1,0.01,-0.20144818151020724,1.1428901595784007e-10,-27.323693987299485,,mm,,"deformed midwall line t=0.5, v=0, apex (s=0) to base (s=1)"
2,7,midline,1x8x16,4617,False,mid,,2,0.02,-0.40465800748394126,1.1484701168393065e-10,-27.314951809869,,mm,,"deformed midwall line t=0.5, v=0, apex (s=0) to base (s=1)"
2,7,midline,1x8x16,4617,False,mid,,3,0.03,-0.6095720038509058,1.152610068144945e-10,-27.29956510253966,,mm,,"deformed midwall line t=0.5, v=0, apex (s=0) to base (s=1)"
2,7,midline,1x8x16,4617,False,mid,,4,0.04,-0.8161279990187138,1.1553040306512886e-10,-27.277527570092417,,mm,,"deformed midwall line t=0.5, v=0, apex (s=0) to base (s=1)"
2,7,midline,1x8x16,4617,False,mid,,5,0.05,-1.0242597729045966,1.1565473143431765e-10,-27.248837980847462,,mm,,"deformed midwall line t=0.5, v=0, apex (s=0) to base (s=1)"
2,7,midline,1x8x16,4617,False,mid,,6,0.06,-1.2338978049749922,1.1563369252954479e-10,-27.21350052284334,,mm,,"deformed midwall line t=0.5, v=0, apex (s=0) to base (s=1)"
2,7,midline,1x8x16,4617,False,mid,,7,0.07,-1.4449701022793897,1.1546718158697532e-10,-27.171524975435577,,mm,,"deformed midwall line t=0.5, v=0, apex (s=0) to base (s=1)"
2,7,midline,1x8x16,4617,False,mid,,8,0.08,-1.6574030836662583,1.1515529768923973e-10,-27.12292669374196,,mm,,"deformed midwall line t=0.5, v=0, apex (s=0) to base (s=1)"
2,7,midline,1x8x16,4617,False,mid,,9,0.09,-1.8711224947563903,1.1469833732505721e-10,-27.06772641094779,,mm,,"deformed midwall line t=0.5, v=0, apex (s=0) to base (s=1)"
2,7,midline,1x8x16,4617,False,mid,,10,0.1,-2.0860543281038053,1.1409677304021586e-10,-27.005949870471092,,mm,,"deformed midwall line t=0.5, v=0, apex (s=0) to base (s=1)"
2,7,midline,1x8x16,4617,False,mid,,11,0.11,-2.302125724137028,1.133512184658649e-10,-26.93762730599515,,mm,,"deformed midwall line t=0.5, v=0, apex (s=0) to base (s=1)"
2,7,midline,1x8x16,4617,False,mid,,12,0.12,-2.519265830692599,1.1246238144893009e-10,-26.86279279212961,,mm,,"deformed midwall line t=0.5, v=0, apex (s=0) to base (s=1)"
2,7,midline,1x8x16,4617,False,mid,,13,0.13,-2.733769571595321,1.120354780298671e-10,-26.781562042829698,,mm,,"deformed midwall line t=0.5, v=0, apex (s=0) to base (s=1)"
2,7,midline,1x8x16,4617,False,mid,,14,0.14,-2.9463876355379814,1.1208530508725571e-10,-26.692486606463454,,mm,,"deformed midwall line t=0.5, v=0, apex (s=0) to base (s=1)"
2,7,midline,1x8x16,4617,False,mid,,15,0.15,-3.1609642986780973,1.120117674604211e-10,-26.595003010209584,,mm,,"deformed midwall line t=0.5, v=0, apex (s=0) to base (s=1)"
2,7,midline,1x8x16,4617,False,mid,,16,0.16,-3.377431668880713,1.1181446149939813e-10,-26.489123656465054,,mm,,"deformed midwall line t=0.5, v=0, apex (s=0) to base (s=1)"
2,7,midline,1x8x16,4617,False,mid,,17,0.17,-3.5957187828123858,1.1149312339388884e-10,-26.374869207198934,,mm,,"deformed midwall line t=0.5, v=0, apex (s=0) to base (s=1)"
2,7,midline,1x8x16,4617,False,mid,,18,0.18,-3.8157521998995683,1.1104763424412219e-10,-26.25226849549033,,mm,,"deformed midwall line t=0.5, v=0, apex (s=0) to base (s=1)"
2,7,midline,1x8x16,4617,False,mid,,19,0.19,-4.037456631967975,1.1047802220127983e-10,-26.121358285767663,,mm,,"deformed midwall line t=0.5, v=0, apex (s=0) to base (s=1)"
2,7,midline,1x8x16,4617,False,mid,,20,0.2,-4.260755592092034,1.0978446182581994e-10,-25.982182897550857,,mm,,"deformed midwall line t=0.5, v=0, apex (s=0) to base (s=1)"
2,7,midline,1x8x16,4617,False,mid,,21,0.21,-4.485572046893137,1.0896727088096604e-10,-25.834793710858513,,mm,,"deformed midwall line t=0.5, v=0, apex (s=0) to base (s=1)"
2,7,midline,1x8x16,4617,False,mid,,22,0.22,-4.711829057931299,1.0802690483824023e-10,-25.679248573616306,,mm,,"deformed midwall line t=0.5, v=0, apex (s=0) to base (s=1)"
2,7,midline,1x8x16,4617,False,mid,,23,0.23,-4.939450399678756,1.0696394941627377e-10,-25.51561113246494,,mm,,"deformed midwall line t=0.5, v=0, apex (s=0) to base (s=1)"
2,7,midline,1x8x16,4617,False,mid,,24,0.24,-5.168361143606756,1.0577911149936438e-10,-25.343950108447785,,mm,,"deformed midwall line t=0.5, v=0, apex (s=0) to base (s=1)"
2,7,midline,1x8x16,4617,False,mid,,25,0.25,-5.398488199952299,1.0447320878673841e-10,-25.164338538329023,,mm,,"deformed midwall line t=0.5, v=0, apex (s=0) to base (s=1)"
2,7,midline,1x8x16,4617,False,mid,,26,0.26,-5.623182589987137,1.0401451358658076e-10,-24.9775914002347,,mm,,"deformed midwall line t=0.5, v=0, apex (s=0) to base (s=1)"
2,7,midline,1x8x16,4617,False,mid,,27,0.27,-5.847203775374285,1.0352779831919157e-10,-24.781460719333214,,mm,,"deformed midwall line t=0.5, v=0, apex (s=0) to base (s=1)"
2,7,midline,1x8x16,4617,False,mid,,28,0.28,-6.0704654567152945,1.0301323314143015e-10,-24.57598691264695,,mm,,"deformed midwall line t=0.5, v=0, apex (s=0) to base (s=1)"
2,7,midline,1x8x16,4617,False,mid,,29,0.29,-6.292883045895651,1.0247098217442554e-10,-24.361220240992054,,mm,,"deformed midwall line t=0.5, v=0, apex (s=0) to base (s=1)"
2,7,midline,1x8x16,4617,False,mid,,30,0.3,-6.514374065306949,1.0190121134554614e-10,-24.137220350800945,,mm,,"deformed midwall line t=0.5, v=0, apex (s=0) to base (s=1)"
2,7,midline,1x8x16,4617,False,mid,,31,0.31,-6.734858493750571,1.0130409519497444e-10,-23.90405575933525,,mm,,"deformed midwall line t=0.5, v=0, apex (s=0) to base (s=1)"
2,7,midline,1x8x16,4617,False,mid,,32,0.32,-6.9542590580004315,1.00679822616773e-10,-23.661803296521754,,mm,,"deformed midwall line t=0.5, v=0, apex (s=0) to base (s=1)"
2,7,midline,1x8x16,4617,False,mid,,33,0.33,-7.172501470432838,1.0002860153221377e-10,-23.410547516344998,,mm,,"deformed midwall line t=0.5, v=0, apex (s=0) to base (s=1)"
2,7,midline,1x8x16,4617,False,mid,,34,0.34,-7.389514614396477,9.9350662517829e-11,-23.150380090012078,,mm,,"deformed midwall line t=0.5, v=0, apex (s=0) to base (s=1)"
2,7,midline,1x8x16,4617,False,mid,,35,0.35,-7.605230680045411,9.864626143196214e-11,-22.88139919207946,,mm,,"deformed midwall line t=0.5, v=0, apex (s=0) to base (s=1)"
2,7,midline,1x8x16,4617,False,mid,,36,0.36,-7.819585254163226,9.791568110150058e-11,-22.60370888950253,,mm,,"deformed midwall line t=0.5, v=0, apex (s=0) to base (s=1)"
2,7,midline,1x8x16,4617,False,mid,,37,0.37,-8.03251736805837,9.715923214503603e-11,-22.31741854223293,,mm,,"deformed midwall line t=0.5, v=0, apex (s=0) to base (s=1)"
2,7,midline,1x8x16,4617,False,mid,,38,0.38,-8.242635577549082,9.616346883773222e-11,-22.023559961630298,,mm,,"deformed midwall line t=0.5, v=0, apex (s=0) to base (s=1)"
2,7,midline,1x8x16,4617,False,mid,,39,0.39,-8.44894750031523,9.492381239592585e-11,-21.7222130241964,,mm,,"deformed midwall line t=0.5, v=0, apex (s=0) to base (s=1)"
2,7,midline,1x8x16,4617,False,mid,,40,0.4,-8.652390064886191,9.365278080933761e-11,-21.412534948687195,,mm,,"deformed midwall line t=0.5, v=0, apex (s=0) to base (s=1)"
2,7,midline,1x8x16,4617,False,mid,,41,0.41,-8.852877003643254,9.235074153315858e-11,-21.094614147622092,,mm,,"deformed midwall line t=0.5, v=0, apex (s=0) to base (s=1)"
2,7,midline,1x8x16,4617,False,mid,,42,0.42,-9.050327034345568,9.10180668923581e-11,-20.768546687490986,,mm,,"deformed midwall line t=0.5, v=0, apex (s=0) to base (s=1)"
2,7,midline,1x8x16,4617,False,mid,,43,0.43,-9.244663954441458,8.96551526883803e-11,-20.434435825616816,,mm,,"deformed midwall line t=0.5, v=0, apex (s=0) to base (s=1)"
2,7,midline,1x8x16,4617,False,mid,,44,0.44,-9.435816690976806,8.826242968184018e-11,-20.092391548683946,,mm,,"deformed midwall line t=0.5, v=0, apex (s=0) to base (s=1)"
2,7,midline,1x8x16,4617,False,mid,,45,0.45,-9.623719309500117,8.684036837747538e-11,-19.742530117778102,,mm,,"deformed midwall line t=0.5, v=0, apex (s=0) to base (s=1)"
2,7,midline,1x8x16,4617,False,mid,,46,0.46,-9.808310985702784,8.538947761651042e-11,-19.384973624146077,,mm,,"deformed midwall line t=0.5, v=0, apex (s=0) to base (s=1)"
2,7,midline,1x8x16,4617,False,mid,,47,0.47,-9.989535943749756,8.391029753918179e-11,-19.019849559217597,,mm,,"deformed midwall line t=0.5, v=0, apex (s=0) to base (s=1)"
2,7,midline,1x8x16,4617,False,mid,,48,0.48,-10.167343365355812,8.240338751898461e-11,-18.647290401765652,,mm,,"deformed midwall line t=0.5, v=0, apex (s=0) to base (s=1)"
2,7,midline,1x8x16,4617,False,mid,,49,0.49,-10.34168727365473,8.086930969290875e-11,-18.267433224443693,,mm,,"deformed midwall line t=0.5, v=0, apex (s=0) to base (s=1)"
2,7,midline,1x8x16,4617,False,mid,,50,0.5,-10.512526395805846,7.930860872118824e-11,-17.880419321343993,,mm,,"deformed midwall line t=0.5, v=0, apex (s=0) to base (s=1)"
2,7,midline,1x8x16,4617,False,mid,,51,0.51,-10.678222755092323,7.695684093340447e-11,-17.488174447659127,,mm,,"deformed midwall line t=0.5, v=0, apex (s=0) to base (s=1)"
2,7,midline,1x8x16,4617,False,mid,,52,0.52,-10.839569415537921,7.474884138500581e-11,-17.08945159099708,,mm,,"deformed midwall line t=0.5, v=0, apex (s=0) to base (s=1)"
2,7,midline,1x8x16,4617,False,mid,,53,0.53,-10.996489334942245,7.268609149377815e-11,-16.684374028239606,,mm,,"deformed midwall line t=0.5, v=0, apex (s=0) to base (s=1)"
2,7,midline,1x8x16,4617,False,mid,,54,0.54,-11.148911738765202,7.07699117002474e-11,-16.273070477364403,,mm,,"deformed midwall line t=0.5, v=0, apex (s=0) to base (s=1)"
2,7,midline,1x8x16,4617,False,mid,,55,0.55,-11.296772142023425,6.900143166360889e-11,-15.855674711692581,,mm,,"deformed midwall line t=0.5, v=0, apex (s=0) to base (s=1)"
2,7,midline,1x8x16,4617,False,mid,,56,0.56,-11.44001233733885,6.738156850117332e-11,-15.432325202840547,,mm,,"deformed midwall line t=0.5, v=0, apex (s=0) to base (s=1)"
2,7,midline,1x8x16,4617,False,mid,,57,0.57,-11.57858035141185,6.59110127739322e-11,-15.00316479315122,,mm,,"deformed midwall line t=0.5, v=0, apex (s=0) to base (s=1)"
2,7,midline,1x8x16,4617,False,mid,,58,0.58,-11.712430372371795,6.459022184514934e-11,-14.568340397920927,,mm,,"deformed midwall line t=0.5, v=0, apex (s=0) to base (s=1)"
2,7,midline,1x8x16,4617,False,mid,,59,0.59,-11.841522650588107,6.341942017622455e-11,-14.128002737312443,,mm,,"deformed midwall line t=0.5, v=0, apex (s=0) to base (s=1)"
2,7,midline,1x8x16,4617,False,mid,,60,0.6,-11.96582337560417,6.239860607374895e-11,-13.682306097456062,,mm,,"deformed midwall line t=0.5, v=0, apex (s=0) to base (s=1)"
2,7,midline,1x8x16,4617,False,mid,,61,0.61,-12.085304531886823,6.152756436277351e-11,-13.231408119892784,,mm,,"deformed midwall line t=0.5, v=0, apex (s=0) to base (s=1)"
2,7,midline,1x8x16,4617,False,mid,,62,0.62,-12.199943736067997,6.080588443282163e-11,-12.775469618207397,,mm,,"deformed midwall line t=0.5, v=0, apex (s=0) to base (s=1)"
2,7,midline,1x8x16,4617,False,mid,,63,0.63,-12.309715975141172,5.985614106726842e-11,-12.314185733027939,,mm,,"deformed midwall line t=0.5, v=0, apex (s=0) to base (s=1)"
2,7,midline,1x8x16,4617,False,mid,,64,0.64,-12.413067967007755,5.851982716075036e-11,-11.848029274672557,,mm,,"deformed midwall line t=0.5, v=0, apex (s=0) to base (s=1)"
2,7,midline,1x8x16,4617,False,mid,,65,0.65,-12.509435576443899,5.712130162729552e-11,-11.377724186853495,,mm,,"deformed midwall line t=0.5, v=0, apex (s=0) to base (s=1)"
2,7,midline,1x8x16,4617,False,mid,,66,0.66,-12.598758534585006,5.566085798992634e-11,-10.90342414642267,,mm,,"deformed midwall line t=0.5, v=0, apex (s=0) to base (s=1)"
2,7,midline,1x8x16,4617,False,mid,,67,0.67,-12.680985534367455,5.413882475205227e-11,-10.42528622500728,,mm,,"deformed midwall line t=0.5, v=0, apex (s=0) to base (s=1)"
2,7,midline,1x8x16,4617,False,mid,,68,0.68,-12.756074244794073,5.2555589023383624e-11,-9.94347046525503,,mm,,"deformed midwall line t=0.5, v=0, apex (s=0) to base (s=1)"
2,7,midline,1x8x16,4617,False,mid,,69,0.69,-12.82399128582478,5.0911612375857443e-11,-9.458139538621309,,mm,,"deformed midwall line t=0.5, v=0, apex (s=0) to base (s=1)"
2,7,midline,1x8x16,4617,False,mid,,70,0.7,-12.884712165254829,4.920743908710524e-11,-8.969458483657428,,mm,,"deformed midwall line t=0.5, v=0, apex (s=0) to base (s=1)"
2,7,midline,1x8x16,4617,False,mid,,71,0.71,-12.9382211791862,4.7443696996423996e-11,-8.477594523001548,,mm,,"deformed midwall line t=0.5, v=0, apex (s=0) to base (s=1)"
2,7,midline,1x8x16,4617,False,mid,,72,0.72,-12.984511277912269,4.5621091259753294e-11,-7.982716956576674,,mm,,"deformed midwall line t=0.5, v=0, apex (s=0) to base (s=1)"
2,7,midline,1x8x16,4617,False,mid,,73,0.73,-13.023583899220473,4.374039134592777e-11,-7.4849971278601295,,mm,,"deformed midwall line t=0.5, v=0, apex (s=0) to base (s=1)"
2,7,midline,1x8x16,4617,False,mid,,74,0.74,-13.055448771274058,4.1802411666630145e-11,-6.98460845949864,,mm,,"deformed midwall line t=0.5, v=0, apex (s=0) to base (s=1)"
2,7,midline,1x8x16,4617,False,mid,,75,0.75,-13.080123687362114,3.980798627723704e-11,-6.481726554000784,,mm,,"deformed midwall line t=0.5, v=0, apex (s=0) to base (s=1)"
2,7,midline,1x8x16,4617,False,mid,,76,0.76,-13.105332259570819,3.874657011924149e-11,-5.963002975049937,,mm,,"deformed midwall line t=0.5, v=0, apex (s=0) to base (s=1)"
2,7,midline,1x8x16,4617,False,mid,,77,0.77,-13.112055537790496,3.757985705087595e-11,-5.445751337847086,,mm,,"deformed midwall line t=0.5, v=0, apex (s=0) to base (s=1)"
2,7,midline,1x8x16,4617,False,mid,,78,0.78,-13.100207362854333,3.630779939920127e-11,-4.930158690915169,,mm,,"deformed midwall line t=0.5, v=0, apex (s=0) to base (s=1)"
2,7,midline,1x8x16,4617,False,mid,,79,0.79,-13.069725225698582,3.4930468662215286e-11,-4.416410189683327,,mm,,"deformed midwall line t=0.5, v=0, apex (s=0) to base (s=1)"
2,7,midline,1x8x16,4617,False,mid,,80,0.8,-13.020570599707193,3.344805982134278e-11,-3.9046883718880854,,mm,,"deformed midwall line t=0.5, v=0, apex (s=0) to base (s=1)"
2,7,midline,1x8x16,4617,False,mid,,81,0.81,-12.952729146399193,3.186089577852018e-11,-3.395172587692662,,mm,,"deformed midwall line t=0.5, v=0, apex (s=0) to base (s=1)"
2,7,midline,1x8x16,4617,False,mid,,82,0.82,-12.866210792750586,3.0169431897037824e-11,-2.888038587124534,,mm,,"deformed midwall line t=0.5, v=0, apex (s=0) to base (s=1)"
2,7,midline,1x8x16,4617,False,mid,,83,0.83,-12.761049679341099,2.837426062230481e-11,-2.38345826611097,,mm,,"deformed midwall line t=0.5, v=0, apex (s=0) to base (s=1)"
2,7,midline,1x8x16,4617,False,mid,,84,0.84,-12.6373039794125,2.647611615667544e-11,-1.881599571067313,,mm,,"deformed midwall line t=0.5, v=0, apex (s=0) to base (s=1)"
2,7,midline,1x8x16,4617,False,mid,,85,0.85,-12.49505558982763,2.4475879160794497e-11,-1.382626560666455,,mm,,"deformed midwall line t=0.5, v=0, apex (s=0) to base (s=1)"
2,7,midline,1x8x16,4617,False,mid,,86,0.86,-12.334409695835326,2.2374581451968828e-11,-0.8866996220918871,,mm,,"deformed midwall line t=0.5, v=0, apex (s=0) to base (s=1)"
2,7,midline,1x8x16,4617,False,mid,,87,0.87,-12.155494212482598,2.017341066726596e-11,-0.3939758377544791,,mm,,"deformed midwall line t=0.5, v=0, apex (s=0) to base (s=1)"
2,7,midline,1x8x16,4617,False,mid,,88,0.88,-11.942491033400714,1.867442536412163e-11,0.09846181991907677,,mm,,"deformed midwall line t=0.5, v=0, apex (s=0) to base (s=1)"
2,7,midline,1x8x16,4617,False,mid,,89,0.89,-11.699268869125456,1.7851619786448532e-11,0.5832799206238812,,mm,,"deformed midwall line t=0.5, v=0, apex (s=0) to base (s=1)"
2,7,midline,1x8x16,4617,False,mid,,90,0.9,-11.443075940305173,1.6894976287162554e-11,1.0547983414928384,,mm,,"deformed midwall line t=0.5, v=0, apex (s=0) to base (s=1)"
2,7,midline,1x8x16,4617,False,mid,,91,0.91,-11.17394718819168,1.5804211484391584e-11,1.5128037442358866,,mm,,"deformed midwall line t=0.5, v=0, apex (s=0) to base (s=1)"
2,7,midline,1x8x16,4617,False,mid,,92,0.92,-10.891933852658177,1.4579247200318986e-11,1.9570994018514387,,mm,,"deformed midwall line t=0.5, v=0, apex (s=0) to base (s=1)"
2,7,midline,1x8x16,4617,False,mid,,93,0.93,-10.597104067361439,1.3220197152676839e-11,2.3875053981847016,,mm,,"deformed midwall line t=0.5, v=0, apex (s=0) to base (s=1)"
2,7,midline,1x8x16,4617,False,mid,,94,0.94,-10.289543126326553,1.1727357694233972e-11,2.803858885779038,,mm,,"deformed midwall line t=0.5, v=0, apex (s=0) to base (s=1)"
2,7,midline,1x8x16,4617,False,mid,,95,0.95,-9.969353408870058,1.0101202764575369e-11,3.2060144021776322,,mm,,"deformed midwall line t=0.5, v=0, apex (s=0) to base (s=1)"
2,7,midline,1x8x16,4617,False,mid,,96,0.96,-9.636653952260863,8.34238318376864e-12,3.593844244133243,,mm,,"deformed midwall line t=0.5, v=0, apex (s=0) to base (s=1)"
2,7,midline,1x8x16,4617,False,mid,,97,0.97,-9.29157966433637,6.451730380516922e-12,3.9672388984092977,,mm,,"deformed midwall line t=0.5, v=0, apex (s=0) to base (s=1)"
2,7,midline,1x8x16,4617,False,mid,,98,0.98,-8.934280171397011,4.430264607315653e-12,4.326107527036104,,mm,,"deformed midwall line t=0.5, v=0, apex (s=0) to base (s=1)"
2,7,midline,1x8x16,4617,False,mid,,99,0.99,-8.564918300042493,2.279207651183782e-12,4.670378504057308,,mm,,"deformed midwall line t=0.5, v=0, apex (s=0) to base (s=1)"
2,7,midline,1x8x16,4617,False,mid,,100,1.0,-8.183668195120731,0.0,5.0,,mm,,"deformed midwall line t=0.5, v=0, apex (s=0) to base (s=1)"
2,8,strain,1x8x16,4617,False,endo,long,1,0.095,,,,57.2779207854432,percent,58,"pair of neighbouring stations along the layer, labelled by the first (s=parameter)"
2,8,strain,1x8x16,4617,False,endo,long,2,0.19,,,,55.70848332889666,percent,57,"pair of neighbouring stations along the layer, labelled by the first (s=parameter)"
2,8,strain,1x8x16,4617,False,endo,long,3,0.285,,,,54.16489974964516,percent,55,"pair of neighbouring stations along the layer, labelled by the first (s=parameter)"
2,8,strain,1x8x16,4617,False,endo,long,4,0.38,,,,52.892945190235594,percent,54,"pair of neighbouring stations along the layer, labelled by the first (s=parameter)"
2,8,strain,1x8x16,4617,False,endo,long,5,0.475,,,,52.550131854832685,percent,53,"pair of neighbouring stations along the layer, labelled by the first (s=parameter)"
2,8,strain,1x8x16,4617,False,endo,long,6,0.57,,,,52.4670018040698,percent,52,"pair of neighbouring stations along the layer, labelled by the first (s=parameter)"
2,8,strain,1x8x16,4617,False,endo,long,7,0.6649999999999999,,,,51.90268670837348,percent,52,"pair of neighbouring stations along the layer, labelled by the first (s=parameter)"
2,8,strain,1x8x16,4617,False,endo,long,8,0.76,,,,53.48330793198129,percent,53,"pair of neighbouring stations along the layer, labelled by the first (s=parameter)"
2,8,strain,1x8x16,4617,False,endo,long,9,0.8549999999999999,,,,58.76591679239973,percent,61,"pair of neighbouring stations along the layer, labelled by the first (s=parameter)"
2,8,strain,1x8x16,4617,False,endo,circ,1,0.095,,,,62.162099938874405,percent,62,station paired with its image rotated by pi/10 about the axis
2,8,strain,1x8x16,4617,False,endo,circ,2,0.19,,,,65.42276782658045,percent,67,station paired with its image rotated by pi/10 about the axis
2,8,strain,1x8x16,4617,False,endo,circ,3,0.285,,,,70.13195575724505,percent,72,station paired with its image rotated by pi/10 about the axis
2,8,strain,1x8x16,4617,False,endo,circ,4,0.38,,,,73.85031068350729,percent,75,station paired with its image rotated by pi/10 about the axis
2,8,strain,1x8x16,4617,False,endo,circ,5,0.475,,,,76.31056387779267,percent,77,station paired with its image rotated by pi/10 about the axis
2,8,strain,1x8x16,4617,False,endo,circ,6,0.57,,,,77.75325738801509,percent,78,station paired with its image rotated by pi/10 about the axis
2,8,strain,1x8x16,4617,False,endo,circ,7,0.6649999999999999,,,,77.81664733394307,percent,78,station paired with its image rotated by pi/10 about the axis
2,8,strain,1x8x16,4617,False,endo,circ,8,0.76,,,,75.01864923987114,percent,75,station paired with its image rotated by pi/10 about the axis
2,8,strain,1x8x16,4617,False,endo,circ,9,0.8549999999999999,,,,61.48047483508059,percent,63,station paired with its image rotated by pi/10 about the axis
2,8,strain,1x8x16,4617,False,endo,circ,10,0.95,,,,27.83622619594397,percent,28,station paired with its image rotated by pi/10 about the axis
2,8,strain,1x8x16,4617,False,mid,long,1,0.095,,,,35.39018146553037,percent,36,"pair of neighbouring stations along the layer, labelled by the first (s=parameter)"
2,8,strain,1x8x16,4617,False,mid,long,2,0.19,,,,40.7021476947538,percent,40,"pair of neighbouring stations along the layer, labelled by the first (s=parameter)"
2,8,strain,1x8x16,4617,False,mid,long,3,0.285,,,,43.73924584983892,percent,44,"pair of neighbouring stations along the layer, labelled by the first (s=parameter)"
2,8,strain,1x8x16,4617,False,mid,long,4,0.38,,,,45.772143613270956,percent,47,"pair of neighbouring stations along the layer, labelled by the first (s=parameter)"
2,8,strain,1x8x16,4617,False,mid,long,5,0.475,,,,47.407185529287645,percent,48,"pair of neighbouring stations along the layer, labelled by the first (s=parameter)"
2,8,strain,1x8x16,4617,False,mid,long,6,0.57,,,,48.61048177053484,percent,49,"pair of neighbouring stations along the layer, labelled by the first (s=parameter)"
2,8,strain,1x8x16,4617,False,mid,long,7,0.6649999999999999,,,,49.792451273251714,percent,50,"pair of neighbouring stations along the layer, labelled by the first (s=parameter)"
2,8,strain,1x8x16,4617,False,mid,long,8,0.76,,,,51.05144487540938,percent,52,"pair of neighbouring stations along the layer, labelled by the first (s=parameter)"
2,8,strain,1x8x16,4617,False,mid,long,9,0.8549999999999999,,,,54.44693589653839,percent,53,"pair of neighbouring stations along the layer, labelled by the first (s=parameter)"
2,8,strain,1x8x16,4617,False,mid,circ,1,0.095,,,,33.516067707440975,percent,35,station paired with its image rotated by pi/10 about the axis
2,8,strain,1x8x16,4617,False,mid,circ,2,0.19,,,,38.35305772515294,percent,40,station paired with its image rotated by pi/10 about the axis
2,8,strain,1x8x16,4617,False,mid,circ,3,0.285,,,,44.93223231972014,percent,46,station paired with its image rotated by pi/10 about the axis
2,8,strain,1x8x16,4617,False,mid,circ,4,0.38,,,,50.36531272533391,percent,51,station paired with its image rotated by pi/10 about the axis
2,8,strain,1x8x16,4617,False,mid,circ,5,0.475,,,,54.3398833733568,percent,54,station paired with its image rotated by pi/10 about the axis
2,8,strain,1x8x16,4617,False,mid,circ,6,0.57,,,,56.91508400845366,percent,57,station paired with its image rotated by pi/10 about the axis
2,8,strain,1x8x16,4617,False,mid,circ,7,0.6649999999999999,,,,57.980380065054064,percent,58,station paired with its image rotated by pi/10 about the axis
2,8,strain,1x8x16,4617,False,mid,circ,8,0.76,,,,56.406541323120464,percent,57,station paired with its image rotated by pi/10 about the axis
2,8,strain,1x8x16,4617,False,mid,circ,9,0.8549999999999999,,,,46.08358015040177,percent,47,station paired with its image rotated by pi/10 about the axis
2,8,strain,1x8x16,4617,False,mid,circ,10,0.95,,,,19.243095781915585,percent,20,station paired with its image rotated by pi/10 about the axis
2,8,strain,1x8x16,4617,False,epi,long,1,0.095,,,,22.426340200416806,percent,22,"pair of neighbouring stations along the layer, labelled by the first (s=parameter)"
2,8,strain,1x8x16,4617,False,epi,long,2,0.19,,,,27.211103951861347,percent,28,"pair of neighbouring stations along the layer, labelled by the first (s=parameter)"
2,8,strain,1x8x16,4617,False,epi,long,3,0.285,,,,34.06221550456403,percent,34,"pair of neighbouring stations along the layer, labelled by the first (s=parameter)"
2,8,strain,1x8x16,4617,False,epi,long,4,0.38,,,,39.69128961223301,percent,40,"pair of neighbouring stations along the layer, labelled by the first (s=parameter)"
2,8,strain,1x8x16,4617,False,epi,long,5,0.475,,,,42.8819399698215,percent,43,"pair of neighbouring stations along the layer, labelled by the first (s=parameter)"
2,8,strain,1x8x16,4617,False,epi,long,6,0.57,,,,45.01653651236259,percent,46,"pair of neighbouring stations along the layer, labelled by the first (s=parameter)"
2,8,strain,1x8x16,4617,False,epi,long,7,0.6649999999999999,,,,48.569118540136216,percent,48,"pair of neighbouring stations along the layer, labelled by the first (s=parameter)"
2,8,strain,1x8x16,4617,False,epi,long,8,0.76,,,,47.952678799192626,percent,50,"pair of neighbouring stations along the layer, labelled by the first (s=parameter)"
2,8,strain,1x8x16,4617,False,epi,long,9,0.8549999999999999,,,,49.85868404959173,percent,47,"pair of neighbouring stations along the layer, labelled by the first (s=parameter)"
2,8,strain,1x8x16,4617,False,epi,circ,1,0.095,,,,19.099183796681828,percent,19,station paired with its image rotated by pi/10 about the axis
2,8,strain,1x8x16,4617,False,epi,circ,2,0.19,,,,23.140454117156708,percent,23,station paired with its image rotated by pi/10 about the axis
2,8,strain,1x8x16,4617,False,epi,circ,3,0.285,,,,28.366641008124983,percent,28,station paired with its image rotated by pi/10 about the axis
2,8,strain,1x8x16,4617,False,epi,circ,4,0.38,,,,33.92158541799013,percent,34,station paired with its image rotated by pi/10 about the axis
2,8,strain,1x8x16,4617,False,epi,circ,5,0.475,,,,38.68194541251364,percent,39,station paired with its image rotated by pi/10 about the axis
2,8,strain,1x8x16,4617,False,epi,circ,6,0.57,,,,41.92821165568547,percent,42,station paired with its image rotated by pi/10 about the axis
2,8,strain,1x8x16,4617,False,epi,circ,7,0.6649999999999999,,,,43.597269076765045,percent,43,station paired with its image rotated by pi/10 about the axis
2,8,strain,1x8x16,4617,False,epi,circ,8,0.76,,,,42.83758066885155,percent,43,station paired with its image rotated by pi/10 about the axis
2,8,strain,1x8x16,4617,False,epi,circ,9,0.8549999999999999,,,,35.07700754943435,percent,35,station paired with its image rotated by pi/10 about the axis
2,8,strain,1x8x16,4617,False,epi,circ,10,0.95,,,,13.678576835710455,percent,15,station paired with its image rotated by pi/10 about the axis
2,8,strain,1x8x16,4617,False,endo,trans,1,0.095,,,,-48.55756372380443,percent,-50,"across the wall: endo-mid at endo, mid-epi at epi, endo-epi at midwall"
2,8,strain,1x8x16,4617,False,endo,trans,2,0.19,,,,-40.955250272372204,percent,-43,"across the wall: endo-mid at endo, mid-epi at epi, endo-epi at midwall"
2,8,strain,1x8x16,4617,False,endo,trans,3,0.285,,,,-34.82549792452192,percent,-36,"across the wall: endo-mid at endo, mid-epi at epi, endo-epi at midwall"
2,8,strain,1x8x16,4617,False,endo,trans,4,0.38,,,,-31.498730732659432,percent,-31,"across the wall: endo-mid at endo, mid-epi at epi, endo-epi at midwall"
2,8,strain,1x8x16,4617,False,endo,trans,5,0.475,,,,-31.46491673404288,percent,-30,"across the wall: endo-mid at endo, mid-epi at epi, endo-epi at midwall"
2,8,strain,1x8x16,4617,False,endo,trans,6,0.57,,,,-34.10157536493731,percent,-34,"across the wall: endo-mid at endo, mid-epi at epi, endo-epi at midwall"
2,8,strain,1x8x16,4617,False,endo,trans,7,0.6649999999999999,,,,-38.23480020248826,percent,-39,"across the wall: endo-mid at endo, mid-epi at epi, endo-epi at midwall"
2,8,strain,1x8x16,4617,False,endo,trans,8,0.76,,,,-44.17297096083459,percent,-45,"across the wall: endo-mid at endo, mid-epi at epi, endo-epi at midwall"
2,8,strain,1x8x16,4617,False,endo,trans,9,0.8549999999999999,,,,-43.66714761182181,percent,-46,"across the wall: endo-mid at endo, mid-epi at epi, endo-epi at midwall"
2,8,strain,1x8x16,4617,False,endo,trans,10,0.95,,,,-31.96394301875449,percent,-26,"across the wall: endo-mid at endo, mid-epi at epi, endo-epi at midwall"
2,8,strain,1x8x16,4617,False,epi,trans,1,0.095,,,,-35.87417907069806,percent,-35,"across the wall: endo-mid at endo, mid-epi at epi, endo-epi at midwall"
2,8,strain,1x8x16,4617,False,epi,trans,2,0.19,,,,-36.171011776184194,percent,-35,"across the wall: endo-mid at endo, mid-epi at epi, endo-epi at midwall"
2,8,strain,1x8x16,4617,False,epi,trans,3,0.285,,,,-32.68679838344982,percent,-34,"across the wall: endo-mid at endo, mid-epi at epi, endo-epi at midwall"
2,8,strain,1x8x16,4617,False,epi,trans,4,0.38,,,,-29.712214076439945,percent,-32,"across the wall: endo-mid at endo, mid-epi at epi, endo-epi at midwall"
2,8,strain,1x8x16,4617,False,epi,trans,5,0.475,,,,-30.100448728977614,percent,-31,"across the wall: endo-mid at endo, mid-epi at epi, endo-epi at midwall"
2,8,strain,1x8x16,4617,False,epi,trans,6,0.57,,,,-32.61179317259011,percent,-33,"across the wall: endo-mid at endo, mid-epi at epi, endo-epi at midwall"
2,8,strain,1x8x16,4617,False,epi,trans,7,0.6649999999999999,,,,-36.2855668690258,percent,-36,"across the wall: endo-mid at endo, mid-epi at epi, endo-epi at midwall"
2,8,strain,1x8x16,4617,False,epi,trans,8,0.76,,,,-43.235276666994984,percent,-39,"across the wall: endo-mid at endo, mid-epi at epi, endo-epi at midwall"
2,8,strain,1x8x16,4617,False,epi,trans,9,0.8549999999999999,,,,-39.35555652556522,percent,-42,"across the wall: endo-mid at endo, mid-epi at epi, endo-epi at midwall"
2,8,strain,1x8x16,4617,False,epi,trans,10,0.95,,,,-25.0189488033547,percent,-23,"across the wall: endo-mid at endo, mid-epi at epi, endo-epi at midwall"
2,8,strain,1x8x16,4617,False,mid,trans,1,0.095,,,,-42.48993128556011,percent,-43,"across the wall: endo-mid at endo, mid-epi at epi, endo-epi at midwall"
2,8,strain,1x8x16,4617,False,mid,trans,2,0.19,,,,-39.03085844144197,percent,-40,"across the wall: endo-mid at endo, mid-epi at epi, endo-epi at midwall"
2,8,strain,1x8x16,4617,False,mid,trans,3,0.285,,,,-33.956753887500234,percent,-34,"across the wall: endo-mid at endo, mid-epi at epi, endo-epi at midwall"
2,8,strain,1x8x16,4617,False,mid,trans,4,0.38,,,,-30.689440868471575,percent,-31,"across the wall: endo-mid at endo, mid-epi at epi, endo-epi at midwall"
2,8,strain,1x8x16,4617,False,mid,trans,5,0.475,,,,-30.841172732470103,percent,-31,"across the wall: endo-mid at endo, mid-epi at epi, endo-epi at midwall"
2,8,strain,1x8x16,4617,False,mid,trans,6,0.57,,,,-33.40337981999168,percent,-33,"across the wall: endo-mid at endo, mid-epi at epi, endo-epi at midwall"
2,8,strain,1x8x16,4617,False,mid,trans,7,0.6649999999999999,,,,-37.29130564104904,percent,-38,"across the wall: endo-mid at endo, mid-epi at epi, endo-epi at midwall"
2,8,strain,1x8x16,4617,False,mid,trans,8,0.76,,,,-43.739811857351185,percent,-42,"across the wall: endo-mid at endo, mid-epi at epi, endo-epi at midwall"
2,8,strain,1x8x16,4617,False,mid,trans,9,0.8549999999999999,,,,-41.51621207246956,percent,-44,"across the wall: endo-mid at endo, mid-epi at epi, endo-epi at midwall"
2,8,strain,1x8x16,4617,False,mid,trans,10,0.95,,,,-28.51026590415586,percent,-24,"across the wall: endo-mid at endo, mid-epi at epi, endo-epi at midwall"
2,6,apex_z,2x12x24,17295,False,endo,,,,,,,-26.63344699525299,mm,-26.6,deformed z of the apex on this surface
2,6,apex_z,2x12x24,17295,False,epi,,,,,,,-28.304797712459287,mm,-28.3,deformed z of the apex on this surface
2,7,midline,2x12x24,17295,False,mid,,0,0.0,-7.575428576345646e-10,4.87145463361615e-10,-27.326178947104182,,mm,,"deformed midwall line t=0.5, v=0, apex (s=0) to base (s=1)"
2,7,midline,2x12x24,17295,False,mid,,1,0.01,-0.2101460932982075,4.870456010138297e-10,-27.321245627199257,,mm,,"deformed midwall line t=0.5, v=0, apex (s=0) to base (s=1)"
2,7,midline,2x12x24,17295,False,mid,,2,0.02,-0.42072742526083334,4.868252020228625e-10,-27.310175744361825,,mm,,"deformed midwall line t=0.5, v=0, apex (s=0) to base (s=1)"
2,7,midline,2x12x24,17295,False,mid,,3,0.03,-0.6316742021706485,4.864845022483771e-10,-27.29296551235099,,mm,,"deformed midwall line t=0.5, v=0, apex (s=0) to base (s=1)"
2,7,midline,2x12x24,17295,False,mid,,4,0.04,-0.8429149097551003,4.860236042147098e-10,-27.269616285777452,,mm,,"deformed midwall line t=0.5, v=0, apex (s=0) to base (s=1)"
2,7,midline,2x12x24,17295,False,mid,,5,0.05,-1.0543771931339567,4.854428895569087e-10,-27.240134320165236,,mm,,"deformed midwall line t=0.5, v=0, apex (s=0) to base (s=1)"
2,7,midline,2x12x24,17295,False,mid,,6,0.06,-1.2659886707183525,4.84742101516981e-10,-27.204530600802414,,mm,,"deformed midwall line t=0.5, v=0, apex (s=0) to base (s=1)"
2,7,midline,2x12x24,17295,False,mid,,7,0.07,-1.4776776615885232,4.839216543086706e-10,-27.16282074413816,,mm,,"deformed midwall line t=0.5, v=0, apex (s=0) to base (s=1)"
2,7,midline,2x12x24,17295,False,mid,,8,0.08,-1.6893738091010913,4.829819609118904e-10,-27.115024972449476,,mm,,"deformed midwall line t=0.5, v=0, apex (s=0) to base (s=1)"
2,7,midline,2x12x24,17295,False,mid,,9,0.09,-1.902148519534534,4.806021364526057e-10,-27.05941058611365,,mm,,"deformed midwall line t=0.5, v=0, apex (s=0) to base (s=1)"
2,7,midline,2x12x24,17295,False,mid,,10,0.1,-2.116218971964344,4.777564000483313e-10,-26.996045995445826,,mm,,"deformed midwall line t=0.5, v=0, apex (s=0) to base (s=1)"
2,7,midline,2x12x24,17295,False,mid,,11,0.11,-2.3311155537412325,4.751712827384348e-10,-26.925655150748145,,mm,,"deformed midwall line t=0.5, v=0, apex (s=0) to base (s=1)"
2,7,midline,2x12x24,17295,False,mid,,12,0.12,-2.546765511429549,4.728464205486643e-10,-26.848254934809795,,mm,,"deformed midwall line t=0.5, v=0, apex (s=0) to base (s=1)"
2,7,midline,2x12x24,17295,False,mid,,13,0.13,-2.763095018839309,4.707851293367984e-10,-26.76386841259902,,mm,,"deformed midwall line t=0.5, v=0, apex (s=0) to base (s=1)"
2,7,midline,2x12x24,17295,False,mid,,14,0.14,-2.9800300057487727,4.689857800219232e-10,-26.67252450053063,,mm,,"deformed midwall line t=0.5, v=0, apex (s=0) to base (s=1)"
2,7,midline,2x12x24,17295,False,mid,,15,0.15,-3.1974968245006443,4.674504153133724e-10,-26.574257675061133,,mm,,"deformed midwall line t=0.5, v=0, apex (s=0) to base (s=1)"
2,7,midline,2x12x24,17295,False,mid,,16,0.16,-3.4154227482837713,4.661782530122237e-10,-26.469107725343974,,mm,,"deformed midwall line t=0.5, v=0, apex (s=0) to base (s=1)"
2,7,midline,2x12x24,17295,False,mid,,17,0.17,-3.634345745040156,4.6481556901759715e-10,-26.35676893632883,,mm,,"deformed midwall line t=0.5, v=0, apex (s=0) to base (s=1)"
2,7,midline,2x12x24,17295,False,mid,,18,0.18,-3.8551097292363323,4.627275161697334e-10,-26.235800691151283,,mm,,"deformed midwall line t=0.5, v=0, apex (s=0) to base (s=1)"
2,7,midline,2x12x24,17295,False,mid,,19,0.19,-4.076574537427919,4.6048295181976556e-10,-26.10636560738548,,mm,,"deformed midwall line t=0.5, v=0, apex (s=0) to base (s=1)"
2,7,midline,2x12x24,17295,False,mid,,20,0.2,-4.298664253104196,4.580841429423372e-10,-25.968496334024962,,mm,,"deformed midwall line t=0.5, v=0, apex (s=0) to base (s=1)"
2,7,midline,2x12x24,17295,False,mid,,21,0.21,-4.5213023274020046,4.5553192282524763e-10,-25.82223375089835,,mm,,"deformed midwall line t=0.5, v=0, apex (s=0) to base (s=1)"
2,7,midline,2x12x24,17295,False,mid,,22,0.22,-4.744412369278735,4.528241644720527e-10,-25.667626463771658,,mm,,"deformed midwall line t=0.5, v=0, apex (s=0) to base (s=1)"
2,7,midline,2x12x24,17295,False,mid,,23,0.23,-4.967918760970676,4.4996592433083885e-10,-25.504730296257936,,mm,,"deformed midwall line t=0.5, v=0, apex (s=0) to base (s=1)"
2,7,midline,2x12x24,17295,False,mid,,24,0.24,-5.191747100752753,4.469551991889124e-10,-25.333607789427397,,mm,,"deformed midwall line t=0.5, v=0, apex (s=0) to base (s=1)"
2,7,midline,2x12x24,17295,False,mid,,25,0.25,-5.415824480103389,4.4379423624749173e-10,-25.154327718591524,,mm,,"deformed midwall line t=0.5, v=0, apex (s=0) to base (s=1)"
2,7,midline,2x12x24,17295,False,mid,,26,0.26,-5.639954494408151,4.416427734498214e-10,-24.96635353643251,,mm,,"deformed midwall line t=0.5, v=0, apex (s=0) to base (s=1)"
2,7,midline,2x12x24,17295,False,mid,,27,0.27,-5.863543879716593,4.393380374339522e-10,-24.769162561070075,,mm,,"deformed midwall line t=0.5, v=0, apex (s=0) to base (s=1)"
2,7,midline,2x12x24,17295,False,mid,,28,0.28,-6.08651208879281,4.3687940548788015e-10,-24.56280745035408,,mm,,"deformed midwall line t=0.5, v=0, apex (s=0) to base (s=1)"
2,7,midline,2x12x24,17295,False,mid,,29,0.29,-6.308779922334208,4.342675457509996e-10,-24.3473500700162,,mm,,"deformed midwall line t=0.5, v=0, apex (s=0) to base (s=1)"
2,7,midline,2x12x24,17295,False,mid,,30,0.3,-6.530270143537335,4.315032676297284e-10,-24.122860852489136,,mm,,"deformed midwall line t=0.5, v=0, apex (s=0) to base (s=1)"
2,7,midline,2x12x24,17295,False,mid,,31,0.31,-6.750907921068607,4.2858754197050197e-10,-23.88941816369251,,mm,,"deformed midwall line t=0.5, v=0, apex (s=0) to base (s=1)"
2,7,midline,2x12x24,17295,False,mid,,32,0.32,-6.970621109166224,4.255215049456289e-10,-23.64710768773728,,mm,,"deformed midwall line t=0.5, v=0, apex (s=0) to base (s=1)"
2,7,midline,2x12x24,17295,False,mid,,33,0.33,-7.189340376729947,4.223080233194717e-10,-23.396021837872368,,mm,,"deformed midwall line t=0.5, v=0, apex (s=0) to base (s=1)"
2,7,midline,2x12x24,17295,False,mid,,34,0.34,-7.406210781765539,4.185690267513911e-10,-23.13638909499674,,mm,,"deformed midwall line t=0.5, v=0, apex (s=0) to base (s=1)"
2,7,midline,2x12x24,17295,False,mid,,35,0.35,-7.620772310333225,4.145409159542293e-10,-22.86799832372073,,mm,,"deformed midwall line t=0.5, v=0, apex (s=0) to base (s=1)"
2,7,midline,2x12x24,17295,False,mid,,36,0.36,-7.833181042505938,4.1042579331689273e-10,-22.590815255406387,,mm,,"deformed midwall line t=0.5, v=0, apex (s=0) to base (s=1)"
2,7,midline,2x12x24,17295,False,mid,,37,0.37,-8.04335810020286,4.062233682093914e-10,-22.304925287220865,,mm,,"deformed midwall line t=0.5, v=0, apex (s=0) to base (s=1)"
2,7,midline,2x12x24,17295,False,mid,,38,0.38,-8.251228539466998,4.019350627102434e-10,-22.01042171710344,,mm,,"deformed midwall line t=0.5, v=0, apex (s=0) to base (s=1)"
2,7,midline,2x12x24,17295,False,mid,,39,0.39,-8.45672157797682,3.9756235256464686e-10,-21.707405132935932,,mm,,"deformed midwall line t=0.5, v=0, apex (s=0) to base (s=1)"
2,7,midline,2x12x24,17295,False,mid,,40,0.4,-8.65977070432979,3.9310674421310037e-10,-21.39598284118451,,mm,,"deformed midwall line t=0.5, v=0, apex (s=0) to base (s=1)"
2,7,midline,2x12x24,17295,False,mid,,41,0.41,-8.860313679376913,3.8856976333377765e-10,-21.076268338464068,,mm,,"deformed midwall line t=0.5, v=0, apex (s=0) to base (s=1)"
2,7,midline,2x12x24,17295,False,mid,,42,0.42,-9.057981661275795,3.8404224525498015e-10,-20.748619291326545,,mm,,"deformed midwall line t=0.5, v=0, apex (s=0) to base (s=1)"
2,7,midline,2x12x24,17295,False,mid,,43,0.43,-9.251974602919484,3.795527955087959e-10,-20.413486601385408,,mm,,"deformed midwall line t=0.5, v=0, apex (s=0) to base (s=1)"
2,7,midline,2x12x24,17295,False,mid,,44,0.44,-9.442623712942593,3.748950604057962e-10,-20.070545202329168,,mm,,"deformed midwall line t=0.5, v=0, apex (s=0) to base (s=1)"
2,7,midline,2x12x24,17295,False,mid,,45,0.45,-9.629854667271795,3.7006417926728214e-10,-19.719903505301186,,mm,,"deformed midwall line t=0.5, v=0, apex (s=0) to base (s=1)"
2,7,midline,2x12x24,17295,False,mid,,46,0.46,-9.813598341223052,3.650678774388409e-10,-19.361676515037203,,mm,,"deformed midwall line t=0.5, v=0, apex (s=0) to base (s=1)"
2,7,midline,2x12x24,17295,False,mid,,47,0.47,-9.993790888732455,3.5990575554758045e-10,-18.995985329887997,,mm,,"deformed midwall line t=0.5, v=0, apex (s=0) to base (s=1)"
2,7,midline,2x12x24,17295,False,mid,,48,0.48,-10.170373748392741,3.5457963467983406e-10,-18.62295667671936,,mm,,"deformed midwall line t=0.5, v=0, apex (s=0) to base (s=1)"
2,7,midline,2x12x24,17295,False,mid,,49,0.49,-10.34329358276609,3.490914847159382e-10,-18.242722482100174,,mm,,"deformed midwall line t=0.5, v=0, apex (s=0) to base (s=1)"
2,7,midline,2x12x24,17295,False,mid,,50,0.5,-10.512502157822386,3.434457309724703e-10,-17.85541948042641,,mm,,"deformed midwall line t=0.5, v=0, apex (s=0) to base (s=1)"
2,7,midline,2x12x24,17295,False,mid,,51,0.51,-10.677196888212105,3.382477258006791e-10,-17.462705364888947,,mm,,"deformed midwall line t=0.5, v=0, apex (s=0) to base (s=1)"
2,7,midline,2x12x24,17295,False,mid,,52,0.52,-10.837638578987683,3.3285537908997986e-10,-17.063302983328647,,mm,,"deformed midwall line t=0.5, v=0, apex (s=0) to base (s=1)"
2,7,midline,2x12x24,17295,False,mid,,53,0.53,-10.993760815885722,3.272631265211579e-10,-16.6573407198822,,mm,,"deformed midwall line t=0.5, v=0, apex (s=0) to base (s=1)"
2,7,midline,2x12x24,17295,False,mid,,54,0.54,-11.145503133211973,3.21472523460632e-10,-16.24495234469822,,mm,,"deformed midwall line t=0.5, v=0, apex (s=0) to base (s=1)"
2,7,midline,2x12x24,17295,False,mid,,55,0.55,-11.292811021290989,3.1549029812431063e-10,-15.826276651993117,,mm,,"deformed midwall line t=0.5, v=0, apex (s=0) to base (s=1)"
2,7,midline,2x12x24,17295,False,mid,,56,0.56,-11.435635888592246,3.0931613042445475e-10,-15.401457106377269,,mm,,"deformed midwall line t=0.5, v=0, apex (s=0) to base (s=1)"
2,7,midline,2x12x24,17295,False,mid,,57,0.57,-11.573934982160026,3.029523140950294e-10,-14.970641499278296,,mm,,"deformed midwall line t=0.5, v=0, apex (s=0) to base (s=1)"
2,7,midline,2x12x24,17295,False,mid,,58,0.58,-11.707671270168,2.9640132112948655e-10,-14.533981616992834,,mm,,"deformed midwall line t=0.5, v=0, apex (s=0) to base (s=1)"
2,7,midline,2x12x24,17295,False,mid,,59,0.59,-11.836474612647654,2.902466989013628e-10,-14.09374090392808,,mm,,"deformed midwall line t=0.5, v=0, apex (s=0) to base (s=1)"
2,7,midline,2x12x24,17295,False,mid,,60,0.6,-11.959863506187043,2.842354470658454e-10,-13.648866750780016,,mm,,"deformed midwall line t=0.5, v=0, apex (s=0) to base (s=1)"
2,7,midline,2x12x24,17295,False,mid,,61,0.61,-12.07782935833127,2.7808794774773674e-10,-13.198419632320118,,mm,,"deformed midwall line t=0.5, v=0, apex (s=0) to base (s=1)"
2,7,midline,2x12x24,17295,False,mid,,62,0.62,-12.190321998585826,2.718113890497668e-10,-12.742547982769109,,mm,,"deformed midwall line t=0.5, v=0, apex (s=0) to base (s=1)"
2,7,midline,2x12x24,17295,False,mid,,63,0.63,-12.297298208393894,2.654078938804253e-10,-12.281404656988109,,mm,,"deformed midwall line t=0.5, v=0, apex (s=0) to base (s=1)"
2,7,midline,2x12x24,17295,False,mid,,64,0.64,-12.398721667398043,2.5887155741734374e-10,-11.815146695424449,,mm,,"deformed midwall line t=0.5, v=0, apex (s=0) to base (s=1)"
2,7,midline,2x12x24,17295,False,mid,,65,0.65,-12.494562867422836,2.5221277887194426e-10,-11.34393505360119,,mm,,"deformed midwall line t=0.5, v=0, apex (s=0) to base (s=1)"
2,7,midline,2x12x24,17295,False,mid,,66,0.66,-12.58479899646979,2.454312885028391e-10,-10.867934299386945,,mm,,"deformed midwall line t=0.5, v=0, apex (s=0) to base (s=1)"
2,7,midline,2x12x24,17295,False,mid,,67,0.67,-12.669389252684013,2.3885722936380444e-10,-10.389425200689164,,mm,,"deformed midwall line t=0.5, v=0, apex (s=0) to base (s=1)"
2,7,midline,2x12x24,17295,False,mid,,68,0.68,-12.746878398949386,2.3273565021727943e-10,-9.910384658944167,,mm,,"deformed midwall line t=0.5, v=0, apex (s=0) to base (s=1)"
2,7,midline,2x12x24,17295,False,mid,,69,0.69,-12.816565951970707,2.2637044260308433e-10,-9.42659230013201,,mm,,"deformed midwall line t=0.5, v=0, apex (s=0) to base (s=1)"
2,7,midline,2x12x24,17295,False,mid,,70,0.7,-12.878411798131438,2.1976610347466181e-10,-8.938206726779718,,mm,,"deformed midwall line t=0.5, v=0, apex (s=0) to base (s=1)"
2,7,midline,2x12x24,17295,False,mid,,71,0.71,-12.932385602545187,2.1291611881696407e-10,-8.4453907318763,,mm,,"deformed midwall line t=0.5, v=0, apex (s=0) to base (s=1)"
2,7,midline,2x12x24,17295,False,mid,,72,0.72,-12.978466756831864,2.0583121565172696e-10,-7.948311230928512,,mm,,"deformed midwall line t=0.5, v=0, apex (s=0) to base (s=1)"
2,7,midline,2x12x24,17295,False,mid,,73,0.73,-13.016644286620945,1.985111302494941e-10,-7.44713908790906,,mm,,"deformed midwall line t=0.5, v=0, apex (s=0) to base (s=1)"
2,7,midline,2x12x24,17295,False,mid,,74,0.74,-13.046916720427927,1.909587105322659e-10,-6.9420488392487405,,mm,,"deformed midwall line t=0.5, v=0, apex (s=0) to base (s=1)"
2,7,midline,2x12x24,17295,False,mid,,75,0.75,-13.069291921774045,1.831799280967094e-10,-6.433218320827195,,mm,,"deformed midwall line t=0.5, v=0, apex (s=0) to base (s=1)"
2,7,midline,2x12x24,17295,False,mid,,76,0.76,-13.082852154938104,1.7650854089822333e-10,-5.930346776316364,,mm,,"deformed midwall line t=0.5, v=0, apex (s=0) to base (s=1)"
2,7,midline,2x12x24,17295,False,mid,,77,0.77,-13.082156012280825,1.6970782513773165e-10,-5.424688720555865,,mm,,"deformed midwall line t=0.5, v=0, apex (s=0) to base (s=1)"
2,7,midline,2x12x24,17295,False,mid,,78,0.78,-13.067168166952547,1.6277694041615278e-10,-4.916411715520543,,mm,,"deformed midwall line t=0.5, v=0, apex (s=0) to base (s=1)"
2,7,midline,2x12x24,17295,False,mid,,79,0.79,-13.03787152092386,1.5571804864356093e-10,-4.40568578206782,,mm,,"deformed midwall line t=0.5, v=0, apex (s=0) to base (s=1)"
2,7,midline,2x12x24,17295,False,mid,,80,0.8,-12.994267232532081,1.4853346836732544e-10,-3.8926835409955682,,mm,,"deformed midwall line t=0.5, v=0, apex (s=0) to base (s=1)"
2,7,midline,2x12x24,17295,False,mid,,81,0.81,-12.93637465349965,1.4122568333667198e-10,-3.3775801738747773,,mm,,"deformed midwall line t=0.5, v=0, apex (s=0) to base (s=1)"
2,7,midline,2x12x24,17295,False,mid,,82,0.82,-12.864231176152163,1.338001604374142e-10,-2.8605532057190444,,mm,,"deformed midwall line t=0.5, v=0, apex (s=0) to base (s=1)"
2,7,midline,2x12x24,17295,False,mid,,83,0.83,-12.777891992188485,1.2625123545446797e-10,-2.34178211309307,,mm,,"deformed midwall line t=0.5, v=0, apex (s=0) to base (s=1)"
2,7,midline,2x12x24,17295,False,mid,,84,0.84,-12.677317855955998,1.189326910898675e-10,-1.8267762642121306,,mm,,"deformed midwall line t=0.5, v=0, apex (s=0) to base (s=1)"
2,7,midline,2x12x24,17295,False,mid,,85,0.85,-12.554098526998036,1.1175794458470875e-10,-1.319898761870446,,mm,,"deformed midwall line t=0.5, v=0, apex (s=0) to base (s=1)"
2,7,midline,2x12x24,17295,False,mid,,86,0.86,-12.406566319969778,1.0457788541705897e-10,-0.820045604613148,,mm,,"deformed midwall line t=0.5, v=0, apex (s=0) to base (s=1)"
2,7,midline,2x12x24,17295,False,mid,,87,0.87,-12.23472426268321,9.738677889583261e-11,-0.32740066361087655,,mm,,"deformed midwall line t=0.5, v=0, apex (s=0) to base (s=1)"
2,7,midline,2x12x24,17295,False,mid,,88,0.88,-12.038607237749863,9.019522095191343e-11,0.1578614651691526,,mm,,"deformed midwall line t=0.5, v=0, apex (s=0) to base (s=1)"
2,7,midline,2x12x24,17295,False,mid,,89,0.89,-11.818282057738518,8.300552960274849e-11,0.6355756095539075,,mm,,"deformed midwall line t=0.5, v=0, apex (s=0) to base (s=1)"
2,7,midline,2x12x24,17295,False,mid,,90,0.9,-11.573847316576936,7.581238838871623e-11,1.1055861950356585,,mm,,"deformed midwall line t=0.5, v=0, apex (s=0) to base (s=1)"
2,7,midline,2x12x24,17295,False,mid,,91,0.91,-11.305433014530724,6.862603336269395e-11,1.5677474430059166,,mm,,"deformed midwall line t=0.5, v=0, apex (s=0) to base (s=1)"
2,7,midline,2x12x24,17295,False,mid,,92,0.92,-11.003217487457658,6.1059127816186e-11,2.0127595741494484,,mm,,"deformed midwall line t=0.5, v=0, apex (s=0) to base (s=1)"
2,7,midline,2x12x24,17295,False,mid,,93,0.93,-10.669385627924129,5.282045327435807e-11,2.4289006383752256,,mm,,"deformed midwall line t=0.5, v=0, apex (s=0) to base (s=1)"
2,7,midline,2x12x24,17295,False,mid,,94,0.94,-10.33001094067218,4.475114505852529e-11,2.8331200212399725,,mm,,"deformed midwall line t=0.5, v=0, apex (s=0) to base (s=1)"
2,7,midline,2x12x24,17295,False,mid,,95,0.95,-9.985197346895273,3.685406816847136e-11,3.22525470463322,,mm,,"deformed midwall line t=0.5, v=0, apex (s=0) to base (s=1)"
2,7,midline,2x12x24,17295,False,mid,,96,0.96,-9.635056466317502,2.912555013600178e-11,3.6051561259718685,,mm,,"deformed midwall line t=0.5, v=0, apex (s=0) to base (s=1)"
2,7,midline,2x12x24,17295,False,mid,,97,0.97,-9.279706561243156,2.157484211515248e-11,3.9726910154670683,,mm,,"deformed midwall line t=0.5, v=0, apex (s=0) to base (s=1)"
2,7,midline,2x12x24,17295,False,mid,,98,0.98,-8.919271671277158,1.4202220328004176e-11,4.3277418527162315,,mm,,"deformed midwall line t=0.5, v=0, apex (s=0) to base (s=1)"
2,7,midline,2x12x24,17295,False,mid,,99,0.99,-8.553880947730542,7.011808303172297e-12,4.670206928393239,,mm,,"deformed midwall line t=0.5, v=0, apex (s=0) to base (s=1)"
2,7,midline,2x12x24,17295,False,mid,,100,1.0,-8.183668195120728,1.817139371223126e-15,5.0,,mm,,"deformed midwall line t=0.5, v=0, apex (s=0) to base (s=1)"
2,8,strain,2x12x24,17295,False,endo,long,1,0.095,,,,58.32473803803215,percent,58,"pair of neighbouring stations along the layer, labelled by the first (s=parameter)"
2,8,strain,2x12x24,17295,False,endo,long,2,0.19,,,,56.23466250731703,percent,57,"pair of neighbouring stations along the layer, labelled by the first (s=parameter)"
2,8,strain,2x12x24,17295,False,endo,long,3,0.285,,,,54.52154904907653,percent,55,"pair of neighbouring stations along the layer, labelled by the first (s=parameter)"
2,8,strain,2x12x24,17295,False,endo,long,4,0.38,,,,53.349487972986175,percent,54,"pair of neighbouring stations along the layer, labelled by the first (s=parameter)"
2,8,strain,2x12x24,17295,False,endo,long,5,0.475,,,,52.59341307191134,percent,53,"pair of neighbouring stations along the layer, labelled by the first (s=parameter)"
2,8,strain,2x12x24,17295,False,endo,long,6,0.57,,,,52.034382666395615,percent,52,"pair of neighbouring stations along the layer, labelled by the first (s=parameter)"
2,8,strain,2x12x24,17295,False,endo,long,7,0.6649999999999999,,,,52.07728367966942,percent,52,"pair of neighbouring stations along the layer, labelled by the first (s=parameter)"
2,8,strain,2x12x24,17295,False,endo,long,8,0.76,,,,54.02690742239811,percent,53,"pair of neighbouring stations along the layer, labelled by the first (s=parameter)"
2,8,strain,2x12x24,17295,False,endo,long,9,0.8549999999999999,,,,60.44053022085127,percent,61,"pair of neighbouring stations along the layer, labelled by the first (s=parameter)"
2,8,strain,2x12x24,17295,False,endo,circ,1,0.095,,,,61.618348178494365,percent,62,station paired with its image rotated by pi/10 about the axis
2,8,strain,2x12x24,17295,False,endo,circ,2,0.19,,,,65.9401697174221,percent,67,station paired with its image rotated by pi/10 about the axis
2,8,strain,2x12x24,17295,False,endo,circ,3,0.285,,,,70.5219615174238,percent,72,station paired with its image rotated by pi/10 about the axis
2,8,strain,2x12x24,17295,False,endo,circ,4,0.38,,,,74.08853319162223,percent,75,station paired with its image rotated by pi/10 about the axis
2,8,strain,2x12x24,17295,False,endo,circ,5,0.475,,,,76.43891781716646,percent,77,station paired with its image rotated by pi/10 about the axis
2,8,strain,2x12x24,17295,False,endo,circ,6,0.57,,,,77.70609918456275,percent,78,station paired with its image rotated by pi/10 about the axis
2,8,strain,2x12x24,17295,False,endo,circ,7,0.6649999999999999,,,,77.6734248200771,percent,78,station paired with its image rotated by pi/10 about the axis
2,8,strain,2x12x24,17295,False,endo,circ,8,0.76,,,,74.71353959635564,percent,75,station paired with its image rotated by pi/10 about the axis
2,8,strain,2x12x24,17295,False,endo,circ,9,0.8549999999999999,,,,62.6548985119249,percent,63,station paired with its image rotated by pi/10 about the axis
2,8,strain,2x12x24,17295,False,endo,circ,10,0.95,,,,27.52144629152675,percent,28,station paired with its image rotated by pi/10 about the axis
2,8,strain,2x12x24,17295,False,mid,long,1,0.095,,,,36.00096974117246,percent,36,"pair of neighbouring stations along the layer, labelled by the first (s=parameter)"
2,8,strain,2x12x24,17295,False,mid,long,2,0.19,,,,39.70398824655747,percent,40,"pair of neighbouring stations along the layer, labelled by the first (s=parameter)"
2,8,strain,2x12x24,17295,False,mid,long,3,0.285,,,,43.51220671919285,percent,44,"pair of neighbouring stations along the layer, labelled by the first (s=parameter)"
2,8,strain,2x12x24,17295,False,mid,long,4,0.38,,,,46.05196518747378,percent,47,"pair of neighbouring stations along the layer, labelled by the first (s=parameter)"
2,8,strain,2x12x24,17295,False,mid,long,5,0.475,,,,47.57979825846912,percent,48,"pair of neighbouring stations along the layer, labelled by the first (s=parameter)"
2,8,strain,2x12x24,17295,False,mid,long,6,0.57,,,,48.677929196201355,percent,49,"pair of neighbouring stations along the layer, labelled by the first (s=parameter)"
2,8,strain,2x12x24,17295,False,mid,long,7,0.6649999999999999,,,,49.637504878190185,percent,50,"pair of neighbouring stations along the layer, labelled by the first (s=parameter)"
2,8,strain,2x12x24,17295,False,mid,long,8,0.76,,,,51.68776619398996,percent,52,"pair of neighbouring stations along the layer, labelled by the first (s=parameter)"
2,8,strain,2x12x24,17295,False,mid,long,9,0.8549999999999999,,,,53.98913124749676,percent,53,"pair of neighbouring stations along the layer, labelled by the first (s=parameter)"
2,8,strain,2x12x24,17295,False,mid,circ,1,0.095,,,,35.583512194975285,percent,35,station paired with its image rotated by pi/10 about the axis
2,8,strain,2x12x24,17295,False,mid,circ,2,0.19,,,,39.6939172926575,percent,40,station paired with its image rotated by pi/10 about the axis
2,8,strain,2x12x24,17295,False,mid,circ,3,0.285,,,,45.30713709882848,percent,46,station paired with its image rotated by pi/10 about the axis
2,8,strain,2x12x24,17295,False,mid,circ,4,0.38,,,,50.523384492508264,percent,51,station paired with its image rotated by pi/10 about the axis
2,8,strain,2x12x24,17295,False,mid,circ,5,0.475,,,,54.39767663713495,percent,54,station paired with its image rotated by pi/10 about the axis
2,8,strain,2x12x24,17295,False,mid,circ,6,0.57,,,,56.85398700960413,percent,57,station paired with its image rotated by pi/10 about the axis
2,8,strain,2x12x24,17295,False,mid,circ,7,0.6649999999999999,,,,57.820496353859085,percent,58,station paired with its image rotated by pi/10 about the axis
2,8,strain,2x12x24,17295,False,mid,circ,8,0.76,,,,56.140249279560116,percent,57,station paired with its image rotated by pi/10 about the axis
2,8,strain,2x12x24,17295,False,mid,circ,9,0.8549999999999999,,,,46.865958916477226,percent,47,station paired with its image rotated by pi/10 about the axis
2,8,strain,2x12x24,17295,False,mid,circ,10,0.95,,,,19.433613585143927,percent,20,station paired with its image rotated by pi/10 about the axis
2,8,strain,2x12x24,17295,False,epi,long,1,0.095,,,,22.69935877277365,percent,22,"pair of neighbouring stations along the layer, labelled by the first (s=parameter)"
2,8,strain,2x12x24,17295,False,epi,long,2,0.19,,,,28.36377437477571,percent,28,"pair of neighbouring stations along the layer, labelled by the first (s=parameter)"
2,8,strain,2x12x24,17295,False,epi,long,3,0.285,,,,34.483747166612844,percent,34,"pair of neighbouring stations along the layer, labelled by the first (s=parameter)"
2,8,strain,2x12x24,17295,False,epi,long,4,0.38,,,,39.369027104849195,percent,40,"pair of neighbouring stations along the layer, labelled by the first (s=parameter)"
2,8,strain,2x12x24,17295,False,epi,long,5,0.475,,,,42.68133187559771,percent,43,"pair of neighbouring stations along the layer, labelled by the first (s=parameter)"
2,8,strain,2x12x24,17295,False,epi,long,6,0.57,,,,45.02531634319931,percent,46,"pair of neighbouring stations along the layer, labelled by the first (s=parameter)"
2,8,strain,2x12x24,17295,False,epi,long,7,0.6649999999999999,,,,47.27734901118244,percent,48,"pair of neighbouring stations along the layer, labelled by the first (s=parameter)"
2,8,strain,2x12x24,17295,False,epi,long,8,0.76,,,,49.91710924345107,percent,50,"pair of neighbouring stations along the layer, labelled by the first (s=parameter)"
2,8,strain,2x12x24,17295,False,epi,long,9,0.8549999999999999,,,,48.44733987315386,percent,47,"pair of neighbouring stations along the layer, labelled by the first (s=parameter)"
2,8,strain,2x12x24,17295,False,epi,circ,1,0.095,,,,19.90843990332771,percent,19,station paired with its image rotated by pi/10 about the axis
2,8,strain,2x12x24,17295,False,epi,circ,2,0.19,,,,23.762185298560844,percent,23,station paired with its image rotated by pi/10 about the axis
2,8,strain,2x12x24,17295,False,epi,circ,3,0.285,,,,29.11079070636071,percent,28,station paired with its image rotated by pi/10 about the axis
2,8,strain,2x12x24,17295,False,epi,circ,4,0.38,,,,34.5322938987245,percent,34,station paired with its image rotated by pi/10 about the axis
2,8,strain,2x12x24,17295,False,epi,circ,5,0.475,,,,38.92877712624585,percent,39,station paired with its image rotated by pi/10 about the axis
2,8,strain,2x12x24,17295,False,epi,circ,6,0.57,,,,41.95004201677952,percent,42,station paired with its image rotated by pi/10 about the axis
2,8,strain,2x12x24,17295,False,epi,circ,7,0.6649999999999999,,,,43.479173989340694,percent,43,station paired with its image rotated by pi/10 about the axis
2,8,strain,2x12x24,17295,False,epi,circ,8,0.76,,,,42.64895447885575,percent,43,station paired with its image rotated by pi/10 about the axis
2,8,strain,2x12x24,17295,False,epi,circ,9,0.8549999999999999,,,,35.43377267104497,percent,35,station paired with its image rotated by pi/10 about the axis
2,8,strain,2x12x24,17295,False,epi,circ,10,0.95,,,,14.174969404090687,percent,15,station paired with its image rotated by pi/10 about the axis
2,8,strain,2x12x24,17295,False,endo,trans,1,0.095,,,,-49.6531909824734,percent,-50,"across the wall: endo-mid at endo, mid-epi at epi, endo-epi at midwall"
2,8,strain,2x12x24,17295,False,endo,trans,2,0.19,,,,-42.98426794488394,percent,-43,"across the wall: endo-mid at endo, mid-epi at epi, endo-epi at midwall"
2,8,strain,2x12x24,17295,False,endo,trans,3,0.285,,,,-35.29333332249832,percent,-36,"across the wall: endo-mid at endo, mid-epi at epi, endo-epi at midwall"
2,8,strain,2x12x24,17295,False,endo,trans,4,0.38,,,,-30.958799633336444,percent,-31,"across the wall: endo-mid at endo, mid-epi at epi, endo-epi at midwall"
2,8,strain,2x12x24,17295,False,endo,trans,5,0.475,,,,-30.700929642311692,percent,-30,"across the wall: endo-mid at endo, mid-epi at epi, endo-epi at midwall"
2,8,strain,2x12x24,17295,False,endo,trans,6,0.57,,,,-33.63249014160593,percent,-34,"across the wall: endo-mid at endo, mid-epi at epi, endo-epi at midwall"
2,8,strain,2x12x24,17295,False,endo,trans,7,0.6649999999999999,,,,-38.94210869682348,percent,-39,"across the wall: endo-mid at endo, mid-epi at epi, endo-epi at midwall"
2,8,strain,2x12x24,17295,False,endo,trans,8,0.76,,,,-44.09769180441098,percent,-45,"across the wall: endo-mid at endo, mid-epi at epi, endo-epi at midwall"
2,8,strain,2x12x24,17295,False,endo,trans,9,0.8549999999999999,,,,-44.93169244283097,percent,-46,"across the wall: endo-mid at endo, mid-epi at epi, endo-epi at midwall"
2,8,strain,2x12x24,17295,False,endo,trans,10,0.95,,,,-28.71819062996336,percent,-26,"across the wall: endo-mid at endo, mid-epi at epi, endo-epi at midwall"
2,8,strain,2x12x24,17295,False,epi,trans,1,0.095,,,,-36.71343918023693,percent,-35,"across the wall: endo-mid at endo, mid-epi at epi, endo-epi at midwall"
2,8,strain,2x12x24,17295,False,epi,trans,2,0.19,,,,-36.26302626199549,percent,-35,"across the wall: endo-mid at endo, mid-epi at epi, endo-epi at midwall"
2,8,strain,2x12x24,17295,False,epi,trans,3,0.285,,,,-34.42667479071198,percent,-34,"across the wall: endo-mid at endo, mid-epi at epi, endo-epi at midwall"
2,8,strain,2x12x24,17295,False,epi,trans,4,0.38,,,,-32.211938138499775,percent,-32,"across the wall: endo-mid at endo, mid-epi at epi, endo-epi at midwall"
2,8,strain,2x12x24,17295,False,epi,trans,5,0.475,,,,-31.77849257684472,percent,-31,"across the wall: endo-mid at endo, mid-epi at epi, endo-epi at midwall"
2,8,strain,2x12x24,17295,False,epi,trans,6,0.57,,,,-33.6707629515182,percent,-33,"across the wall: endo-mid at endo, mid-epi at epi, endo-epi at midwall"
2,8,strain,2x12x24,17295,False,epi,trans,7,0.6649999999999999,,,,-37.301366363677026,percent,-36,"across the wall: endo-mid at endo, mid-epi at epi, endo-epi at midwall"
2,8,strain,2x12x24,17295,False,epi,trans,8,0.76,,,,-41.76961946244837,percent,-39,"across the wall: endo-mid at endo, mid-epi at epi, endo-epi at midwall"
2,8,strain,2x12x24,17295,False,epi,trans,9,0.8549999999999999,,,,-42.30229845354088,percent,-42,"across the wall: endo-mid at endo, mid-epi at epi, endo-epi at midwall"
2,8,strain,2x12x24,17295,False,epi,trans,10,0.95,,,,-22.463593542541084,percent,-23,"across the wall: endo-mid at endo, mid-epi at epi, endo-epi at midwall"
2,8,strain,2x12x24,17295,False,mid,trans,1,0.095,,,,-43.27638953931915,percent,-43,"across the wall: endo-mid at endo, mid-epi at epi, endo-epi at midwall"
2,8,strain,2x12x24,17295,False,mid,trans,2,0.19,,,,-39.90264545778557,percent,-40,"across the wall: endo-mid at endo, mid-epi at epi, endo-epi at midwall"
2,8,strain,2x12x24,17295,False,mid,trans,3,0.285,,,,-35.122716409599064,percent,-34,"across the wall: endo-mid at endo, mid-epi at epi, endo-epi at midwall"
2,8,strain,2x12x24,17295,False,mid,trans,4,0.38,,,,-31.74798051999713,percent,-31,"across the wall: endo-mid at endo, mid-epi at epi, endo-epi at midwall"
2,8,strain,2x12x24,17295,False,mid,trans,5,0.475,,,,-31.341276554067633,percent,-31,"across the wall: endo-mid at endo, mid-epi at epi, endo-epi at midwall"
2,8,strain,2x12x24,17295,False,mid,trans,6,0.57,,,,-33.72128389953261,percent,-33,"across the wall: endo-mid at endo, mid-epi at epi, endo-epi at midwall"
2,8,strain,2x12x24,17295,False,mid,trans,7,0.6649999999999999,,,,-38.16345671798425,percent,-38,"across the wall: endo-mid at endo, mid-epi at epi, endo-epi at midwall"
2,8,strain,2x12x24,17295,False,mid,trans,8,0.76,,,,-42.956514442666446,percent,-42,"across the wall: endo-mid at endo, mid-epi at epi, endo-epi at midwall"
2,8,strain,2x12x24,17295,False,mid,trans,9,0.8549999999999999,,,,-43.630833211494924,percent,-44,"across the wall: endo-mid at endo, mid-epi at epi, endo-epi at midwall"
2,8,strain,2x12x24,17295,False,mid,trans,10,0.95,,,,-25.59162510762669,percent,-24,"across the wall: endo-mid at endo, mid-epi at epi, endo-epi at midwall"
2,6,apex_z,3x16x32,43029,False,endo,,,,,,,-26.625752667336478,mm,-26.6,deformed z of the apex on this surface
2,6,apex_z,3x16x32,43029,False,epi,,,,,,,-28.29426342274634,mm,-28.3,deformed z of the apex on this surface
2,7,midline,3x16x32,43029,False,mid,,0,0.0,1.0462834499240912e-09,-5.591887241781326e-10,-27.31218686797806,,mm,,"deformed midwall line t=0.5, v=0, apex (s=0) to base (s=1)"
2,7,midline,3x16x32,43029,False,mid,,1,0.01,-0.20945275798626906,-5.597313672848561e-10,-27.309603205415485,,mm,,"deformed midwall line t=0.5, v=0, apex (s=0) to base (s=1)"
2,7,midline,3x16x32,43029,False,mid,,2,0.02,-0.41938317495184096,-5.597144427302853e-10,-27.300394423365653,,mm,,"deformed midwall line t=0.5, v=0, apex (s=0) to base (s=1)"
2,7,midline,3x16x32,43029,False,mid,,3,0.03,-0.6297206991472322,-5.591372004116772e-10,-27.28455848846665,,mm,,"deformed midwall line t=0.5, v=0, apex (s=0) to base (s=1)"
2,7,midline,3x16x32,43029,False,mid,,4,0.04,-0.8403936978307484,-5.579995476207075e-10,-27.26209881263904,,mm,,"deformed midwall line t=0.5, v=0, apex (s=0) to base (s=1)"
2,7,midline,3x16x32,43029,False,mid,,5,0.05,-1.0513302455171887,-5.563020416489713e-10,-27.233024250720305,,mm,,"deformed midwall line t=0.5, v=0, apex (s=0) to base (s=1)"
2,7,midline,3x16x32,43029,False,mid,,6,0.06,-1.262458913723247,-5.54045905560645e-10,-27.197348987518026,,mm,,"deformed midwall line t=0.5, v=0, apex (s=0) to base (s=1)"
2,7,midline,3x16x32,43029,False,mid,,7,0.07,-1.4740277800875197,-5.528091046250741e-10,-27.155786252838947,,mm,,"deformed midwall line t=0.5, v=0, apex (s=0) to base (s=1)"
2,7,midline,3x16x32,43029,False,mid,,8,0.08,-1.6865409724684997,-5.518447061342361e-10,-27.10744945539817,,mm,,"deformed midwall line t=0.5, v=0, apex (s=0) to base (s=1)"
2,7,midline,3x16x32,43029,False,mid,,9,0.09,-1.8999335297274063,-5.506707157964025e-10,-27.05205461467097,,mm,,"deformed midwall line t=0.5, v=0, apex (s=0) to base (s=1)"
2,7,midline,3x16x32,43029,False,mid,,10,0.1,-2.114132933295627,-5.492874165811825e-10,-26.98961750529078,,mm,,"deformed midwall line t=0.5, v=0, apex (s=0) to base (s=1)"
2,7,midline,3x16x32,43029,False,mid,,11,0.11,-2.3290660436076696,-5.476952938751451e-10,-26.920159886458677,,mm,,"deformed midwall line t=0.5, v=0, apex (s=0) to base (s=1)"
2,7,midline,3x16x32,43029,False,mid,,12,0.12,-2.54465985961418,-5.458950396657496e-10,-26.843709258607273,,mm,,"deformed midwall line t=0.5, v=0, apex (s=0) to base (s=1)"
2,7,midline,3x16x32,43029,False,mid,,13,0.13,-2.7610589642872743,-5.436536989361899e-10,-26.7607054779638,,mm,,"deformed midwall line t=0.5, v=0, apex (s=0) to base (s=1)"
2,7,midline,3x16x32,43029,False,mid,,14,0.14,-2.9785967612278874,-5.411597210384572e-10,-26.67046927631891,,mm,,"deformed midwall line t=0.5, v=0, apex (s=0) to base (s=1)"
2,7,midline,3x16x32,43029,False,mid,,15,0.15,-3.197118327980719,-5.387105165920643e-10,-26.572379873633906,,mm,,"deformed midwall line t=0.5, v=0, apex (s=0) to base (s=1)"
2,7,midline,3x16x32,43029,False,mid,,16,0.16,-3.416549225358666,-5.363070576359557e-10,-26.4664659342885,,mm,,"deformed midwall line t=0.5, v=0, apex (s=0) to base (s=1)"
2,7,midline,3x16x32,43029,False,mid,,17,0.17,-3.63681453809844,-5.339501753750976e-10,-26.352763112210006,,mm,,"deformed midwall line t=0.5, v=0, apex (s=0) to base (s=1)"
2,7,midline,3x16x32,43029,False,mid,,18,0.18,-3.8578395623673725,-5.316405647217323e-10,-26.23131366798512,,mm,,"deformed midwall line t=0.5, v=0, apex (s=0) to base (s=1)"
2,7,midline,3x16x32,43029,False,mid,,19,0.19,-4.079645052747577,-5.291157218612359e-10,-26.1022761461402,,mm,,"deformed midwall line t=0.5, v=0, apex (s=0) to base (s=1)"
2,7,midline,3x16x32,43029,False,mid,,20,0.2,-4.302314420292235,-5.259452171013934e-10,-25.965268308903617,,mm,,"deformed midwall line t=0.5, v=0, apex (s=0) to base (s=1)"
2,7,midline,3x16x32,43029,False,mid,,21,0.21,-4.5254682523693734,-5.229767775931744e-10,-25.81960693983119,,mm,,"deformed midwall line t=0.5, v=0, apex (s=0) to base (s=1)"
2,7,midline,3x16x32,43029,False,mid,,22,0.22,-4.749029506872417,-5.202117912142243e-10,-25.665334999284983,,mm,,"deformed midwall line t=0.5, v=0, apex (s=0) to base (s=1)"
2,7,midline,3x16x32,43029,False,mid,,23,0.23,-4.972921584015383,-5.176512976088187e-10,-25.50250339998957,,mm,,"deformed midwall line t=0.5, v=0, apex (s=0) to base (s=1)"
2,7,midline,3x16x32,43029,False,mid,,24,0.24,-5.197068885614348,-5.152959992735986e-10,-25.33117049752598,,mm,,"deformed midwall line t=0.5, v=0, apex (s=0) to base (s=1)"
2,7,midline,3x16x32,43029,False,mid,,25,0.25,-5.421397323886346,-5.131462546791525e-10,-25.15140148169987,,mm,,"deformed midwall line t=0.5, v=0, apex (s=0) to base (s=1)"
2,7,midline,3x16x32,43029,False,mid,,26,0.26,-5.645797498621575,-5.103466950281284e-10,-24.962831377396764,,mm,,"deformed midwall line t=0.5, v=0, apex (s=0) to base (s=1)"
2,7,midline,3x16x32,43029,False,mid,,27,0.27,-5.869643756257984,-5.07303095758496e-10,-24.765190290217024,,mm,,"deformed midwall line t=0.5, v=0, apex (s=0) to base (s=1)"
2,7,midline,3x16x32,43029,False,mid,,28,0.28,-6.092856758021431,-5.040161953568092e-10,-24.558537363586414,,mm,,"deformed midwall line t=0.5, v=0, apex (s=0) to base (s=1)"
2,7,midline,3x16x32,43029,False,mid,,29,0.29,-6.31535915553989,-5.004870044763179e-10,-24.342940092806536,,mm,,"deformed midwall line t=0.5, v=0, apex (s=0) to base (s=1)"
2,7,midline,3x16x32,43029,False,mid,,30,0.3,-6.5370759786350625,-4.967167938418539e-10,-24.118473741547938,,mm,,"deformed midwall line t=0.5, v=0, apex (s=0) to base (s=1)"
2,7,midline,3x16x32,43029,False,mid,,31,0.31,-6.7579349466749115,-4.92707078394014e-10,-23.885220705729783,,mm,,"deformed midwall line t=0.5, v=0, apex (s=0) to base (s=1)"
2,7,midline,3x16x32,43029,False,mid,,32,0.32,-6.977711146628046,-4.890585934848458e-10,-23.642964381146705,,mm,,"deformed midwall line t=0.5, v=0, apex (s=0) to base (s=1)"
2,7,midline,3x16x32,43029,False,mid,,33,0.33,-7.1957941395781475,-4.853711606377514e-10,-23.391717814873054,,mm,,"deformed midwall line t=0.5, v=0, apex (s=0) to base (s=1)"
2,7,midline,3x16x32,43029,False,mid,,34,0.34,-7.4120647084397095,-4.814457486619149e-10,-23.131620972263242,,mm,,"deformed midwall line t=0.5, v=0, apex (s=0) to base (s=1)"
2,7,midline,3x16x32,43029,False,mid,,35,0.35,-7.626446490736801,-4.77283545208972e-10,-22.862758629704707,,mm,,"deformed midwall line t=0.5, v=0, apex (s=0) to base (s=1)"
2,7,midline,3x16x32,43029,False,mid,,36,0.36,-7.838866908706443,-4.728859933086777e-10,-22.585222980353066,,mm,,"deformed midwall line t=0.5, v=0, apex (s=0) to base (s=1)"
2,7,midline,3x16x32,43029,False,mid,,37,0.37,-8.049257312056765,-4.682547726788752e-10,-22.299113042348097,,mm,,"deformed midwall line t=0.5, v=0, apex (s=0) to base (s=1)"
2,7,midline,3x16x32,43029,False,mid,,38,0.38,-8.25746267447229,-4.63456976499227e-10,-22.004410299800448,,mm,,"deformed midwall line t=0.5, v=0, apex (s=0) to base (s=1)"
2,7,midline,3x16x32,43029,False,mid,,39,0.39,-8.46297899932231,-4.585898706649319e-10,-21.70123840490839,,mm,,"deformed midwall line t=0.5, v=0, apex (s=0) to base (s=1)"
2,7,midline,3x16x32,43029,False,mid,,40,0.4,-8.665674482883805,-4.5362168255571974e-10,-21.38982389322923,,mm,,"deformed midwall line t=0.5, v=0, apex (s=0) to base (s=1)"
2,7,midline,3x16x32,43029,False,mid,,41,0.41,-8.865475838855529,-4.485540722557249e-10,-21.070268594875014,,mm,,"deformed midwall line t=0.5, v=0, apex (s=0) to base (s=1)"
2,7,midline,3x16x32,43029,False,mid,,42,0.42,-9.062314612091152,-4.4338876151309347e-10,-20.74268094675684,,mm,,"deformed midwall line t=0.5, v=0, apex (s=0) to base (s=1)"
2,7,midline,3x16x32,43029,False,mid,,43,0.43,-9.256127210297059,-4.3812753108092175e-10,-20.407175482448938,,mm,,"deformed midwall line t=0.5, v=0, apex (s=0) to base (s=1)"
2,7,midline,3x16x32,43029,False,mid,,44,0.44,-9.446834397745882,-4.328041715086631e-10,-20.06383537258332,,mm,,"deformed midwall line t=0.5, v=0, apex (s=0) to base (s=1)"
2,7,midline,3x16x32,43029,False,mid,,45,0.45,-9.63409085760148,-4.2741980654696166e-10,-19.7128148538197,,mm,,"deformed midwall line t=0.5, v=0, apex (s=0) to base (s=1)"
2,7,midline,3x16x32,43029,False,mid,,46,0.46,-9.817740276084244,-4.218413761733931e-10,-19.354403103342584,,mm,,"deformed midwall line t=0.5, v=0, apex (s=0) to base (s=1)"
2,7,midline,3x16x32,43029,False,mid,,47,0.47,-9.9977143649338,-4.1607060765332797e-10,-18.988717932486615,,mm,,"deformed midwall line t=0.5, v=0, apex (s=0) to base (s=1)"
2,7,midline,3x16x32,43029,False,mid,,48,0.48,-10.173950336993627,-4.1010941973892913e-10,-18.615882793600704,,mm,,"deformed midwall line t=0.5, v=0, apex (s=0) to base (s=1)"
2,7,midline,3x16x32,43029,False,mid,,49,0.49,-10.34639087861027,-4.039599174242563e-10,-18.23602635772945,,mm,,"deformed midwall line t=0.5, v=0, apex (s=0) to base (s=1)"
2,7,midline,3x16x32,43029,False,mid,,50,0.5,-10.514984081150459,-3.976243869986297e-10,-17.849282108658524,,mm,,"deformed midwall line t=0.5, v=0, apex (s=0) to base (s=1)"
2,7,midline,3x16x32,43029,False,mid,,51,0.51,-10.679569430075789,-3.913082642564058e-10,-17.455747794627147,,mm,,"deformed midwall line t=0.5, v=0, apex (s=0) to base (s=1)"
2,7,midline,3x16x32,43029,False,mid,,52,0.52,-10.839880956933218,-3.8493505462228985e-10,-17.055776350595956,,mm,,"deformed midwall line t=0.5, v=0, apex (s=0) to base (s=1)"
2,7,midline,3x16x32,43029,False,mid,,53,0.53,-10.995856859055994,-3.7850693598614887e-10,-16.649499934461943,,mm,,"deformed midwall line t=0.5, v=0, apex (s=0) to base (s=1)"
2,7,midline,3x16x32,43029,False,mid,,54,0.54,-11.14744132119319,-3.7202609617086395e-10,-16.23705541413639,,mm,,"deformed midwall line t=0.5, v=0, apex (s=0) to base (s=1)"
2,7,midline,3x16x32,43029,False,mid,,55,0.55,-11.29458446251765,-3.6549473972692645e-10,-15.818584023369915,,mm,,"deformed midwall line t=0.5, v=0, apex (s=0) to base (s=1)"
2,7,midline,3x16x32,43029,False,mid,,56,0.56,-11.43724225139323,-3.5891508185464584e-10,-15.394231030253442,,mm,,"deformed midwall line t=0.5, v=0, apex (s=0) to base (s=1)"
2,7,midline,3x16x32,43029,False,mid,,57,0.57,-11.575397677809805,-3.5179129543267213e-10,-14.964058854154038,,mm,,"deformed midwall line t=0.5, v=0, apex (s=0) to base (s=1)"
2,7,midline,3x16x32,43029,False,mid,,58,0.58,-11.70860346896098,-3.4446571373453535e-10,-14.528384659685079,,mm,,"deformed midwall line t=0.5, v=0, apex (s=0) to base (s=1)"
2,7,midline,3x16x32,43029,False,mid,,59,0.59,-11.836743316298705,-3.371080071123788e-10,-14.08739813021733,,mm,,"deformed midwall line t=0.5, v=0, apex (s=0) to base (s=1)"
2,7,midline,3x16x32,43029,False,mid,,60,0.6,-11.959769467508732,-3.2972070027312784e-10,-13.641247725300655,,mm,,"deformed midwall line t=0.5, v=0, apex (s=0) to base (s=1)"
2,7,midline,3x16x32,43029,False,mid,,61,0.61,-12.077640699532868,-3.223063047187127e-10,-13.19008552510276,,mm,,"deformed midwall line t=0.5, v=0, apex (s=0) to base (s=1)"
2,7,midline,3x16x32,43029,False,mid,,62,0.62,-12.190322228452338,-3.1486731439336916e-10,-12.734066958952967,,mm,,"deformed midwall line t=0.5, v=0, apex (s=0) to base (s=1)"
2,7,midline,3x16x32,43029,False,mid,,63,0.63,-12.297885631451903,-3.0766625695030504e-10,-12.273218279795396,,mm,,"deformed midwall line t=0.5, v=0, apex (s=0) to base (s=1)"
2,7,midline,3x16x32,43029,False,mid,,64,0.64,-12.39961420399015,-3.005943538368778e-10,-11.807737552958152,,mm,,"deformed midwall line t=0.5, v=0, apex (s=0) to base (s=1)"
2,7,midline,3x16x32,43029,False,mid,,65,0.65,-12.495135111033544,-2.9335668174854603e-10,-11.337925761625003,,mm,,"deformed midwall line t=0.5, v=0, apex (s=0) to base (s=1)"
2,7,midline,3x16x32,43029,False,mid,,66,0.66,-12.584409586422302,-2.859555589848692e-10,-10.863941018261103,,mm,,"deformed midwall line t=0.5, v=0, apex (s=0) to base (s=1)"
2,7,midline,3x16x32,43029,False,mid,,67,0.67,-12.667406602964142,-2.783934883494616e-10,-10.385944444334367,,mm,,"deformed midwall line t=0.5, v=0, apex (s=0) to base (s=1)"
2,7,midline,3x16x32,43029,False,mid,,68,0.68,-12.744102779604733,-2.7067315397660723e-10,-9.904099949759626,,mm,,"deformed midwall line t=0.5, v=0, apex (s=0) to base (s=1)"
2,7,midline,3x16x32,43029,False,mid,,69,0.69,-12.814613199095405,-2.6273676232470695e-10,-9.41844332051669,,mm,,"deformed midwall line t=0.5, v=0, apex (s=0) to base (s=1)"
2,7,midline,3x16x32,43029,False,mid,,70,0.7,-12.877888207129304,-2.5461038053313584e-10,-8.928926112896848,,mm,,"deformed midwall line t=0.5, v=0, apex (s=0) to base (s=1)"
2,7,midline,3x16x32,43029,False,mid,,71,0.71,-12.93272359880408,-2.4656559918473234e-10,-8.436132191459244,,mm,,"deformed midwall line t=0.5, v=0, apex (s=0) to base (s=1)"
2,7,midline,3x16x32,43029,False,mid,,72,0.72,-12.979090308519455,-2.3860531166779387e-10,-7.940227437487038,,mm,,"deformed midwall line t=0.5, v=0, apex (s=0) to base (s=1)"
2,7,midline,3x16x32,43029,False,mid,,73,0.73,-13.016969770670881,-2.3073227106617943e-10,-7.441380127470819,,mm,,"deformed midwall line t=0.5, v=0, apex (s=0) to base (s=1)"
2,7,midline,3x16x32,43029,False,mid,,74,0.74,-13.046353825969408,-2.2294908335217143e-10,-6.939760760193982,,mm,,"deformed midwall line t=0.5, v=0, apex (s=0) to base (s=1)"
2,7,midline,3x16x32,43029,False,mid,,75,0.75,-13.067244584875228,-2.1525820629767552e-10,-6.435541876789471,,mm,,"deformed midwall line t=0.5, v=0, apex (s=0) to base (s=1)"
2,7,midline,3x16x32,43029,False,mid,,76,0.76,-13.078730021970841,-2.0696312106948722e-10,-5.927817457615321,,mm,,"deformed midwall line t=0.5, v=0, apex (s=0) to base (s=1)"
2,7,midline,3x16x32,43029,False,mid,,77,0.77,-13.07719334597159,-1.9861270570430263e-10,-5.4186303530372895,,mm,,"deformed midwall line t=0.5, v=0, apex (s=0) to base (s=1)"
2,7,midline,3x16x32,43029,False,mid,,78,0.78,-13.062615489897183,-1.9020973526001757e-10,-4.908153220237763,,mm,,"deformed midwall line t=0.5, v=0, apex (s=0) to base (s=1)"
2,7,midline,3x16x32,43029,False,mid,,79,0.79,-13.034993924357737,-1.8175704126699608e-10,-4.396559545128984,,mm,,"deformed midwall line t=0.5, v=0, apex (s=0) to base (s=1)"
2,7,midline,3x16x32,43029,False,mid,,80,0.8,-12.99434258656198,-1.7325751620900948e-10,-3.8840235100846843,,mm,,"deformed midwall line t=0.5, v=0, apex (s=0) to base (s=1)"
2,7,midline,3x16x32,43029,False,mid,,81,0.81,-12.940691731489773,-1.6471410742223359e-10,-3.370719844232998,,mm,,"deformed midwall line t=0.5, v=0, apex (s=0) to base (s=1)"
2,7,midline,3x16x32,43029,False,mid,,82,0.82,-12.87323300450578,-1.5643191451863198e-10,-2.8540214350736335,,mm,,"deformed midwall line t=0.5, v=0, apex (s=0) to base (s=1)"
2,7,midline,3x16x32,43029,False,mid,,83,0.83,-12.785702085431396,-1.4813249503719597e-10,-2.339717266077507,,mm,,"deformed midwall line t=0.5, v=0, apex (s=0) to base (s=1)"
2,7,midline,3x16x32,43029,False,mid,,84,0.84,-12.677398925808385,-1.3970633413634446e-10,-1.8294582348234787,,mm,,"deformed midwall line t=0.5, v=0, apex (s=0) to base (s=1)"
2,7,midline,3x16x32,43029,False,mid,,85,0.85,-12.54834296330465,-1.3115618680919e-10,-1.3234215908001845,,mm,,"deformed midwall line t=0.5, v=0, apex (s=0) to base (s=1)"
2,7,midline,3x16x32,43029,False,mid,,86,0.86,-12.398580629746649,-1.2248497891526226e-10,-0.8217790017137983,,mm,,"deformed midwall line t=0.5, v=0, apex (s=0) to base (s=1)"
2,7,midline,3x16x32,43029,False,mid,,87,0.87,-12.228185205987465,-1.1369580305738392e-10,-0.3246963864636042,,mm,,"deformed midwall line t=0.5, v=0, apex (s=0) to base (s=1)"
2,7,midline,3x16x32,43029,False,mid,,88,0.88,-12.035581382090568,-1.0489244461369475e-10,0.17223655464386078,,mm,,"deformed midwall line t=0.5, v=0, apex (s=0) to base (s=1)"
2,7,midline,3x16x32,43029,False,mid,,89,0.89,-11.818095586930289,-9.616856225658485e-11,0.6607385074613177,,mm,,"deformed midwall line t=0.5, v=0, apex (s=0) to base (s=1)"
2,7,midline,3x16x32,43029,False,mid,,90,0.9,-11.576515733903335,-8.745675815058887e-11,1.133341495373928,,mm,,"deformed midwall line t=0.5, v=0, apex (s=0) to base (s=1)"
2,7,midline,3x16x32,43029,False,mid,,91,0.91,-11.310897558437848,-7.875999058947041e-11,1.5898673886392294,,mm,,"deformed midwall line t=0.5, v=0, apex (s=0) to base (s=1)"
2,7,midline,3x16x32,43029,False,mid,,92,0.92,-11.021328563990021,-7.008121628069746e-11,2.030158849544322,,mm,,"deformed midwall line t=0.5, v=0, apex (s=0) to base (s=1)"
2,7,midline,3x16x32,43029,False,mid,,93,0.93,-10.707927806120047,-6.142339293890817e-11,2.4540796588580513,,mm,,"deformed midwall line t=0.5, v=0, apex (s=0) to base (s=1)"
2,7,midline,3x16x32,43029,False,mid,,94,0.94,-10.367026028482757,-5.2667164711389436e-11,2.8588349583568147,,mm,,"deformed midwall line t=0.5, v=0, apex (s=0) to base (s=1)"
2,7,midline,3x16x32,43029,False,mid,,95,0.95,-10.005157014058925,-4.361749940442017e-11,3.2427594796023747,,mm,,"deformed midwall line t=0.5, v=0, apex (s=0) to base (s=1)"
2,7,midline,3x16x32,43029,False,mid,,96,0.96,-9.64231362237746,-3.4672483979166255e-11,3.6160320801753367,,mm,,"deformed midwall line t=0.5, v=0, apex (s=0) to base (s=1)"
2,7,midline,3x16x32,43029,False,mid,,97,0.97,-9.278619108756155,-2.583524738480474e-11,3.9785127319063815,,mm,,"deformed midwall line t=0.5, v=0, apex (s=0) to base (s=1)"
2,7,midline,3x16x32,43029,False,mid,,98,0.98,-8.914197558993905,-1.710881918859625e-11,4.3300744036527465,,mm,,"deformed midwall line t=0.5, v=0, apex (s=0) to base (s=1)"
2,7,midline,3x16x32,43029,False,mid,,99,0.99,-8.549172931809125,-8.496133546001272e-12,4.670603483288669,,mm,,"deformed midwall line t=0.5, v=0, apex (s=0) to base (s=1)"
2,7,midline,3x16x32,43029,False,mid,,100,1.0,-8.183668195120728,0.0,5.0,,mm,,"deformed midwall line t=0.5, v=0, apex (s=0) to base (s=1)"
2,8,strain,3x16x32,43029,False,endo,long,1,0.095,,,,58.33348823754707,percent,58,"pair of neighbouring stations along the layer, labelled by the first (s=parameter)"
2,8,strain,3x16x32,43029,False,endo,long,2,0.19,,,,56.42794608015949,percent,57,"pair of neighbouring stations along the layer, labelled by the first (s=parameter)"
2,8,strain,3x16x32,43029,False,endo,long,3,0.285,,,,54.62073847095586,percent,55,"pair of neighbouring stations along the layer, labelled by the first (s=parameter)"
2,8,strain,3x16x32,43029,False,endo,long,4,0.38,,,,53.39615410546041,percent,54,"pair of neighbouring stations along the layer, labelled by the first (s=parameter)"
2,8,strain,3x16x32,43029,False,endo,long,5,0.475,,,,52.63428585889809,percent,53,"pair of neighbouring stations along the layer, labelled by the first (s=parameter)"
2,8,strain,3x16x32,43029,False,endo,long,6,0.57,,,,52.1510477094774,percent,52,"pair of neighbouring stations along the layer, labelled by the first (s=parameter)"
2,8,strain,3x16x32,43029,False,endo,long,7,0.6649999999999999,,,,51.98980908206276,percent,52,"pair of neighbouring stations along the layer, labelled by the first (s=parameter)"
2,8,strain,3x16x32,43029,False,endo,long,8,0.76,,,,53.511130549666255,percent,53,"pair of neighbouring stations along the layer, labelled by the first (s=parameter)"
2,8,strain,3x16x32,43029,False,endo,long,9,0.8549999999999999,,,,61.20228042455269,percent,61,"pair of neighbouring stations along the layer, labelled by the first (s=parameter)"
2,8,strain,3x16x32,43029,False,endo,circ,1,0.095,,,,61.32086906633614,percent,62,station paired with its image rotated by pi/10 about the axis
2,8,strain,3x16x32,43029,False,endo,circ,2,0.19,,,,65.88995638958366,percent,67,station paired with its image rotated by pi/10 about the axis
2,8,strain,3x16x32,43029,False,endo,circ,3,0.285,,,,70.60155767490647,percent,72,station paired with its image rotated by pi/10 about the axis
2,8,strain,3x16x32,43029,False,endo,circ,4,0.38,,,,74.16051262559309,percent,75,station paired with its image rotated by pi/10 about the axis
2,8,strain,3x16x32,43029,False,endo,circ,5,0.475,,,,76.47364894382926,percent,77,station paired with its image rotated by pi/10 about the axis
2,8,strain,3x16x32,43029,False,endo,circ,6,0.57,,,,77.71579462274735,percent,78,station paired with its image rotated by pi/10 about the axis
2,8,strain,3x16x32,43029,False,endo,circ,7,0.6649999999999999,,,,77.64594072672753,percent,78,station paired with its image rotated by pi/10 about the axis
2,8,strain,3x16x32,43029,False,endo,circ,8,0.76,,,,74.64189006188894,percent,75,station paired with its image rotated by pi/10 about the axis
2,8,strain,3x16x32,43029,False,endo,circ,9,0.8549999999999999,,,,62.47123307935334,percent,63,station paired with its image rotated by pi/10 about the axis
2,8,strain,3x16x32,43029,False,endo,circ,10,0.95,,,,27.379053200086002,percent,28,station paired with its image rotated by pi/10 about the axis
2,8,strain,3x16x32,43029,False,mid,long,1,0.095,,,,36.218485004342995,percent,36,"pair of neighbouring stations along the layer, labelled by the first (s=parameter)"
2,8,strain,3x16x32,43029,False,mid,long,2,0.19,,,,39.85185911588576,percent,40,"pair of neighbouring stations along the layer, labelled by the first (s=parameter)"
2,8,strain,3x16x32,43029,False,mid,long,3,0.285,,,,43.56243373603721,percent,44,"pair of neighbouring stations along the layer, labelled by the first (s=parameter)"
2,8,strain,3x16x32,43029,False,mid,long,4,0.38,,,,46.0441043422497,percent,47,"pair of neighbouring stations along the layer, labelled by the first (s=parameter)"
2,8,strain,3x16x32,43029,False,mid,long,5,0.475,,,,47.5295195152442,percent,48,"pair of neighbouring stations along the layer, labelled by the first (s=parameter)"
2,8,strain,3x16x32,43029,False,mid,long,6,0.57,,,,48.53398802093201,percent,49,"pair of neighbouring stations along the layer, labelled by the first (s=parameter)"
2,8,strain,3x16x32,43029,False,mid,long,7,0.6649999999999999,,,,49.6211811251468,percent,50,"pair of neighbouring stations along the layer, labelled by the first (s=parameter)"
2,8,strain,3x16x32,43029,False,mid,long,8,0.76,,,,51.53129549048503,percent,52,"pair of neighbouring stations along the layer, labelled by the first (s=parameter)"
2,8,strain,3x16x32,43029,False,mid,long,9,0.8549999999999999,,,,54.115677596552246,percent,53,"pair of neighbouring stations along the layer, labelled by the first (s=parameter)"
2,8,strain,3x16x32,43029,False,mid,circ,1,0.095,,,,35.439170086478676,percent,35,station paired with its image rotated by pi/10 about the axis
2,8,strain,3x16x32,43029,False,mid,circ,2,0.19,,,,39.79917176788279,percent,40,station paired with its image rotated by pi/10 about the axis
2,8,strain,3x16x32,43029,False,mid,circ,3,0.285,,,,45.458733647235604,percent,46,station paired with its image rotated by pi/10 about the axis
2,8,strain,3x16x32,43029,False,mid,circ,4,0.38,,,,50.637217766371975,percent,51,station paired with its image rotated by pi/10 about the axis
2,8,strain,3x16x32,43029,False,mid,circ,5,0.475,,,,54.45549073723728,percent,54,station paired with its image rotated by pi/10 about the axis
2,8,strain,3x16x32,43029,False,mid,circ,6,0.57,,,,56.87397026751162,percent,57,station paired with its image rotated by pi/10 about the axis
2,8,strain,3x16x32,43029,False,mid,circ,7,0.6649999999999999,,,,57.806729177431194,percent,58,station paired with its image rotated by pi/10 about the axis
2,8,strain,3x16x32,43029,False,mid,circ,8,0.76,,,,56.091230559269455,percent,57,station paired with its image rotated by pi/10 about the axis
2,8,strain,3x16x32,43029,False,mid,circ,9,0.8549999999999999,,,,46.77993398038445,percent,47,station paired with its image rotated by pi/10 about the axis
2,8,strain,3x16x32,43029,False,mid,circ,10,0.95,,,,19.67242490636898,percent,20,station paired with its image rotated by pi/10 about the axis
2,8,strain,3x16x32,43029,False,epi,long,1,0.095,,,,22.737653239863633,percent,22,"pair of neighbouring stations along the layer, labelled by the first (s=parameter)"
2,8,strain,3x16x32,43029,False,epi,long,2,0.19,,,,28.424131370422458,percent,28,"pair of neighbouring stations along the layer, labelled by the first (s=parameter)"
2,8,strain,3x16x32,43029,False,epi,long,3,0.285,,,,34.54770258323776,percent,34,"pair of neighbouring stations along the layer, labelled by the first (s=parameter)"
2,8,strain,3x16x32,43029,False,epi,long,4,0.38,,,,39.3749979550434,percent,40,"pair of neighbouring stations along the layer, labelled by the first (s=parameter)"
2,8,strain,3x16x32,43029,False,epi,long,5,0.475,,,,42.67217507134604,percent,43,"pair of neighbouring stations along the layer, labelled by the first (s=parameter)"
2,8,strain,3x16x32,43029,False,epi,long,6,0.57,,,,44.98390148229281,percent,46,"pair of neighbouring stations along the layer, labelled by the first (s=parameter)"
2,8,strain,3x16x32,43029,False,epi,long,7,0.6649999999999999,,,,47.22394938646233,percent,48,"pair of neighbouring stations along the layer, labelled by the first (s=parameter)"
2,8,strain,3x16x32,43029,False,epi,long,8,0.76,,,,49.60853958942195,percent,50,"pair of neighbouring stations along the layer, labelled by the first (s=parameter)"
2,8,strain,3x16x32,43029,False,epi,long,9,0.8549999999999999,,,,48.552636021086656,percent,47,"pair of neighbouring stations along the layer, labelled by the first (s=parameter)"
2,8,strain,3x16x32,43029,False,epi,circ,1,0.095,,,,19.9792466560897,percent,19,station paired with its image rotated by pi/10 about the axis
2,8,strain,3x16x32,43029,False,epi,circ,2,0.19,,,,23.85029098634639,percent,23,station paired with its image rotated by pi/10 about the axis
2,8,strain,3x16x32,43029,False,epi,circ,3,0.285,,,,29.217349342485832,percent,28,station paired with its image rotated by pi/10 about the axis
2,8,strain,3x16x32,43029,False,epi,circ,4,0.38,,,,34.62568836408026,percent,34,station paired with its image rotated by pi/10 about the axis
2,8,strain,3x16x32,43029,False,epi,circ,5,0.475,,,,38.98293583809722,percent,39,station paired with its image rotated by pi/10 about the axis
2,8,strain,3x16x32,43029,False,epi,circ,6,0.57,,,,41.97701446962352,percent,42,station paired with its image rotated by pi/10 about the axis
2,8,strain,3x16x32,43029,False,epi,circ,7,0.6649999999999999,,,,43.48717325986227,percent,43,station paired with its image rotated by pi/10 about the axis
2,8,strain,3x16x32,43029,False,epi,circ,8,0.76,,,,42.619266099788476,percent,43,station paired with its image rotated by pi/10 about the axis
2,8,strain,3x16x32,43029,False,epi,circ,9,0.8549999999999999,,,,35.390052303184774,percent,35,station paired with its image rotated by pi/10 about the axis
2,8,strain,3x16x32,43029,False,epi,circ,10,0.95,,,,14.445245063217182,percent,15,station paired with its image rotated by pi/10 about the axis
2,8,strain,3x16x32,43029,False,endo,trans,1,0.095,,,,-49.87000953197304,percent,-50,"across the wall: endo-mid at endo, mid-epi at epi, endo-epi at midwall"
2,8,strain,3x16x32,43029,False,endo,trans,2,0.19,,,,-43.4341854818207,percent,-43,"across the wall: endo-mid at endo, mid-epi at epi, endo-epi at midwall"
2,8,strain,3x16x32,43029,False,endo,trans,3,0.285,,,,-35.719192061876456,percent,-36,"across the wall: endo-mid at endo, mid-epi at epi, endo-epi at midwall"
2,8,strain,3x16x32,43029,False,endo,trans,4,0.38,,,,-31.302275034816052,percent,-31,"across the wall: endo-mid at endo, mid-epi at epi, endo-epi at midwall"
2,8,strain,3x16x32,43029,False,endo,trans,5,0.475,,,,-30.948793216555572,percent,-30,"across the wall: endo-mid at endo, mid-epi at epi, endo-epi at midwall"
2,8,strain,3x16x32,43029,False,endo,trans,6,0.57,,,,-33.69843568199812,percent,-34,"across the wall: endo-mid at endo, mid-epi at epi, endo-epi at midwall"
2,8,strain,3x16x32,43029,False,endo,trans,7,0.6649999999999999,,,,-38.446371249775446,percent,-39,"across the wall: endo-mid at endo, mid-epi at epi, endo-epi at midwall"
2,8,strain,3x16x32,43029,False,endo,trans,8,0.76,,,,-43.77745353722491,percent,-45,"across the wall: endo-mid at endo, mid-epi at epi, endo-epi at midwall"
2,8,strain,3x16x32,43029,False,endo,trans,9,0.8549999999999999,,,,-44.73657002268418,percent,-46,"across the wall: endo-mid at endo, mid-epi at epi, endo-epi at midwall"
2,8,strain,3x16x32,43029,False,endo,trans,10,0.95,,,,-26.2189879129325,percent,-26,"across the wall: endo-mid at endo, mid-epi at epi, endo-epi at midwall"
2,8,strain,3x16x32,43029,False,epi,trans,1,0.095,,,,-36.76976867744028,percent,-35,"across the wall: endo-mid at endo, mid-epi at epi, endo-epi at midwall"
2,8,strain,3x16x32,43029,False,epi,trans,2,0.19,,,,-36.372575005187635,percent,-35,"across the wall: endo-mid at endo, mid-epi at epi, endo-epi at midwall"
2,8,strain,3x16x32,43029,False,epi,trans,3,0.285,,,,-34.44701495605314,percent,-34,"across the wall: endo-mid at endo, mid-epi at epi, endo-epi at midwall"
2,8,strain,3x16x32,43029,False,epi,trans,4,0.38,,,,-32.216485266275065,percent,-32,"across the wall: endo-mid at endo, mid-epi at epi, endo-epi at midwall"
2,8,strain,3x16x32,43029,False,epi,trans,5,0.475,,,,-31.780885912684386,percent,-31,"across the wall: endo-mid at endo, mid-epi at epi, endo-epi at midwall"
2,8,strain,3x16x32,43029,False,epi,trans,6,0.57,,,,-33.73057688304759,percent,-33,"across the wall: endo-mid at endo, mid-epi at epi, endo-epi at midwall"
2,8,strain,3x16x32,43029,False,epi,trans,7,0.6649999999999999,,,,-37.49255814421089,percent,-36,"across the wall: endo-mid at endo, mid-epi at epi, endo-epi at midwall"
2,8,strain,3x16x32,43029,False,epi,trans,8,0.76,,,,-41.85250491365387,percent,-39,"across the wall: endo-mid at endo, mid-epi at epi, endo-epi at midwall"
2,8,strain,3x16x32,43029,False,epi,trans,9,0.8549999999999999,,,,-41.99800243987614,percent,-42,"across the wall: endo-mid at endo, mid-epi at epi, endo-epi at midwall"
2,8,strain,3x16x32,43029,False,epi,trans,10,0.95,,,,-21.96675635088996,percent,-23,"across the wall: endo-mid at endo, mid-epi at epi, endo-epi at midwall"
2,8,strain,3x16x32,43029,False,mid,trans,1,0.095,,,,-43.41604007543468,percent,-43,"across the wall: endo-mid at endo, mid-epi at epi, endo-epi at midwall"
2,8,strain,3x16x32,43029,False,mid,trans,2,0.19,,,,-40.16647081066215,percent,-40,"across the wall: endo-mid at endo, mid-epi at epi, endo-epi at midwall"
2,8,strain,3x16x32,43029,False,mid,trans,3,0.285,,,,-35.33015700486448,percent,-34,"across the wall: endo-mid at endo, mid-epi at epi, endo-epi at midwall"
2,8,strain,3x16x32,43029,False,mid,trans,4,0.38,,,,-31.913203782621636,percent,-31,"across the wall: endo-mid at endo, mid-epi at epi, endo-epi at midwall"
2,8,strain,3x16x32,43029,False,mid,trans,5,0.475,,,,-31.46227965904467,percent,-31,"across the wall: endo-mid at endo, mid-epi at epi, endo-epi at midwall"
2,8,strain,3x16x32,43029,False,mid,trans,6,0.57,,,,-33.7841265731333,percent,-33,"across the wall: endo-mid at endo, mid-epi at epi, endo-epi at midwall"
2,8,strain,3x16x32,43029,False,mid,trans,7,0.6649999999999999,,,,-38.01957151950651,percent,-38,"across the wall: endo-mid at endo, mid-epi at epi, endo-epi at midwall"
2,8,strain,3x16x32,43029,False,mid,trans,8,0.76,,,,-42.843518538309844,percent,-42,"across the wall: endo-mid at endo, mid-epi at epi, endo-epi at midwall"
2,8,strain,3x16x32,43029,False,mid,trans,9,0.8549999999999999,,,,-43.37390084963706,percent,-44,"across the wall: endo-mid at endo, mid-epi at epi, endo-epi at midwall"
2,8,strain,3x16x32,43029,False,mid,trans,10,0.95,,,,-24.093350275425674,percent,-24,"across the wall: endo-mid at endo, mid-epi at epi, endo-epi at midwall"
2,6,apex_z,4x20x40,86427,True,endo,,,,,,,-26.621956199658733,mm,-26.6,deformed z of the apex on this surface
2,6,apex_z,4x20x40,86427,True,epi,,,,,,,-28.289883893555636,mm,-28.3,deformed z of the apex on this surface
2,7,midline,4x20x40,86427,True,mid,,0,0.0,1.2359221339523244e-09,4.1325592464829037e-10,-27.30985173254467,,mm,,"deformed midwall line t=0.5, v=0, apex (s=0) to base (s=1)"
2,7,midline,4x20x40,86427,True,mid,,1,0.01,-0.2096117166855426,4.1360658622706523e-10,-27.306403554564348,,mm,,"deformed midwall line t=0.5, v=0, apex (s=0) to base (s=1)"
2,7,midline,4x20x40,86427,True,mid,,2,0.02,-0.419587224811375,4.1359412423626806e-10,-27.296685609714235,,mm,,"deformed midwall line t=0.5, v=0, apex (s=0) to base (s=1)"
2,7,midline,4x20x40,86427,True,mid,,3,0.03,-0.6298553945250631,4.132182719946221e-10,-27.28069838420685,,mm,,"deformed midwall line t=0.5, v=0, apex (s=0) to base (s=1)"
2,7,midline,4x20x40,86427,True,mid,,4,0.04,-0.8403445552770826,4.124791590460542e-10,-27.25844732810604,,mm,,"deformed midwall line t=0.5, v=0, apex (s=0) to base (s=1)"
2,7,midline,4x20x40,86427,True,mid,,5,0.05,-1.0509832543277773,4.113773021679205e-10,-27.229942793460747,,mm,,"deformed midwall line t=0.5, v=0, apex (s=0) to base (s=1)"
2,7,midline,4x20x40,86427,True,mid,,6,0.06,-1.262246145245836,4.0978485786248614e-10,-27.194562898218827,,mm,,"deformed midwall line t=0.5, v=0, apex (s=0) to base (s=1)"
2,7,midline,4x20x40,86427,True,mid,,7,0.07,-1.4742400286163042,4.0842109091359557e-10,-27.152559772063064,,mm,,"deformed midwall line t=0.5, v=0, apex (s=0) to base (s=1)"
2,7,midline,4x20x40,86427,True,mid,,8,0.08,-1.6868930918075633,4.072867773718734e-10,-27.103944560546378,,mm,,"deformed midwall line t=0.5, v=0, apex (s=0) to base (s=1)"
2,7,midline,4x20x40,86427,True,mid,,9,0.09,-1.9001328556010244,4.063822966427875e-10,-27.04873383227003,,mm,,"deformed midwall line t=0.5, v=0, apex (s=0) to base (s=1)"
2,7,midline,4x20x40,86427,True,mid,,10,0.1,-2.1138869199832375,4.0570766595597504e-10,-26.986949414119778,,mm,,"deformed midwall line t=0.5, v=0, apex (s=0) to base (s=1)"
2,7,midline,4x20x40,86427,True,mid,,11,0.11,-2.328912637277232,4.044773328140193e-10,-26.917936806220105,,mm,,"deformed midwall line t=0.5, v=0, apex (s=0) to base (s=1)"
2,7,midline,4x20x40,86427,True,mid,,12,0.12,-2.5448519512433685,4.0304022633593387e-10,-26.84172104209146,,mm,,"deformed midwall line t=0.5, v=0, apex (s=0) to base (s=1)"
2,7,midline,4x20x40,86427,True,mid,,13,0.13,-2.761631541960581,4.013966723389593e-10,-26.75832440067521,,mm,,"deformed midwall line t=0.5, v=0, apex (s=0) to base (s=1)"
2,7,midline,4x20x40,86427,True,mid,,14,0.14,-2.9791775324328618,3.9954723670974683e-10,-26.66777530641631,,mm,,"deformed midwall line t=0.5, v=0, apex (s=0) to base (s=1)"
2,7,midline,4x20x40,86427,True,mid,,15,0.15,-3.19741620253728,3.974926891905123e-10,-26.570108036229527,,mm,,"deformed midwall line t=0.5, v=0, apex (s=0) to base (s=1)"
2,7,midline,4x20x40,86427,True,mid,,16,0.16,-3.4171416217445607,3.958346234426977e-10,-26.464580597403604,,mm,,"deformed midwall line t=0.5, v=0, apex (s=0) to base (s=1)"
2,7,midline,4x20x40,86427,True,mid,,17,0.17,-3.637651687657381,3.942426666841075e-10,-26.35111364312585,,mm,,"deformed midwall line t=0.5, v=0, apex (s=0) to base (s=1)"
2,7,midline,4x20x40,86427,True,mid,,18,0.18,-3.8588710890063047,3.9271749255590667e-10,-26.22974152532568,,mm,,"deformed midwall line t=0.5, v=0, apex (s=0) to base (s=1)"
2,7,midline,4x20x40,86427,True,mid,,19,0.19,-4.080724451520236,3.912596149690386e-10,-26.100505612872492,,mm,,"deformed midwall line t=0.5, v=0, apex (s=0) to base (s=1)"
2,7,midline,4x20x40,86427,True,mid,,20,0.2,-4.303136982300963,3.8986941431985756e-10,-25.96345385937243,,mm,,"deformed midwall line t=0.5, v=0, apex (s=0) to base (s=1)"
2,7,midline,4x20x40,86427,True,mid,,21,0.21,-4.526674836234736,3.882192228857429e-10,-25.817889029918693,,mm,,"deformed midwall line t=0.5, v=0, apex (s=0) to base (s=1)"
2,7,midline,4x20x40,86427,True,mid,,22,0.22,-4.7504890458403555,3.863793900138332e-10,-25.663698522712583,,mm,,"deformed midwall line t=0.5, v=0, apex (s=0) to base (s=1)"
2,7,midline,4x20x40,86427,True,mid,,23,0.23,-4.974502440206752,3.843503856199917e-10,-25.50093006003039,,mm,,"deformed midwall line t=0.5, v=0, apex (s=0) to base (s=1)"
2,7,midline,4x20x40,86427,True,mid,,24,0.24,-5.198638716816064,3.8213290335699273e-10,-25.32963911522301,,mm,,"deformed midwall line t=0.5, v=0, apex (s=0) to base (s=1)"
2,7,midline,4x20x40,86427,True,mid,,25,0.25,-5.4228229674880595,3.7972784226843337e-10,-25.149888360757767,,mm,,"deformed midwall line t=0.5, v=0, apex (s=0) to base (s=1)"
2,7,midline,4x20x40,86427,True,mid,,26,0.26,-5.647264104950377,3.773517907255103e-10,-24.961182883062328,,mm,,"deformed midwall line t=0.5, v=0, apex (s=0) to base (s=1)"
2,7,midline,4x20x40,86427,True,mid,,27,0.27,-5.871159998170059,3.7488481561657034e-10,-24.763465293298765,,mm,,"deformed midwall line t=0.5, v=0, apex (s=0) to base (s=1)"
2,7,midline,4x20x40,86427,True,mid,,28,0.28,-6.094432524968095,3.723277249638025e-10,-24.556797976492597,,mm,,"deformed midwall line t=0.5, v=0, apex (s=0) to base (s=1)"
2,7,midline,4x20x40,86427,True,mid,,29,0.29,-6.317005663784861,3.696813901727595e-10,-24.341251351396913,,mm,,"deformed midwall line t=0.5, v=0, apex (s=0) to base (s=1)"
2,7,midline,4x20x40,86427,True,mid,,30,0.3,-6.538805865301313,3.669467377984191e-10,-24.116903254106063,,mm,,"deformed midwall line t=0.5, v=0, apex (s=0) to base (s=1)"
2,7,midline,4x20x40,86427,True,mid,,31,0.31,-6.759755716219781,3.643309437018321e-10,-23.883510034390657,,mm,,"deformed midwall line t=0.5, v=0, apex (s=0) to base (s=1)"
2,7,midline,4x20x40,86427,True,mid,,32,0.32,-6.979218679622074,3.6152031912793743e-10,-23.64113083418942,,mm,,"deformed midwall line t=0.5, v=0, apex (s=0) to base (s=1)"
2,7,midline,4x20x40,86427,True,mid,,33,0.33,-7.197117250036196,3.585156806821438e-10,-23.389843478514734,,mm,,"deformed midwall line t=0.5, v=0, apex (s=0) to base (s=1)"
2,7,midline,4x20x40,86427,True,mid,,34,0.34,-7.413377263182113,3.5531805168694213e-10,-23.129733564205377,,mm,,"deformed midwall line t=0.5, v=0, apex (s=0) to base (s=1)"
2,7,midline,4x20x40,86427,True,mid,,35,0.35,-7.627928111907851,3.519286556857857e-10,-22.860893846562707,,mm,,"deformed midwall line t=0.5, v=0, apex (s=0) to base (s=1)"
2,7,midline,4x20x40,86427,True,mid,,36,0.36,-7.840569910279959,3.4874904636848036e-10,-22.583285048437858,,mm,,"deformed midwall line t=0.5, v=0, apex (s=0) to base (s=1)"
2,7,midline,4x20x40,86427,True,mid,,37,0.37,-8.050845502645908,3.453776440886868e-10,-22.297069434269883,,mm,,"deformed midwall line t=0.5, v=0, apex (s=0) to base (s=1)"
2,7,midline,4x20x40,86427,True,mid,,38,0.38,-8.25867982138955,3.41815458345818e-10,-22.002340253067924,,mm,,"deformed midwall line t=0.5, v=0, apex (s=0) to base (s=1)"
2,7,midline,4x20x40,86427,True,mid,,39,0.39,-8.464002149351604,3.380637037511484e-10,-21.699197869736846,,mm,,"deformed midwall line t=0.5, v=0, apex (s=0) to base (s=1)"
2,7,midline,4x20x40,86427,True,mid,,40,0.4,-8.666746210397879,3.3412378486380584e-10,-21.387749203908577,,mm,,"deformed midwall line t=0.5, v=0, apex (s=0) to base (s=1)"
2,7,midline,4x20x40,86427,True,mid,,41,0.41,-8.866711512910376,3.306963739268407e-10,-21.068089619945212,,mm,,"deformed midwall line t=0.5, v=0, apex (s=0) to base (s=1)"
2,7,midline,4x20x40,86427,True,mid,,42,0.42,-9.063573852076269,3.271420858095858e-10,-20.740429924518835,,mm,,"deformed midwall line t=0.5, v=0, apex (s=0) to base (s=1)"
2,7,midline,4x20x40,86427,True,mid,,43,0.43,-9.257262278926175,3.23462060630797e-10,-20.404878071992,,mm,,"deformed midwall line t=0.5, v=0, apex (s=0) to base (s=1)"
2,7,midline,4x20x40,86427,True,mid,,44,0.44,-9.447710904170288,3.196575505857258e-10,-20.061548300410948,,mm,,"deformed midwall line t=0.5, v=0, apex (s=0) to base (s=1)"
2,7,midline,4x20x40,86427,True,mid,,45,0.45,-9.634858904605625,3.1572991812785335e-10,-19.71056064360625,,mm,,"deformed midwall line t=0.5, v=0, apex (s=0) to base (s=1)"
2,7,midline,4x20x40,86427,True,mid,,46,0.46,-9.818549105184943,3.114910246769003e-10,-19.352097629710666,,mm,,"deformed midwall line t=0.5, v=0, apex (s=0) to base (s=1)"
2,7,midline,4x20x40,86427,True,mid,,47,0.47,-9.99853144720569,3.0717243719958655e-10,-18.986361610280383,,mm,,"deformed midwall line t=0.5, v=0, apex (s=0) to base (s=1)"
2,7,midline,4x20x40,86427,True,mid,,48,0.48,-10.174740463799813,3.0277559951585936e-10,-18.61347407345654,,mm,,"deformed midwall line t=0.5, v=0, apex (s=0) to base (s=1)"
2,7,midline,4x20x40,86427,True,mid,,49,0.49,-10.347116220920727,2.9830200712792754e-10,-18.233561944118282,,mm,,"deformed midwall line t=0.5, v=0, apex (s=0) to base (s=1)"
2,7,midline,4x20x40,86427,True,mid,,50,0.5,-10.515604274831253,2.937532082574972e-10,-17.846757169891134,,mm,,"deformed midwall line t=0.5, v=0, apex (s=0) to base (s=1)"
2,7,midline,4x20x40,86427,True,mid,,51,0.51,-10.680087228826165,2.8937552852896204e-10,-17.453314704849216,,mm,,"deformed midwall line t=0.5, v=0, apex (s=0) to base (s=1)"
2,7,midline,4x20x40,86427,True,mid,,52,0.52,-10.84032780584762,2.8482865284815384e-10,-17.053377344133366,,mm,,"deformed midwall line t=0.5, v=0, apex (s=0) to base (s=1)"
2,7,midline,4x20x40,86427,True,mid,,53,0.53,-10.99626707687729,2.8011400482827077e-10,-16.64707870280133,,mm,,"deformed midwall line t=0.5, v=0, apex (s=0) to base (s=1)"
2,7,midline,4x20x40,86427,True,mid,,54,0.54,-11.147852007919811,2.7523318842578253e-10,-16.23455705916647,,mm,,"deformed midwall line t=0.5, v=0, apex (s=0) to base (s=1)"
2,7,midline,4x20x40,86427,True,mid,,55,0.55,-11.29503539201525,2.701879871570471e-10,-15.815955005923708,,mm,,"deformed midwall line t=0.5, v=0, apex (s=0) to base (s=1)"
2,7,midline,4x20x40,86427,True,mid,,56,0.56,-11.437718793508354,2.654007826584745e-10,-15.391611597335274,,mm,,"deformed midwall line t=0.5, v=0, apex (s=0) to base (s=1)"
2,7,midline,4x20x40,86427,True,mid,,57,0.57,-11.57559888810782,2.604451835979219e-10,-14.961560317275266,,mm,,"deformed midwall line t=0.5, v=0, apex (s=0) to base (s=1)"
2,7,midline,4x20x40,86427,True,mid,,58,0.58,-11.708624132507998,2.5532274102034523e-10,-14.525945402314482,,mm,,"deformed midwall line t=0.5, v=0, apex (s=0) to base (s=1)"
2,7,midline,4x20x40,86427,True,mid,,59,0.59,-11.836749289955197,2.5003519980208134e-10,-14.084915093233617,,mm,,"deformed midwall line t=0.5, v=0, apex (s=0) to base (s=1)"
2,7,midline,4x20x40,86427,True,mid,,60,0.6,-11.9599353492071,2.4458448613374597e-10,-13.63862134062676,,mm,,"deformed midwall line t=0.5, v=0, apex (s=0) to base (s=1)"
2,7,midline,4x20x40,86427,True,mid,,61,0.61,-12.078071698153467,2.392915000378499e-10,-13.187514566702905,,mm,,"deformed midwall line t=0.5, v=0, apex (s=0) to base (s=1)"
2,7,midline,4x20x40,86427,True,mid,,62,0.62,-12.190665894703622,2.339450607550044e-10,-12.731471739136289,,mm,,"deformed midwall line t=0.5, v=0, apex (s=0) to base (s=1)"
2,7,midline,4x20x40,86427,True,mid,,63,0.63,-12.297674562988087,2.2854697170699754e-10,-12.270646192176095,,mm,,"deformed midwall line t=0.5, v=0, apex (s=0) to base (s=1)"
2,7,midline,4x20x40,86427,True,mid,,64,0.64,-12.399061318121337,2.2309906977010498e-10,-11.805194734054743,,mm,,"deformed midwall line t=0.5, v=0, apex (s=0) to base (s=1)"
2,7,midline,4x20x40,86427,True,mid,,65,0.65,-12.49479667629467,2.1760322219261088e-10,-11.335277398409296,,mm,,"deformed midwall line t=0.5, v=0, apex (s=0) to base (s=1)"
2,7,midline,4x20x40,86427,True,mid,,66,0.66,-12.584697179471625,2.12097479072877e-10,-10.861487481683481,,mm,,"deformed midwall line t=0.5, v=0, apex (s=0) to base (s=1)"
2,7,midline,4x20x40,86427,True,mid,,67,0.67,-12.667878637105439,2.0645852777086348e-10,-10.383521040407304,,mm,,"deformed midwall line t=0.5, v=0, apex (s=0) to base (s=1)"
2,7,midline,4x20x40,86427,True,mid,,68,0.68,-12.744306756376918,2.0068818039108147e-10,-9.901539020238735,,mm,,"deformed midwall line t=0.5, v=0, apex (s=0) to base (s=1)"
2,7,midline,4x20x40,86427,True,mid,,69,0.69,-12.813955556960334,1.9478839968704825e-10,-9.41570541878154,,mm,,"deformed midwall line t=0.5, v=0, apex (s=0) to base (s=1)"
2,7,midline,4x20x40,86427,True,mid,,70,0.7,-12.876807271506248,1.8876130000879076e-10,-8.926187077248128,,mm,,"deformed midwall line t=0.5, v=0, apex (s=0) to base (s=1)"
2,7,midline,4x20x40,86427,True,mid,,71,0.71,-12.932471608729232,1.8295074992707553e-10,-8.433748703192068,,mm,,"deformed midwall line t=0.5, v=0, apex (s=0) to base (s=1)"
2,7,midline,4x20x40,86427,True,mid,,72,0.72,-12.979347553636517,1.7702609958049518e-10,-7.937971947030834,,mm,,"deformed midwall line t=0.5, v=0, apex (s=0) to base (s=1)"
2,7,midline,4x20x40,86427,True,mid,,73,0.73,-13.01741128108277,1.7098927028757774e-10,-7.43902397025905,,mm,,"deformed midwall line t=0.5, v=0, apex (s=0) to base (s=1)"
2,7,midline,4x20x40,86427,True,mid,,74,0.74,-13.046649863375853,1.648423179333926e-10,-6.937074535201733,,mm,,"deformed midwall line t=0.5, v=0, apex (s=0) to base (s=1)"
2,7,midline,4x20x40,86427,True,mid,,75,0.75,-13.06706116008237,1.585874206882914e-10,-6.432295832324251,,mm,,"deformed midwall line t=0.5, v=0, apex (s=0) to base (s=1)"
2,7,midline,4x20x40,86427,True,mid,,76,0.76,-13.077817779435685,1.522525650031809e-10,-5.925625099871914,,mm,,"deformed midwall line t=0.5, v=0, apex (s=0) to base (s=1)"
2,7,midline,4x20x40,86427,True,mid,,77,0.77,-13.076118438382828,1.460430411327419e-10,-5.416933889986118,,mm,,"deformed midwall line t=0.5, v=0, apex (s=0) to base (s=1)"
2,7,midline,4x20x40,86427,True,mid,,78,0.78,-13.061952257432774,1.3996110615468387e-10,-4.906394340976409,,mm,,"deformed midwall line t=0.5, v=0, apex (s=0) to base (s=1)"
2,7,midline,4x20x40,86427,True,mid,,79,0.79,-13.035324077357988,1.3400882710255355e-10,-4.394180153992612,,mm,,"deformed midwall line t=0.5, v=0, apex (s=0) to base (s=1)"
2,7,midline,4x20x40,86427,True,mid,,80,0.8,-12.996254343016655,1.2818809105829422e-10,-3.8804664435115175,,mm,,"deformed midwall line t=0.5, v=0, apex (s=0) to base (s=1)"
2,7,midline,4x20x40,86427,True,mid,,81,0.81,-12.943305757309709,1.2190023224654733e-10,-3.3661632210665138,,mm,,"deformed midwall line t=0.5, v=0, apex (s=0) to base (s=1)"
2,7,midline,4x20x40,86427,True,mid,,82,0.82,-12.87206570705369,1.1560938106660948e-10,-2.852937796774326,,mm,,"deformed midwall line t=0.5, v=0, apex (s=0) to base (s=1)"
2,7,midline,4x20x40,86427,True,mid,,83,0.83,-12.78254107805389,1.0931767538039464e-10,-2.3409662131819,,mm,,"deformed midwall line t=0.5, v=0, apex (s=0) to base (s=1)"
2,7,midline,4x20x40,86427,True,mid,,84,0.84,-12.674762345947656,1.0302725559276648e-10,-1.8304226620420025,,mm,,"deformed midwall line t=0.5, v=0, apex (s=0) to base (s=1)"
2,7,midline,4x20x40,86427,True,mid,,85,0.85,-12.54878346132777,9.674026401262198e-11,-1.3214793163480953,,mm,,"deformed midwall line t=0.5, v=0, apex (s=0) to base (s=1)"
2,7,midline,4x20x40,86427,True,mid,,86,0.86,-12.402696384387188,9.066691162761653e-11,-0.8142834278817932,,mm,,"deformed midwall line t=0.5, v=0, apex (s=0) to base (s=1)"
2,7,midline,4x20x40,86427,True,mid,,87,0.87,-12.232359458311132,8.45276850234401e-11,-0.3155862663446531,,mm,,"deformed midwall line t=0.5, v=0, apex (s=0) to base (s=1)"
2,7,midline,4x20x40,86427,True,mid,,88,0.88,-12.037807111050304,7.832459523008532e-11,0.17443426967625258,,mm,,"deformed midwall line t=0.5, v=0, apex (s=0) to base (s=1)"
2,7,midline,4x20x40,86427,True,mid,,89,0.89,-11.819105555055295,7.205975234956122e-11,0.655611435404678,,mm,,"deformed midwall line t=0.5, v=0, apex (s=0) to base (s=1)"
2,7,midline,4x20x40,86427,True,mid,,90,0.9,-11.576352624719604,6.573536575835548e-11,1.1277899157578637,,mm,,"deformed midwall line t=0.5, v=0, apex (s=0) to base (s=1)"
2,7,midline,4x20x40,86427,True,mid,,91,0.91,-11.307438197335966,5.935007416487209e-11,1.5923631127285058,,mm,,"deformed midwall line t=0.5, v=0, apex (s=0) to base (s=1)"
2,7,midline,4x20x40,86427,True,mid,,92,0.92,-11.017707413740176,5.2897288177571875e-11,2.0374088506374024,,mm,,"deformed midwall line t=0.5, v=0, apex (s=0) to base (s=1)"
2,7,midline,4x20x40,86427,True,mid,,93,0.93,-10.707238598144967,4.637911253293007e-11,2.4627568422774897,,mm,,"deformed midwall line t=0.5, v=0, apex (s=0) to base (s=1)"
2,7,midline,4x20x40,86427,True,mid,,94,0.94,-10.376137452487606,3.9797764979172526e-11,2.8682623170119013,,mm,,"deformed midwall line t=0.5, v=0, apex (s=0) to base (s=1)"
2,7,midline,4x20x40,86427,True,mid,,95,0.95,-10.024536587085205,3.315557401582193e-11,3.253806434704569,,mm,,"deformed midwall line t=0.5, v=0, apex (s=0) to base (s=1)"
2,7,midline,4x20x40,86427,True,mid,,96,0.96,-9.652926304153459,2.6230082605756342e-11,3.620600003432344,,mm,,"deformed midwall line t=0.5, v=0, apex (s=0) to base (s=1)"
2,7,midline,4x20x40,86427,True,mid,,97,0.97,-9.282907468692146,1.9449442022210157e-11,3.9787402000541636,,mm,,"deformed midwall line t=0.5, v=0, apex (s=0) to base (s=1)"
2,7,midline,4x20x40,86427,True,mid,,98,0.98,-8.91460851527785,1.2816070853325535e-11,4.328097753524797,,mm,,"deformed midwall line t=0.5, v=0, apex (s=0) to base (s=1)"
2,7,midline,4x20x40,86427,True,mid,,99,0.99,-8.548154899954334,6.332227801891951e-12,4.668553783128578,,mm,,"deformed midwall line t=0.5, v=0, apex (s=0) to base (s=1)"
2,7,midline,4x20x40,86427,True,mid,,100,1.0,-8.183668195120728,0.0,5.0,,mm,,"deformed midwall line t=0.5, v=0, apex (s=0) to base (s=1)"
2,8,strain,4x20x40,86427,True,endo,long,1,0.095,,,,58.35890321783492,percent,58,"pair of neighbouring stations along the layer, labelled by the first (s=parameter)"
2,8,strain,4x20x40,86427,True,endo,long,2,0.19,,,,56.46784607920825,percent,57,"pair of neighbouring stations along the layer, labelled by the first (s=parameter)"
2,8,strain,4x20x40,86427,True,endo,long,3,0.285,,,,54.65894547816998,percent,55,"pair of neighbouring stations along the layer, labelled by the first (s=parameter)"
2,8,strain,4x20x40,86427,True,endo,long,4,0.38,,,,53.40572145699767,percent,54,"pair of neighbouring stations along the layer, labelled by the first (s=parameter)"
2,8,strain,4x20x40,86427,True,endo,long,5,0.475,,,,52.64408317460501,percent,53,"pair of neighbouring stations along the layer, labelled by the first (s=parameter)"
2,8,strain,4x20x40,86427,True,endo,long,6,0.57,,,,52.15285538568484,percent,52,"pair of neighbouring stations along the layer, labelled by the first (s=parameter)"
2,8,strain,4x20x40,86427,True,endo,long,7,0.6649999999999999,,,,52.00263179285722,percent,52,"pair of neighbouring stations along the layer, labelled by the first (s=parameter)"
2,8,strain,4x20x40,86427,True,endo,long,8,0.76,,,,53.57680748083729,percent,53,"pair of neighbouring stations along the layer, labelled by the first (s=parameter)"
2,8,strain,4x20x40,86427,True,endo,long,9,0.8549999999999999,,,,61.22616634879292,percent,61,"pair of neighbouring stations along the layer, labelled by the first (s=parameter)"
2,8,strain,4x20x40,86427,True,endo,circ,1,0.095,,,,61.19355861612124,percent,62,station paired with its image rotated by pi/10 about the axis
2,8,strain,4x20x40,86427,True,endo,circ,2,0.19,,,,65.87461276049511,percent,67,station paired with its image rotated by pi/10 about the axis
2,8,strain,4x20x40,86427,True,endo,circ,3,0.285,,,,70.61992556596206,percent,72,station paired with its image rotated by pi/10 about the axis
2,8,strain,4x20x40,86427,True,endo,circ,4,0.38,,,,74.17739038885576,percent,75,station paired with its image rotated by pi/10 about the axis
2,8,strain,4x20x40,86427,True,endo,circ,5,0.475,,,,76.48141125026314,percent,77,station paired with its image rotated by pi/10 about the axis
2,8,strain,4x20x40,86427,True,endo,circ,6,0.57,,,,77.71500757982241,percent,78,station paired with its image rotated by pi/10 about the axis
2,8,strain,4x20x40,86427,True,endo,circ,7,0.6649999999999999,,,,77.65077732999632,percent,78,station paired with its image rotated by pi/10 about the axis
2,8,strain,4x20x40,86427,True,endo,circ,8,0.76,,,,74.62805358937305,percent,75,station paired with its image rotated by pi/10 about the axis
2,8,strain,4x20x40,86427,True,endo,circ,9,0.8549999999999999,,,,62.56264997586125,percent,63,station paired with its image rotated by pi/10 about the axis
2,8,strain,4x20x40,86427,True,endo,circ,10,0.95,,,,27.408731643526284,percent,28,station paired with its image rotated by pi/10 about the axis
2,8,strain,4x20x40,86427,True,mid,long,1,0.095,,,,36.24582181913907,percent,36,"pair of neighbouring stations along the layer, labelled by the first (s=parameter)"
2,8,strain,4x20x40,86427,True,mid,long,2,0.19,,,,39.87209225960411,percent,40,"pair of neighbouring stations along the layer, labelled by the first (s=parameter)"
2,8,strain,4x20x40,86427,True,mid,long,3,0.285,,,,43.56306906854381,percent,44,"pair of neighbouring stations along the layer, labelled by the first (s=parameter)"
2,8,strain,4x20x40,86427,True,mid,long,4,0.38,,,,46.0468065103548,percent,47,"pair of neighbouring stations along the layer, labelled by the first (s=parameter)"
2,8,strain,4x20x40,86427,True,mid,long,5,0.475,,,,47.525542862598094,percent,48,"pair of neighbouring stations along the layer, labelled by the first (s=parameter)"
2,8,strain,4x20x40,86427,True,mid,long,6,0.57,,,,48.53321127965384,percent,49,"pair of neighbouring stations along the layer, labelled by the first (s=parameter)"
2,8,strain,4x20x40,86427,True,mid,long,7,0.6649999999999999,,,,49.6099825966293,percent,50,"pair of neighbouring stations along the layer, labelled by the first (s=parameter)"
2,8,strain,4x20x40,86427,True,mid,long,8,0.76,,,,51.610207522364895,percent,52,"pair of neighbouring stations along the layer, labelled by the first (s=parameter)"
2,8,strain,4x20x40,86427,True,mid,long,9,0.8549999999999999,,,,54.017102300456955,percent,53,"pair of neighbouring stations along the layer, labelled by the first (s=parameter)"
2,8,strain,4x20x40,86427,True,mid,circ,1,0.095,,,,35.440054171934655,percent,35,station paired with its image rotated by pi/10 about the axis
2,8,strain,4x20x40,86427,True,mid,circ,2,0.19,,,,39.83614329745566,percent,40,station paired with its image rotated by pi/10 about the axis
2,8,strain,4x20x40,86427,True,mid,circ,3,0.285,,,,45.496436614809376,percent,46,station paired with its image rotated by pi/10 about the axis
2,8,strain,4x20x40,86427,True,mid,circ,4,0.38,,,,50.65936737537204,percent,51,station paired with its image rotated by pi/10 about the axis
2,8,strain,4x20x40,86427,True,mid,circ,5,0.475,,,,54.46779842314597,percent,54,station paired with its image rotated by pi/10 about the axis
2,8,strain,4x20x40,86427,True,mid,circ,6,0.57,,,,56.876619996456434,percent,57,station paired with its image rotated by pi/10 about the axis
2,8,strain,4x20x40,86427,True,mid,circ,7,0.6649999999999999,,,,57.81209246737793,percent,58,station paired with its image rotated by pi/10 about the axis
2,8,strain,4x20x40,86427,True,mid,circ,8,0.76,,,,56.08025977280873,percent,57,station paired with its image rotated by pi/10 about the axis
2,8,strain,4x20x40,86427,True,mid,circ,9,0.8549999999999999,,,,46.81192817109934,percent,47,station paired with its image rotated by pi/10 about the axis
2,8,strain,4x20x40,86427,True,mid,circ,10,0.95,,,,19.904188815169267,percent,20,station paired with its image rotated by pi/10 about the axis
2,8,strain,4x20x40,86427,True,epi,long,1,0.095,,,,22.739582350864552,percent,22,"pair of neighbouring stations along the layer, labelled by the first (s=parameter)"
2,8,strain,4x20x40,86427,True,epi,long,2,0.19,,,,28.4508200042062,percent,28,"pair of neighbouring stations along the layer, labelled by the first (s=parameter)"
2,8,strain,4x20x40,86427,True,epi,long,3,0.285,,,,34.54986446322381,percent,34,"pair of neighbouring stations along the layer, labelled by the first (s=parameter)"
2,8,strain,4x20x40,86427,True,epi,long,4,0.38,,,,39.385101874925546,percent,40,"pair of neighbouring stations along the layer, labelled by the first (s=parameter)"
2,8,strain,4x20x40,86427,True,epi,long,5,0.475,,,,42.66184792994843,percent,43,"pair of neighbouring stations along the layer, labelled by the first (s=parameter)"
2,8,strain,4x20x40,86427,True,epi,long,6,0.57,,,,44.98519986634264,percent,46,"pair of neighbouring stations along the layer, labelled by the first (s=parameter)"
2,8,strain,4x20x40,86427,True,epi,long,7,0.6649999999999999,,,,47.20323341678569,percent,48,"pair of neighbouring stations along the layer, labelled by the first (s=parameter)"
2,8,strain,4x20x40,86427,True,epi,long,8,0.76,,,,49.705846986674814,percent,50,"pair of neighbouring stations along the layer, labelled by the first (s=parameter)"
2,8,strain,4x20x40,86427,True,epi,long,9,0.8549999999999999,,,,48.936651971916234,percent,47,"pair of neighbouring stations along the layer, labelled by the first (s=parameter)"
2,8,strain,4x20x40,86427,True,epi,circ,1,0.095,,,,19.994363587503372,percent,19,station paired with its image rotated by pi/10 about the axis
2,8,strain,4x20x40,86427,True,epi,circ,2,0.19,,,,23.87257114752195,percent,23,station paired with its image rotated by pi/10 about the axis
2,8,strain,4x20x40,86427,True,epi,circ,3,0.285,,,,29.25033113995541,percent,28,station paired with its image rotated by pi/10 about the axis
2,8,strain,4x20x40,86427,True,epi,circ,4,0.38,,,,34.64842339491481,percent,34,station paired with its image rotated by pi/10 about the axis
2,8,strain,4x20x40,86427,True,epi,circ,5,0.475,,,,38.997711755002705,percent,39,station paired with its image rotated by pi/10 about the axis
2,8,strain,4x20x40,86427,True,epi,circ,6,0.57,,,,41.9815809072555,percent,42,station paired with its image rotated by pi/10 about the axis
2,8,strain,4x20x40,86427,True,epi,circ,7,0.6649999999999999,,,,43.492665645524276,percent,43,station paired with its image rotated by pi/10 about the axis
2,8,strain,4x20x40,86427,True,epi,circ,8,0.76,,,,42.61132041560718,percent,43,station paired with its image rotated by pi/10 about the axis
2,8,strain,4x20x40,86427,True,epi,circ,9,0.8549999999999999,,,,35.40669544039255,percent,35,station paired with its image rotated by pi/10 about the axis
2,8,strain,4x20x40,86427,True,epi,circ,10,0.95,,,,14.482085316459802,percent,15,station paired with its image rotated by pi/10 about the axis
2,8,strain,4x20x40,86427,True,endo,trans,1,0.095,,,,-49.948660081751385,percent,-50,"across the wall: endo-mid at endo, mid-epi at epi, endo-epi at midwall"
2,8,strain,4x20x40,86427,True,endo,trans,2,0.19,,,,-43.558225675966064,percent,-43,"across the wall: endo-mid at endo, mid-epi at epi, endo-epi at midwall"
2,8,strain,4x20x40,86427,True,endo,trans,3,0.285,,,,-35.84325442317273,percent,-36,"across the wall: endo-mid at endo, mid-epi at epi, endo-epi at midwall"
2,8,strain,4x20x40,86427,True,endo,trans,4,0.38,,,,-31.37166309117224,percent,-31,"across the wall: endo-mid at endo, mid-epi at epi, endo-epi at midwall"
2,8,strain,4x20x40,86427,True,endo,trans,5,0.475,,,,-31.001823550429553,percent,-30,"across the wall: endo-mid at endo, mid-epi at epi, endo-epi at midwall"
2,8,strain,4x20x40,86427,True,endo,trans,6,0.57,,,,-33.72201609583553,percent,-34,"across the wall: endo-mid at endo, mid-epi at epi, endo-epi at midwall"
2,8,strain,4x20x40,86427,True,endo,trans,7,0.6649999999999999,,,,-38.466406954200686,percent,-39,"across the wall: endo-mid at endo, mid-epi at epi, endo-epi at midwall"
2,8,strain,4x20x40,86427,True,endo,trans,8,0.76,,,,-43.75149983530957,percent,-45,"across the wall: endo-mid at endo, mid-epi at epi, endo-epi at midwall"
2,8,strain,4x20x40,86427,True,endo,trans,9,0.8549999999999999,,,,-45.00615881085469,percent,-46,"across the wall: endo-mid at endo, mid-epi at epi, endo-epi at midwall"
2,8,strain,4x20x40,86427,True,endo,trans,10,0.95,,,,-24.819025811578243,percent,-26,"across the wall: endo-mid at endo, mid-epi at epi, endo-epi at midwall"
2,8,strain,4x20x40,86427,True,epi,trans,1,0.095,,,,-36.79185539593327,percent,-35,"across the wall: endo-mid at endo, mid-epi at epi, endo-epi at midwall"
2,8,strain,4x20x40,86427,True,epi,trans,2,0.19,,,,-36.41712019096125,percent,-35,"across the wall: endo-mid at endo, mid-epi at epi, endo-epi at midwall"
2,8,strain,4x20x40,86427,True,epi,trans,3,0.285,,,,-34.47778101550729,percent,-34,"across the wall: endo-mid at endo, mid-epi at epi, endo-epi at midwall"
2,8,strain,4x20x40,86427,True,epi,trans,4,0.38,,,,-32.2350144191722,percent,-32,"across the wall: endo-mid at endo, mid-epi at epi, endo-epi at midwall"
2,8,strain,4x20x40,86427,True,epi,trans,5,0.475,,,,-31.810392388531948,percent,-31,"across the wall: endo-mid at endo, mid-epi at epi, endo-epi at midwall"
2,8,strain,4x20x40,86427,True,epi,trans,6,0.57,,,,-33.74674036527323,percent,-33,"across the wall: endo-mid at endo, mid-epi at epi, endo-epi at midwall"
2,8,strain,4x20x40,86427,True,epi,trans,7,0.6649999999999999,,,,-37.515598693107385,percent,-36,"across the wall: endo-mid at endo, mid-epi at epi, endo-epi at midwall"
2,8,strain,4x20x40,86427,True,epi,trans,8,0.76,,,,-41.84660781223863,percent,-39,"across the wall: endo-mid at endo, mid-epi at epi, endo-epi at midwall"
2,8,strain,4x20x40,86427,True,epi,trans,9,0.8549999999999999,,,,-42.09942650260914,percent,-42,"across the wall: endo-mid at endo, mid-epi at epi, endo-epi at midwall"
2,8,strain,4x20x40,86427,True,epi,trans,10,0.95,,,,-23.296810514528243,percent,-23,"across the wall: endo-mid at endo, mid-epi at epi, endo-epi at midwall"
2,8,strain,4x20x40,86427,True,mid,trans,1,0.095,,,,-43.462669688464,percent,-43,"across the wall: endo-mid at endo, mid-epi at epi, endo-epi at midwall"
2,8,strain,4x20x40,86427,True,mid,trans,2,0.19,,,,-40.244236474249895,percent,-40,"across the wall: endo-mid at endo, mid-epi at epi, endo-epi at midwall"
2,8,strain,4x20x40,86427,True,mid,trans,3,0.285,,,,-35.40471246686746,percent,-34,"across the wall: endo-mid at endo, mid-epi at epi, endo-epi at midwall"
2,8,strain,4x20x40,86427,True,mid,trans,4,0.38,,,,-31.95665897055181,percent,-31,"across the wall: endo-mid at endo, mid-epi at epi, endo-epi at midwall"
2,8,strain,4x20x40,86427,True,mid,trans,5,0.475,,,,-31.503388685233137,percent,-31,"across the wall: endo-mid at endo, mid-epi at epi, endo-epi at midwall"
2,8,strain,4x20x40,86427,True,mid,trans,6,0.57,,,,-33.80387707263497,percent,-33,"across the wall: endo-mid at endo, mid-epi at epi, endo-epi at midwall"
2,8,strain,4x20x40,86427,True,mid,trans,7,0.6649999999999999,,,,-38.04112549169779,percent,-38,"across the wall: endo-mid at endo, mid-epi at epi, endo-epi at midwall"
2,8,strain,4x20x40,86427,True,mid,trans,8,0.76,,,,-42.828015548587885,percent,-42,"across the wall: endo-mid at endo, mid-epi at epi, endo-epi at midwall"
2,8,strain,4x20x40,86427,True,mid,trans,9,0.8549999999999999,,,,-43.56087389674197,percent,-44,"across the wall: endo-mid at endo, mid-epi at epi, endo-epi at midwall"
2,8,strain,4x20x40,86427,True,mid,trans,10,0.95,,,,-24.059552460196176,percent,-24,"across the wall: endo-mid at endo, mid-epi at epi, endo-epi at midwall"
3,9,apex_z,1x6x12,2601,False,endo,,,,,,,-11.628273110493286,mm,-12.347,deformed z of the apex on this surface
3,9,apex_z,1x6x12,2601,False,epi,,,,,,,-15.504305720367338,mm,-15.452,deformed z of the apex on this surface
3,10-11,midline,1x6x12,2601,False,mid,,0,0.0,-1.623024840229935e-09,1.2354270133510975e-09,-13.973002605628986,,mm,,"deformed midwall line t=0.5, v=0, apex (s=0) to base (s=1)"
3,10-11,midline,1x6x12,2601,False,mid,,1,0.01,-0.08197684905382026,0.066374714513512,-13.977391294022125,,mm,,"deformed midwall line t=0.5, v=0, apex (s=0) to base (s=1)"
3,10-11,midline,1x6x12,2601,False,mid,,2,0.02,-0.16913946546459524,0.131852750953035,-13.976469683406043,,mm,,"deformed midwall line t=0.5, v=0, apex (s=0) to base (s=1)"
3,10-11,midline,1x6x12,2601,False,mid,,3,0.03,-0.26149927866863776,0.19638292202667648,-13.970260206173304,,mm,,"deformed midwall line t=0.5, v=0, apex (s=0) to base (s=1)"
3,10-11,midline,1x6x12,2601,False,mid,,4,0.04,-0.35905789886140066,0.25992962567711836,-13.958783170085418,,mm,,"deformed midwall line t=0.5, v=0, apex (s=0) to base (s=1)"
3,10-11,midline,1x6x12,2601,False,mid,,5,0.05,-0.46180789616919893,0.32246841077769745,-13.942056818204414,,mm,,"deformed midwall line t=0.5, v=0, apex (s=0) to base (s=1)"
3,10-11,midline,1x6x12,2601,False,mid,,6,0.06,-0.5697335265362147,0.3839819355263283,-13.920097457314002,,mm,,"deformed midwall line t=0.5, v=0, apex (s=0) to base (s=1)"
3,10-11,midline,1x6x12,2601,False,mid,,7,0.07,-0.6828113866487298,0.4444564443134291,-13.892919653697618,,mm,,"deformed midwall line t=0.5, v=0, apex (s=0) to base (s=1)"
3,10-11,midline,1x6x12,2601,False,mid,,8,0.08,-0.8010109789214848,0.5038788644512604,-13.860536492187082,,mm,,"deformed midwall line t=0.5, v=0, apex (s=0) to base (s=1)"
3,10-11,midline,1x6x12,2601,False,mid,,9,0.09,-0.9242951702686552,0.5622345969602193,-13.822959891514692,,mm,,"deformed midwall line t=0.5, v=0, apex (s=0) to base (s=1)"
3,10-11,midline,1x6x12,2601,False,mid,,10,0.1,-1.0526205329540297,0.6195060459902131,-13.7802009664532,,mm,,"deformed midwall line t=0.5, v=0, apex (s=0) to base (s=1)"
3,10-11,midline,1x6x12,2601,False,mid,,11,0.11,-1.1859375615681134,0.6756719011466215,-13.732270425237235,,mm,,"deformed midwall line t=0.5, v=0, apex (s=0) to base (s=1)"
3,10-11,midline,1x6x12,2601,False,mid,,12,0.12,-1.3241907663235915,0.7307071576924835,-13.679178989500812,,mm,,"deformed midwall line t=0.5, v=0, apex (s=0) to base (s=1)"
3,10-11,midline,1x6x12,2601,False,mid,,13,0.13,-1.4673186486188432,0.7845838328358593,-13.620937823532058,,mm,,"deformed midwall line t=0.5, v=0, apex (s=0) to base (s=1)"
3,10-11,midline,1x6x12,2601,False,mid,,14,0.14,-1.6152535695254304,0.8372723133154418,-13.557558960053942,,mm,,"deformed midwall line t=0.5, v=0, apex (s=0) to base (s=1)"
3,10-11,midline,1x6x12,2601,False,mid,,15,0.15,-1.7679215250291556,0.888743251134131,-13.489055710924237,,mm,,"deformed midwall line t=0.5, v=0, apex (s=0) to base (s=1)"
3,10-11,midline,1x6x12,2601,False,mid,,16,0.16,-1.925241843237659,0.9389699110250589,-13.415443052978794,,mm,,"deformed midwall line t=0.5, v=0, apex (s=0) to base (s=1)"
3,10-11,midline,1x6x12,2601,False,mid,,17,0.17,-2.0817742709519504,0.9878409063734042,-13.338306040412805,,mm,,"deformed midwall line t=0.5, v=0, apex (s=0) to base (s=1)"
3,10-11,midline,1x6x12,2601,False,mid,,18,0.18,-2.22879698306803,1.03468078913885,-13.259400790826014,,mm,,"deformed midwall line t=0.5, v=0, apex (s=0) to base (s=1)"
3,10-11,midline,1x6x12,2601,False,mid,,19,0.19,-2.3753113477028562,1.0793771884338466,-13.175713785700939,,mm,,"deformed midwall line t=0.5, v=0, apex (s=0) to base (s=1)"
3,10-11,midline,1x6x12,2601,False,mid,,20,0.2,-2.5212621959885753,1.1219237666933557,-13.087287385948102,,mm,,"deformed midwall line t=0.5, v=0, apex (s=0) to base (s=1)"
3,10-11,midline,1x6x12,2601,False,mid,,21,0.21,-2.6665967920639355,1.1623129605592948,-12.99416287474548,,mm,,"deformed midwall line t=0.5, v=0, apex (s=0) to base (s=1)"
3,10-11,midline,1x6x12,2601,False,mid,,22,0.22,-2.8112642963212267,1.2005360660923088,-12.896380587786933,,mm,,"deformed midwall line t=0.5, v=0, apex (s=0) to base (s=1)"
3,10-11,midline,1x6x12,2601,False,mid,,23,0.23,-2.955215277082383,1.236583383175965,-12.793980061509512,,mm,,"deformed midwall line t=0.5, v=0, apex (s=0) to base (s=1)"
3,10-11,midline,1x6x12,2601,False,mid,,24,0.24,-3.0984012772623375,1.2704444112684126,-12.687000195709249,,mm,,"deformed midwall line t=0.5, v=0, apex (s=0) to base (s=1)"
3,10-11,midline,1x6x12,2601,False,mid,,25,0.25,-3.2407744410735826,1.3021080882639975,-12.575479426544335,,mm,,"deformed midwall line t=0.5, v=0, apex (s=0) to base (s=1)"
3,10-11,midline,1x6x12,2601,False,mid,,26,0.26,-3.38228720401435,1.331563064046661,-12.45945590570584,,mm,,"deformed midwall line t=0.5, v=0, apex (s=0) to base (s=1)"
3,10-11,midline,1x6x12,2601,False,mid,,27,0.27,-3.5228920474364176,1.3587980003528888,-12.338967681518252,,mm,,"deformed midwall line t=0.5, v=0, apex (s=0) to base (s=1)"
3,10-11,midline,1x6x12,2601,False,mid,,28,0.28,-3.6625413170676255,1.383801888805221,-12.214052877903526,,mm,,"deformed midwall line t=0.5, v=0, apex (s=0) to base (s=1)"
3,10-11,midline,1x6x12,2601,False,mid,,29,0.29,-3.801187103105117,1.4065643794102876,-12.08474986748169,,mm,,"deformed midwall line t=0.5, v=0, apex (s=0) to base (s=1)"
3,10-11,midline,1x6x12,2601,False,mid,,30,0.3,-3.938781178003234,1.4270761124120397,-11.951097435556818,,mm,,"deformed midwall line t=0.5, v=0, apex (s=0) to base (s=1)"
3,10-11,midline,1x6x12,2601,False,mid,,31,0.31,-4.075274986921859,1.4453290471180384,-11.813134932311726,,mm,,"deformed midwall line t=0.5, v=0, apex (s=0) to base (s=1)"
3,10-11,midline,1x6x12,2601,False,mid,,32,0.32,-4.21061968501055,1.4613167821389799,-11.670902411169028,,mm,,"deformed midwall line t=0.5, v=0, apex (s=0) to base (s=1)"
3,10-11,midline,1x6x12,2601,False,mid,,33,0.33,-4.3447662152811395,1.4750348623620575,-11.524440751933634,,mm,,"deformed midwall line t=0.5, v=0, apex (s=0) to base (s=1)"
3,10-11,midline,1x6x12,2601,False,mid,,34,0.34,-4.477512022117447,1.4872998546884693,-11.373804084966686,,mm,,"deformed midwall line t=0.5, v=0, apex (s=0) to base (s=1)"
3,10-11,midline,1x6x12,2601,False,mid,,35,0.35,-4.609185841750491,1.4984369735666012,-11.218942169369647,,mm,,"deformed midwall line t=0.5, v=0, apex (s=0) to base (s=1)"
3,10-11,midline,1x6x12,2601,False,mid,,36,0.36,-4.739882322791463,1.5081895210550549,-11.059892714439128,,mm,,"deformed midwall line t=0.5, v=0, apex (s=0) to base (s=1)"
3,10-11,midline,1x6x12,2601,False,mid,,37,0.37,-4.869560670695953,1.5165622560325205,-10.8967184385502,,mm,,"deformed midwall line t=0.5, v=0, apex (s=0) to base (s=1)"
3,10-11,midline,1x6x12,2601,False,mid,,38,0.38,-4.998180475307176,1.5235583437985487,-10.729481402758969,,mm,,"deformed midwall line t=0.5, v=0, apex (s=0) to base (s=1)"
3,10-11,midline,1x6x12,2601,False,mid,,39,0.39,-5.1257014245759835,1.5291795938200767,-10.558243224541481,,mm,,"deformed midwall line t=0.5, v=0, apex (s=0) to base (s=1)"
3,10-11,midline,1x6x12,2601,False,mid,,40,0.4,-5.252083068066853,1.5334267039672576,-10.383065282950856,,mm,,"deformed midwall line t=0.5, v=0, apex (s=0) to base (s=1)"
3,10-11,midline,1x6x12,2601,False,mid,,41,0.41,-5.377284629781608,1.5362995072850776,-10.204008913418413,,mm,,"deformed midwall line t=0.5, v=0, apex (s=0) to base (s=1)"
3,10-11,midline,1x6x12,2601,False,mid,,42,0.42,-5.501264868950015,1.537797217794976,-10.021135590571458,,mm,,"deformed midwall line t=0.5, v=0, apex (s=0) to base (s=1)"
3,10-11,midline,1x6x12,2601,False,mid,,43,0.43,-5.623981986676684,1.5379186722747686,-9.834507097662266,,mm,,"deformed midwall line t=0.5, v=0, apex (s=0) to base (s=1)"
3,10-11,midline,1x6x12,2601,False,mid,,44,0.44,-5.745393575704777,1.536662565413531,-9.644185681475658,,mm,,"deformed midwall line t=0.5, v=0, apex (s=0) to base (s=1)"
3,10-11,midline,1x6x12,2601,False,mid,,45,0.45,-5.865456610059172,1.534027676169573,-9.450234191881208,,mm,,"deformed midwall line t=0.5, v=0, apex (s=0) to base (s=1)"
3,10-11,midline,1x6x12,2601,False,mid,,46,0.46,-5.984127470961438,1.5300130835665429,-9.252716205500622,,mm,,"deformed midwall line t=0.5, v=0, apex (s=0) to base (s=1)"
3,10-11,midline,1x6x12,2601,False,mid,,47,0.47,-6.1013620051584105,1.5246183705387921,-9.051696133253312,,mm,,"deformed midwall line t=0.5, v=0, apex (s=0) to base (s=1)"
3,10-11,midline,1x6x12,2601,False,mid,,48,0.48,-6.217115611663793,1.5178438147786986,-8.847239311810993,,mm,,"deformed midwall line t=0.5, v=0, apex (s=0) to base (s=1)"
3,10-11,midline,1x6x12,2601,False,mid,,49,0.49,-6.331343352865752,1.5096905658434623,-8.639412079225167,,mm,,"deformed midwall line t=0.5, v=0, apex (s=0) to base (s=1)"
3,10-11,midline,1x6x12,2601,False,mid,,50,0.5,-6.444000085988773,1.5001608080464741,-8.42828183518399,,mm,,"deformed midwall line t=0.5, v=0, apex (s=0) to base (s=1)"
3,10-11,midline,1x6x12,2601,False,mid,,51,0.51,-6.553273029464529,1.488955741341109,-8.211635063852807,,mm,,"deformed midwall line t=0.5, v=0, apex (s=0) to base (s=1)"
3,10-11,midline,1x6x12,2601,False,mid,,52,0.52,-6.66029468737653,1.4767021096489998,-7.991484782152787,,mm,,"deformed midwall line t=0.5, v=0, apex (s=0) to base (s=1)"
3,10-11,midline,1x6x12,2601,False,mid,,53,0.53,-6.765030395941622,1.4634102265482263,-7.767909294466455,,mm,,"deformed midwall line t=0.5, v=0, apex (s=0) to base (s=1)"
3,10-11,midline,1x6x12,2601,False,mid,,54,0.54,-6.867446289666917,1.4490892677451461,-7.540987002059657,,mm,,"deformed midwall line t=0.5, v=0, apex (s=0) to base (s=1)"
3,10-11,midline,1x6x12,2601,False,mid,,55,0.55,-6.96750919754059,1.433747435386349,-7.310796572668229,,mm,,"deformed midwall line t=0.5, v=0, apex (s=0) to base (s=1)"
3,10-11,midline,1x6x12,2601,False,mid,,56,0.56,-7.0651865547510155,1.4173921278371877,-7.077417097254318,,mm,,"deformed midwall line t=0.5, v=0, apex (s=0) to base (s=1)"
3,10-11,midline,1x6x12,2601,False,mid,,57,0.57,-7.1604463300202905,1.4000301133168973,-6.8409282335535755,,mm,,"deformed midwall line t=0.5, v=0, apex (s=0) to base (s=1)"
3,10-11,midline,1x6x12,2601,False,mid,,58,0.58,-7.253256968415711,1.3816677058721485,-6.601410336084426,,mm,,"deformed midwall line t=0.5, v=0, apex (s=0) to base (s=1)"
3,10-11,midline,1x6x12,2601,False,mid,,59,0.59,-7.343587349309261,1.3623109422694026,-6.358944572367194,,mm,,"deformed midwall line t=0.5, v=0, apex (s=0) to base (s=1)"
3,10-11,midline,1x6x12,2601,False,mid,,60,0.6,-7.431406758986899,1.3419657584887932,-6.1136130251965115,,mm,,"deformed midwall line t=0.5, v=0, apex (s=0) to base (s=1)"
3,10-11,midline,1x6x12,2601,False,mid,,61,0.61,-7.516684877264594,1.3206381646069187,-5.865498780920063,,mm,,"deformed midwall line t=0.5, v=0, apex (s=0) to base (s=1)"
3,10-11,midline,1x6x12,2601,False,mid,,62,0.62,-7.599391777343262,1.2983344169606739,-5.614686003793365,,mm,,"deformed midwall line t=0.5, v=0, apex (s=0) to base (s=1)"
3,10-11,midline,1x6x12,2601,False,mid,,63,0.63,-7.679497938027593,1.275061186587767,-5.36125999659987,,mm,,"deformed midwall line t=0.5, v=0, apex (s=0) to base (s=1)"
3,10-11,midline,1x6x12,2601,False,mid,,64,0.64,-7.756974267341297,1.2508257230404483,-5.105307247842946,,mm,,"deformed midwall line t=0.5, v=0, apex (s=0) to base (s=1)"
3,10-11,midline,1x6x12,2601,False,mid,,65,0.65,-7.831792136491579,1.2256360127662027,-4.8469154659276175,,mm,,"deformed midwall line t=0.5, v=0, apex (s=0) to base (s=1)"
3,10-11,midline,1x6x12,2601,False,mid,,66,0.66,-7.9039234230662405,1.1995009313419878,-4.5861736008526774,,mm,,"deformed midwall line t=0.5, v=0, apex (s=0) to base (s=1)"
3,10-11,midline,1x6x12,2601,False,mid,,67,0.67,-7.972261388659147,1.1722475838432016,-4.323243473615803,,mm,,"deformed midwall line t=0.5, v=0, apex (s=0) to base (s=1)"
3,10-11,midline,1x6x12,2601,False,mid,,68,0.68,-8.03535839432948,1.1438790752685606,-4.058176493253389,,mm,,"deformed midwall line t=0.5, v=0, apex (s=0) to base (s=1)"
3,10-11,midline,1x6x12,2601,False,mid,,69,0.69,-8.09517861666562,1.114862077434359,-3.7908638312870613,,mm,,"deformed midwall line t=0.5, v=0, apex (s=0) to base (s=1)"
3,10-11,midline,1x6x12,2601,False,mid,,70,0.7,-8.151700814673548,1.085210010214018,-3.521395537794977,,mm,,"deformed midwall line t=0.5, v=0, apex (s=0) to base (s=1)"
3,10-11,midline,1x6x12,2601,False,mid,,71,0.71,-8.20490516716239,1.0549354472177888,-3.249862129082293,,mm,,"deformed midwall line t=0.5, v=0, apex (s=0) to base (s=1)"
3,10-11,midline,1x6x12,2601,False,mid,,72,0.72,-8.254773205649434,1.0240502675791345,-2.976354699635648,,mm,,"deformed midwall line t=0.5, v=0, apex (s=0) to base (s=1)"
3,10-11,midline,1x6x12,2601,False,mid,,73,0.73,-8.301287758127328,0.9925658099927108,-2.700965025400217,,mm,,"deformed midwall line t=0.5, v=0, apex (s=0) to base (s=1)"
3,10-11,midline,1x6x12,2601,False,mid,,74,0.74,-8.344432904003003,0.96049302827282,-2.4237856580100368,,mm,,"deformed midwall line t=0.5, v=0, apex (s=0) to base (s=1)"
3,10-11,midline,1x6x12,2601,False,mid,,75,0.75,-8.384193940370963,0.9278426477056719,-2.1449100096319467,,mm,,"deformed midwall line t=0.5, v=0, apex (s=0) to base (s=1)"
3,10-11,midline,1x6x12,2601,False,mid,,76,0.76,-8.420557359652008,0.8946253214761863,-1.8644324281126223,,mm,,"deformed midwall line t=0.5, v=0, apex (s=0) to base (s=1)"
3,10-11,midline,1x6x12,2601,False,mid,,77,0.77,-8.453510838509764,0.8608517864604828,-1.5824482621527411,,mm,,"deformed midwall line t=0.5, v=0, apex (s=0) to base (s=1)"
3,10-11,midline,1x6x12,2601,False,mid,,78,0.78,-8.483043237846456,0.8265330176883912,-1.299053916277953,,mm,,"deformed midwall line t=0.5, v=0, apex (s=0) to base (s=1)"
3,10-11,midline,1x6x12,2601,False,mid,,79,0.79,-8.50914461357334,0.7916803807962957,-1.0143468954377959,,mm,,"deformed midwall line t=0.5, v=0, apex (s=0) to base (s=1)"
3,10-11,midline,1x6x12,2601,False,mid,,80,0.8,-8.531806237745837,0.7563057818091784,-0.7284258391453129,,mm,,"deformed midwall line t=0.5, v=0, apex (s=0) to base (s=1)"
3,10-11,midline,1x6x12,2601,False,mid,,81,0.81,-8.551020629545828,0.7204218136119767,-0.44139054517557413,,mm,,"deformed midwall line t=0.5, v=0, apex (s=0) to base (s=1)"
3,10-11,midline,1x6x12,2601,False,mid,,82,0.82,-8.566781595481299,0.6840418984940915,-0.15334198297308582,,mm,,"deformed midwall line t=0.5, v=0, apex (s=0) to base (s=1)"
3,10-11,midline,1x6x12,2601,False,mid,,83,0.83,-8.579084278053767,0.6471804261772238,0.13561770292166092,,mm,,"deformed midwall line t=0.5, v=0, apex (s=0) to base (s=1)"
3,10-11,midline,1x6x12,2601,False,mid,,84,0.84,-8.585553951347341,0.6075660985277914,0.40600483268146503,,mm,,"deformed midwall line t=0.5, v=0, apex (s=0) to base (s=1)"
3,10-11,midline,1x6x12,2601,False,mid,,85,0.85,-8.587267043073593,0.5669523974522894,0.669799187824752,,mm,,"deformed midwall line t=0.5, v=0, apex (s=0) to base (s=1)"
3,10-11,midline,1x6x12,2601,False,mid,,86,0.86,-8.585383515127493,0.5266204323260255,0.9370982205459714,,mm,,"deformed midwall line t=0.5, v=0, apex (s=0) to base (s=1)"
3,10-11,midline,1x6x12,2601,False,mid,,87,0.87,-8.579901833748684,0.4865882110642756,1.2078313697818652,,mm,,"deformed midwall line t=0.5, v=0, apex (s=0) to base (s=1)"
3,10-11,midline,1x6x12,2601,False,mid,,88,0.88,-8.570823069237356,0.4468725174780986,1.4819243034767497,,mm,,"deformed midwall line t=0.5, v=0, apex (s=0) to base (s=1)"
3,10-11,midline,1x6x12,2601,False,mid,,89,0.89,-8.558150262464544,0.40748907286913344,1.7592986309465861,,mm,,"deformed midwall line t=0.5, v=0, apex (s=0) to base (s=1)"
3,10-11,midline,1x6x12,2601,False,mid,,90,0.9,-8.541887930929391,0.3684526843454737,2.039871656311038,,mm,,"deformed midwall line t=0.5, v=0, apex (s=0) to base (s=1)"
3,10-11,midline,1x6x12,2601,False,mid,,91,0.91,-8.52204172160485,0.32977737877187363,2.3235561759320906,,mm,,"deformed midwall line t=0.5, v=0, apex (s=0) to base (s=1)"
3,10-11,midline,1x6x12,2601,False,mid,,92,0.92,-8.498618216793469,0.2914765213371455,2.6102603224163756,,mm,,"deformed midwall line t=0.5, v=0, apex (s=0) to base (s=1)"
3,10-11,midline,1x6x12,2601,False,mid,,93,0.93,-8.471624898059947,0.2535629178175567,2.8998874574087563,,mm,,"deformed midwall line t=0.5, v=0, apex (s=0) to base (s=1)"
3,10-11,midline,1x6x12,2601,False,mid,,94,0.94,-8.441070272023348,0.216048899733729,3.1923361151029512,,mm,,"deformed midwall line t=0.5, v=0, apex (s=0) to base (s=1)"
3,10-11,midline,1x6x12,2601,False,mid,,95,0.95,-8.406964160392244,0.17894639173583762,3.487499998094124,,mm,,"deformed midwall line t=0.5, v=0, apex (s=0) to base (s=1)"
3,10-11,midline,1x6x12,2601,False,mid,,96,0.96,-8.369318155122976,0.1422669607028943,3.7852680268701198,,mm,,"deformed midwall line t=0.5, v=0, apex (s=0) to base (s=1)"
3,10-11,midline,1x6x12,2601,False,mid,,97,0.97,-8.328146237993963,0.10602184620120639,4.085524443853176,,mm,,"deformed midwall line t=0.5, v=0, apex (s=0) to base (s=1)"
3,10-11,midline,1x6x12,2601,False,mid,,98,0.98,-8.283465562237192,0.07022197210888484,4.388148972432268,,mm,,"deformed midwall line t=0.5, v=0, apex (s=0) to base (s=1)"
3,10-11,midline,1x6x12,2601,False,mid,,99,0.99,-8.235297392176866,0.03487793937126779,4.693017030840082,,mm,,"deformed midwall line t=0.5, v=0, apex (s=0) to base (s=1)"
3,10-11,midline,1x6x12,2601,False,mid,,100,1.0,-8.18366819512073,1.8171393712231264e-15,5.0,,mm,,"deformed midwall line t=0.5, v=0, apex (s=0) to base (s=1)"
3,10-11,twist_peak_y,1x6x12,2601,False,mid,,,,,,,1.5379186722747686,mm,"1.3, 1.8",largest signed y of the deformed midwall line
3,12,strain,1x6x12,2601,False,endo,long,1,0.095,,,,-19.499313384158945,percent,,"pair of neighbouring stations along the layer, labelled by the first (s=parameter)"
3,12,strain,1x6x12,2601,False,endo,long,2,0.19,,,,-19.840768545319023,percent,,"pair of neighbouring stations along the layer, labelled by the first (s=parameter)"
3,12,strain,1x6x12,2601,False,endo,long,3,0.285,,,,-20.327275500983323,percent,,"pair of neighbouring stations along the layer, labelled by the first (s=parameter)"
3,12,strain,1x6x12,2601,False,endo,long,4,0.38,,,,-20.50496487040563,percent,,"pair of neighbouring stations along the layer, labelled by the first (s=parameter)"
3,12,strain,1x6x12,2601,False,endo,long,5,0.475,,,,-20.542183790636393,percent,,"pair of neighbouring stations along the layer, labelled by the first (s=parameter)"
3,12,strain,1x6x12,2601,False,endo,long,6,0.57,,,,-19.896235703237895,percent,,"pair of neighbouring stations along the layer, labelled by the first (s=parameter)"
3,12,strain,1x6x12,2601,False,endo,long,7,0.6649999999999999,,,,-19.863671212487887,percent,,"pair of neighbouring stations along the layer, labelled by the first (s=parameter)"
3,12,strain,1x6x12,2601,False,endo,long,8,0.76,,,,-19.63564105922022,percent,,"pair of neighbouring stations along the layer, labelled by the first (s=parameter)"
3,12,strain,1x6x12,2601,False,endo,long,9,0.8549999999999999,,,,-16.066991459391012,percent,,"pair of neighbouring stations along the layer, labelled by the first (s=parameter)"
3,12,strain,1x6x12,2601,False,endo,circ,1,0.095,,,,-8.855925912886597,percent,,station paired with its image rotated by pi/10 about the axis
3,12,strain,1x6x12,2601,False,endo,circ,2,0.19,,,,-11.147489485065798,percent,,station paired with its image rotated by pi/10 about the axis
3,12,strain,1x6x12,2601,False,endo,circ,3,0.285,,,,-10.7852156072481,percent,,station paired with its image rotated by pi/10 about the axis
3,12,strain,1x6x12,2601,False,endo,circ,4,0.38,,,,-8.982365222443367,percent,,station paired with its image rotated by pi/10 about the axis
3,12,strain,1x6x12,2601,False,endo,circ,5,0.475,,,,-6.9310080607684625,percent,,station paired with its image rotated by pi/10 about the axis
3,12,strain,1x6x12,2601,False,endo,circ,6,0.57,,,,-4.881914133563359,percent,,station paired with its image rotated by pi/10 about the axis
3,12,strain,1x6x12,2601,False,endo,circ,7,0.6649999999999999,,,,-3.2346164545244083,percent,,station paired with its image rotated by pi/10 about the axis
3,12,strain,1x6x12,2601,False,endo,circ,8,0.76,,,,-2.3370265986963568,percent,,station paired with its image rotated by pi/10 about the axis
3,12,strain,1x6x12,2601,False,endo,circ,9,0.8549999999999999,,,,-2.620112221855997,percent,,station paired with its image rotated by pi/10 about the axis
3,12,strain,1x6x12,2601,False,endo,circ,10,0.95,,,,-2.1983727217878113,percent,,station paired with its image rotated by pi/10 about the axis
3,12,strain,1x6x12,2601,False,mid,long,1,0.095,,,,-3.953192615365253,percent,,"pair of neighbouring stations along the layer, labelled by the first (s=parameter)"
3,12,strain,1x6x12,2601,False,mid,long,2,0.19,,,,-10.070795666404841,percent,,"pair of neighbouring stations along the layer, labelled by the first (s=parameter)"
3,12,strain,1x6x12,2601,False,mid,long,3,0.285,,,,-14.294338320335942,percent,,"pair of neighbouring stations along the layer, labelled by the first (s=parameter)"
3,12,strain,1x6x12,2601,False,mid,long,4,0.38,,,,-15.824812279898604,percent,,"pair of neighbouring stations along the layer, labelled by the first (s=parameter)"
3,12,strain,1x6x12,2601,False,mid,long,5,0.475,,,,-16.249234376553133,percent,,"pair of neighbouring stations along the layer, labelled by the first (s=parameter)"
3,12,strain,1x6x12,2601,False,mid,long,6,0.57,,,,-16.190684776746078,percent,,"pair of neighbouring stations along the layer, labelled by the first (s=parameter)"
3,12,strain,1x6x12,2601,False,mid,long,7,0.6649999999999999,,,,-15.953599392244067,percent,,"pair of neighbouring stations along the layer, labelled by the first (s=parameter)"
3,12,strain,1x6x12,2601,False,mid,long,8,0.76,,,,-16.534016176936095,percent,,"pair of neighbouring stations along the layer, labelled by the first (s=parameter)"
3,12,strain,1x6x12,2601,False,mid,long,9,0.8549999999999999,,,,-15.831084389477013,percent,,"pair of neighbouring stations along the layer, labelled by the first (s=parameter)"
3,12,strain,1x6x12,2601,False,mid,circ,1,0.095,,,,-22.314255867569187,percent,,station paired with its image rotated by pi/10 about the axis
3,12,strain,1x6x12,2601,False,mid,circ,2,0.19,,,,-10.58990463400079,percent,,station paired with its image rotated by pi/10 about the axis
3,12,strain,1x6x12,2601,False,mid,circ,3,0.285,,,,-6.5812523688395075,percent,,station paired with its image rotated by pi/10 about the axis
3,12,strain,1x6x12,2601,False,mid,circ,4,0.38,,,,-4.674267100998675,percent,,station paired with its image rotated by pi/10 about the axis
3,12,strain,1x6x12,2601,False,mid,circ,5,0.475,,,,-2.8400412195283,percent,,station paired with its image rotated by pi/10 about the axis
3,12,strain,1x6x12,2601,False,mid,circ,6,0.57,,,,-1.118752029655401,percent,,station paired with its image rotated by pi/10 about the axis
3,12,strain,1x6x12,2601,False,mid,circ,7,0.6649999999999999,,,,0.3232870845272018,percent,,station paired with its image rotated by pi/10 about the axis
3,12,strain,1x6x12,2601,False,mid,circ,8,0.76,,,,1.0635264466760441,percent,,station paired with its image rotated by pi/10 about the axis
3,12,strain,1x6x12,2601,False,mid,circ,9,0.8549999999999999,,,,1.2272148490042767,percent,,station paired with its image rotated by pi/10 about the axis
3,12,strain,1x6x12,2601,False,mid,circ,10,0.95,,,,0.5786895629695588,percent,,station paired with its image rotated by pi/10 about the axis
3,12,strain,1x6x12,2601,False,epi,long,1,0.095,,,,-6.813654376734468,percent,,"pair of neighbouring stations along the layer, labelled by the first (s=parameter)"
3,12,strain,1x6x12,2601,False,epi,long,2,0.19,,,,-7.883540382109744,percent,,"pair of neighbouring stations along the layer, labelled by the first (s=parameter)"
3,12,strain,1x6x12,2601,False,epi,long,3,0.285,,,,-11.35504016847838,percent,,"pair of neighbouring stations along the layer, labelled by the first (s=parameter)"
3,12,strain,1x6x12,2601,False,epi,long,4,0.38,,,,-13.074673131554416,percent,,"pair of neighbouring stations along the layer, labelled by the first (s=parameter)"
3,12,strain,1x6x12,2601,False,epi,long,5,0.475,,,,-13.657807624225493,percent,,"pair of neighbouring stations along the layer, labelled by the first (s=parameter)"
3,12,strain,1x6x12,2601,False,epi,long,6,0.57,,,,-14.241308689609367,percent,,"pair of neighbouring stations along the layer, labelled by the first (s=parameter)"
3,12,strain,1x6x12,2601,False,epi,long,7,0.6649999999999999,,,,-14.002029625260715,percent,,"pair of neighbouring stations along the layer, labelled by the first (s=parameter)"
3,12,strain,1x6x12,2601,False,epi,long,8,0.76,,,,-14.50120214676649,percent,,"pair of neighbouring stations along the layer, labelled by the first (s=parameter)"
3,12,strain,1x6x12,2601,False,epi,long,9,0.8549999999999999,,,,-13.754273015589092,percent,,"pair of neighbouring stations along the layer, labelled by the first (s=parameter)"
3,12,strain,1x6x12,2601,False,epi,circ,1,0.095,,,,11.64507082496209,percent,,station paired with its image rotated by pi/10 about the axis
3,12,strain,1x6x12,2601,False,epi,circ,2,0.19,,,,0.06580131681248602,percent,,station paired with its image rotated by pi/10 about the axis
3,12,strain,1x6x12,2601,False,epi,circ,3,0.285,,,,-0.8727405391951493,percent,,station paired with its image rotated by pi/10 about the axis
3,12,strain,1x6x12,2601,False,epi,circ,4,0.38,,,,-0.6188999866191147,percent,,station paired with its image rotated by pi/10 about the axis
3,12,strain,1x6x12,2601,False,epi,circ,5,0.475,,,,0.25953606524407036,percent,,station paired with its image rotated by pi/10 about the axis
3,12,strain,1x6x12,2601,False,epi,circ,6,0.57,,,,1.4251003331209766,percent,,station paired with its image rotated by pi/10 about the axis
3,12,strain,1x6x12,2601,False,epi,circ,7,0.6649999999999999,,,,2.349101988404767,percent,,station paired with its image rotated by pi/10 about the axis
3,12,strain,1x6x12,2601,False,epi,circ,8,0.76,,,,3.00458113333113,percent,,station paired with its image rotated by pi/10 about the axis
3,12,strain,1x6x12,2601,False,epi,circ,9,0.8549999999999999,,,,3.3205034784623777,percent,,station paired with its image rotated by pi/10 about the axis
3,12,strain,1x6x12,2601,False,epi,circ,10,0.95,,,,2.3300899665654073,percent,,station paired with its image rotated by pi/10 about the axis
3,12,strain,1x6x12,2601,False,endo,trans,1,0.095,,,,45.746253944093866,percent,,"across the wall: endo-mid at endo, mid-epi at epi, endo-epi at midwall"
3,12,strain,1x6x12,2601,False,endo,trans,2,0.19,,,,33.19547641844234,percent,,"across the wall: endo-mid at endo, mid-epi at epi, endo-epi at midwall"
3,12,strain,1x6x12,2601,False,endo,trans,3,0.285,,,,31.68360279495561,percent,,"across the wall: endo-mid at endo, mid-epi at epi, endo-epi at midwall"
3,12,strain,1x6x12,2601,False,endo,trans,4,0.38,,,,28.3842710096309,percent,,"across the wall: endo-mid at endo, mid-epi at epi, endo-epi at midwall"
3,12,strain,1x6x12,2601,False,endo,trans,5,0.475,,,,26.088620810196474,percent,,"across the wall: endo-mid at endo, mid-epi at epi, endo-epi at midwall"
3,12,strain,1x6x12,2601,False,endo,trans,6,0.57,,,,23.451878846244046,percent,,"across the wall: endo-mid at endo, mid-epi at epi, endo-epi at midwall"
3,12,strain,1x6x12,2601,False,endo,trans,7,0.6649999999999999,,,,21.93232299821295,percent,,"across the wall: endo-mid at endo, mid-epi at epi, endo-epi at midwall"
3,12,strain,1x6x12,2601,False,endo,trans,8,0.76,,,,20.289946781478484,percent,,"across the wall: endo-mid at endo, mid-epi at epi, endo-epi at midwall"
3,12,strain,1x6x12,2601,False,endo,trans,9,0.8549999999999999,,,,23.04506373835773,percent,,"across the wall: endo-mid at endo, mid-epi at epi, endo-epi at midwall"
3,12,strain,1x6x12,2601,False,endo,trans,10,0.95,,,,16.99171273436544,percent,,"across the wall: endo-mid at endo, mid-epi at epi, endo-epi at midwall"
3,12,strain,1x6x12,2601,False,epi,trans,1,0.095,,,,25.220259976453075,percent,,"across the wall: endo-mid at endo, mid-epi at epi, endo-epi at midwall"
3,12,strain,1x6x12,2601,False,epi,trans,2,0.19,,,,21.703263081143053,percent,,"across the wall: endo-mid at endo, mid-epi at epi, endo-epi at midwall"
3,12,strain,1x6x12,2601,False,epi,trans,3,0.285,,,,19.08588798280151,percent,,"across the wall: endo-mid at endo, mid-epi at epi, endo-epi at midwall"
3,12,strain,1x6x12,2601,False,epi,trans,4,0.38,,,,17.857020461394303,percent,,"across the wall: endo-mid at endo, mid-epi at epi, endo-epi at midwall"
3,12,strain,1x6x12,2601,False,epi,trans,5,0.475,,,,16.226644989142123,percent,,"across the wall: endo-mid at endo, mid-epi at epi, endo-epi at midwall"
3,12,strain,1x6x12,2601,False,epi,trans,6,0.57,,,,15.211783963043214,percent,,"across the wall: endo-mid at endo, mid-epi at epi, endo-epi at midwall"
3,12,strain,1x6x12,2601,False,epi,trans,7,0.6649999999999999,,,,13.930686311327056,percent,,"across the wall: endo-mid at endo, mid-epi at epi, endo-epi at midwall"
3,12,strain,1x6x12,2601,False,epi,trans,8,0.76,,,,14.650734798979403,percent,,"across the wall: endo-mid at endo, mid-epi at epi, endo-epi at midwall"
3,12,strain,1x6x12,2601,False,epi,trans,9,0.8549999999999999,,,,16.676223021978885,percent,,"across the wall: endo-mid at endo, mid-epi at epi, endo-epi at midwall"
3,12,strain,1x6x12,2601,False,epi,trans,10,0.95,,,,14.101694949880116,percent,,"across the wall: endo-mid at endo, mid-epi at epi, endo-epi at midwall"
3,12,strain,1x6x12,2601,False,mid,trans,1,0.095,,,,33.00201871285267,percent,,"across the wall: endo-mid at endo, mid-epi at epi, endo-epi at midwall"
3,12,strain,1x6x12,2601,False,mid,trans,2,0.19,,,,26.41257188798638,percent,,"across the wall: endo-mid at endo, mid-epi at epi, endo-epi at midwall"
3,12,strain,1x6x12,2601,False,mid,trans,3,0.285,,,,24.86501174552027,percent,,"across the wall: endo-mid at endo, mid-epi at epi, endo-epi at midwall"
3,12,strain,1x6x12,2601,False,mid,trans,4,0.38,,,,22.828888316186834,percent,,"across the wall: endo-mid at endo, mid-epi at epi, endo-epi at midwall"
3,12,strain,1x6x12,2601,False,mid,trans,5,0.475,,,,20.992102737927752,percent,,"across the wall: endo-mid at endo, mid-epi at epi, endo-epi at midwall"
3,12,strain,1x6x12,2601,False,mid,trans,6,0.57,,,,19.238792042082142,percent,,"across the wall: endo-mid at endo, mid-epi at epi, endo-epi at midwall"
3,12,strain,1x6x12,2601,False,mid,trans,7,0.6649999999999999,,,,17.89613702872719,percent,,"across the wall: endo-mid at endo, mid-epi at epi, endo-epi at midwall"
3,12,strain,1x6x12,2601,False,mid,trans,8,0.76,,,,17.464550454154004,percent,,"across the wall: endo-mid at endo, mid-epi at epi, endo-epi at midwall"
3,12,strain,1x6x12,2601,False,mid,trans,9,0.8549999999999999,,,,19.859121263889577,percent,,"across the wall: endo-mid at endo, mid-epi at epi, endo-epi at midwall"
3,12,strain,1x6x12,2601,False,mid,trans,10,0.95,,,,15.495765189303,percent,,"across the wall: endo-mid at endo, mid-epi at epi, endo-epi at midwall"
3,9,apex_z,2x12x24,17295,False,endo,,,,,,,-11.931123286564096,mm,-12.347,deformed z of the apex on this surface
3,9,apex_z,2x12x24,17295,False,epi,,,,,,,-15.488908271298374,mm,-15.452,deformed z of the apex on this surface
3,10-11,midline,2x12x24,17295,False,mid,,0,0.0,-5.478322128987734e-11,-3.675133673768568e-10,-14.179162935319594,,mm,,"deformed midwall line t=0.5, v=0, apex (s=0) to base (s=1)"
3,10-11,midline,2x12x24,17295,False,mid,,1,0.01,-0.06712094647084565,0.053700318173949164,-14.209928813940643,,mm,,"deformed midwall line t=0.5, v=0, apex (s=0) to base (s=1)"
3,10-11,midline,2x12x24,17295,False,mid,,2,0.02,-0.1459560245822416,0.11270001829971389,-14.228097529819747,,mm,,"deformed midwall line t=0.5, v=0, apex (s=0) to base (s=1)"
3,10-11,midline,2x12x24,17295,False,mid,,3,0.03,-0.23651188242372012,0.1769898186646918,-14.233648193958418,,mm,,"deformed midwall line t=0.5, v=0, apex (s=0) to base (s=1)"
3,10-11,midline,2x12x24,17295,False,mid,,4,0.04,-0.338774512000849,0.24656327016920512,-14.226569237024837,,mm,,"deformed midwall line t=0.5, v=0, apex (s=0) to base (s=1)"
3,10-11,midline,2x12x24,17295,False,mid,,5,0.05,-0.45271469640225526,0.3214066154977697,-14.206859049599075,,mm,,"deformed midwall line t=0.5, v=0, apex (s=0) to base (s=1)"
3,10-11,midline,2x12x24,17295,False,mid,,6,0.06,-0.5782904876347517,0.4014926261235375,-14.17452628194954,,mm,,"deformed midwall line t=0.5, v=0, apex (s=0) to base (s=1)"
3,10-11,midline,2x12x24,17295,False,mid,,7,0.07,-0.7154466877065704,0.4867785323842925,-14.129589800512356,,mm,,"deformed midwall line t=0.5, v=0, apex (s=0) to base (s=1)"
3,10-11,midline,2x12x24,17295,False,mid,,8,0.08,-0.8641114283132928,0.5772079950669314,-14.07207831109872,,mm,,"deformed midwall line t=0.5, v=0, apex (s=0) to base (s=1)"
3,10-11,midline,2x12x24,17295,False,mid,,9,0.09,-0.9940074815744512,0.643874066403954,-14.011657021715273,,mm,,"deformed midwall line t=0.5, v=0, apex (s=0) to base (s=1)"
3,10-11,midline,2x12x24,17295,False,mid,,10,0.1,-1.113465333519757,0.6961795024763605,-13.951592939404966,,mm,,"deformed midwall line t=0.5, v=0, apex (s=0) to base (s=1)"
3,10-11,midline,2x12x24,17295,False,mid,,11,0.11,-1.2362044288587217,0.7475457738261045,-13.888714330149002,,mm,,"deformed midwall line t=0.5, v=0, apex (s=0) to base (s=1)"
3,10-11,midline,2x12x24,17295,False,mid,,12,0.12,-1.3621897910630356,0.7979656136894852,-13.823050571060744,,mm,,"deformed midwall line t=0.5, v=0, apex (s=0) to base (s=1)"
3,10-11,midline,2x12x24,17295,False,mid,,13,0.13,-1.4913828028963865,0.8474264753107953,-13.754627474237818,,mm,,"deformed midwall line t=0.5, v=0, apex (s=0) to base (s=1)"
3,10-11,midline,2x12x24,17295,False,mid,,14,0.14,-1.6237399608488885,0.8959109921771535,-13.683467938271393,,mm,,"deformed midwall line t=0.5, v=0, apex (s=0) to base (s=1)"
3,10-11,midline,2x12x24,17295,False,mid,,15,0.15,-1.7592122945168633,0.9433977200494363,-13.609592451098852,,mm,,"deformed midwall line t=0.5, v=0, apex (s=0) to base (s=1)"
3,10-11,midline,2x12x24,17295,False,mid,,16,0.16,-1.8977454250757262,0.9898621247689257,-13.533019440279075,,mm,,"deformed midwall line t=0.5, v=0, apex (s=0) to base (s=1)"
3,10-11,midline,2x12x24,17295,False,mid,,17,0.17,-2.0367535432806507,1.0330058223536827,-13.452759264623834,,mm,,"deformed midwall line t=0.5, v=0, apex (s=0) to base (s=1)"
3,10-11,midline,2x12x24,17295,False,mid,,18,0.18,-2.172320923122072,1.0703954659191137,-13.36685957987076,,mm,,"deformed midwall line t=0.5, v=0, apex (s=0) to base (s=1)"
3,10-11,midline,2x12x24,17295,False,mid,,19,0.19,-2.308792292668746,1.1065019153603728,-13.276883275094622,,mm,,"deformed midwall line t=0.5, v=0, apex (s=0) to base (s=1)"
3,10-11,midline,2x12x24,17295,False,mid,,20,0.2,-2.446125992835929,1.141321727981001,-13.182865223586957,,mm,,"deformed midwall line t=0.5, v=0, apex (s=0) to base (s=1)"
3,10-11,midline,2x12x24,17295,False,mid,,21,0.21,-2.5842782365654986,1.1748475369996028,-13.0848395450392,,mm,,"deformed midwall line t=0.5, v=0, apex (s=0) to base (s=1)"
3,10-11,midline,2x12x24,17295,False,mid,,22,0.22,-2.7232028369740213,1.2070686085468711,-12.982839922456389,,mm,,"deformed midwall line t=0.5, v=0, apex (s=0) to base (s=1)"
3,10-11,midline,2x12x24,17295,False,mid,,23,0.23,-2.8628510868881554,1.2379714584492134,-12.876899875121145,,mm,,"deformed midwall line t=0.5, v=0, apex (s=0) to base (s=1)"
3,10-11,midline,2x12x24,17295,False,mid,,24,0.24,-3.0031717799145747,1.267540510630832,-12.767052985090045,,mm,,"deformed midwall line t=0.5, v=0, apex (s=0) to base (s=1)"
3,10-11,midline,2x12x24,17295,False,mid,,25,0.25,-3.1441113599940844,1.2957587792992258,-12.653333076378296,,mm,,"deformed midwall line t=0.5, v=0, apex (s=0) to base (s=1)"
3,10-11,midline,2x12x24,17295,False,mid,,26,0.26,-3.2838376495595063,1.3203525136261645,-12.535632039586675,,mm,,"deformed midwall line t=0.5, v=0, apex (s=0) to base (s=1)"
3,10-11,midline,2x12x24,17295,False,mid,,27,0.27,-3.423257547545402,1.3434635643956516,-12.413656659484435,,mm,,"deformed midwall line t=0.5, v=0, apex (s=0) to base (s=1)"
3,10-11,midline,2x12x24,17295,False,mid,,28,0.28,-3.562327204110874,1.3650913958862034,-12.287450888709907,,mm,,"deformed midwall line t=0.5, v=0, apex (s=0) to base (s=1)"
3,10-11,midline,2x12x24,17295,False,mid,,29,0.29,-3.7010015560879834,1.385232676227327,-12.15705904471188,,mm,,"deformed midwall line t=0.5, v=0, apex (s=0) to base (s=1)"
3,10-11,midline,2x12x24,17295,False,mid,,30,0.3,-3.8392343309201986,1.4038817852219927,-12.022525933578848,,mm,,"deformed midwall line t=0.5, v=0, apex (s=0) to base (s=1)"
3,10-11,midline,2x12x24,17295,False,mid,,31,0.31,-3.976978054962536,1.4210313095636096,-11.883896972172089,,mm,,"deformed midwall line t=0.5, v=0, apex (s=0) to base (s=1)"
3,10-11,midline,2x12x24,17295,False,mid,,32,0.32,-4.114184065739456,1.4366725180803246,-11.741218306268257,,mm,,"deformed midwall line t=0.5, v=0, apex (s=0) to base (s=1)"
3,10-11,midline,2x12x24,17295,False,mid,,33,0.33,-4.250802527802508,1.4507958107785581,-11.594536922758316,,mm,,"deformed midwall line t=0.5, v=0, apex (s=0) to base (s=1)"
3,10-11,midline,2x12x24,17295,False,mid,,34,0.34,-4.386817735370348,1.4629666624296518,-11.444467690192102,,mm,,"deformed midwall line t=0.5, v=0, apex (s=0) to base (s=1)"
3,10-11,midline,2x12x24,17295,False,mid,,35,0.35,-4.521930488035325,1.4735203734297762,-11.290432935692198,,mm,,"deformed midwall line t=0.5, v=0, apex (s=0) to base (s=1)"
3,10-11,midline,2x12x24,17295,False,mid,,36,0.36,-4.656033362215456,1.4826970963840556,-11.132133434258467,,mm,,"deformed midwall line t=0.5, v=0, apex (s=0) to base (s=1)"
3,10-11,midline,2x12x24,17295,False,mid,,37,0.37,-4.7890828475840435,1.490497550694712,-10.969623474168491,,mm,,"deformed midwall line t=0.5, v=0, apex (s=0) to base (s=1)"
3,10-11,midline,2x12x24,17295,False,mid,,38,0.38,-4.921034724460564,1.4969206738975134,-10.802958472057435,,mm,,"deformed midwall line t=0.5, v=0, apex (s=0) to base (s=1)"
3,10-11,midline,2x12x24,17295,False,mid,,39,0.39,-5.051844098352827,1.5019640097189024,-10.632195053272449,,mm,,"deformed midwall line t=0.5, v=0, apex (s=0) to base (s=1)"
3,10-11,midline,2x12x24,17295,False,mid,,40,0.4,-5.18146542141128,1.5056240744826124,-10.457391132051535,,mm,,"deformed midwall line t=0.5, v=0, apex (s=0) to base (s=1)"
3,10-11,midline,2x12x24,17295,False,mid,,41,0.41,-5.309852501914769,1.5078966989830698,-10.27860599017014,,mm,,"deformed midwall line t=0.5, v=0, apex (s=0) to base (s=1)"
3,10-11,midline,2x12x24,17295,False,mid,,42,0.42,-5.437122773081838,1.5086689749324305,-10.096362429487595,,mm,,"deformed midwall line t=0.5, v=0, apex (s=0) to base (s=1)"
3,10-11,midline,2x12x24,17295,False,mid,,43,0.43,-5.563233471613919,1.507937657630504,-9.910953918308962,,mm,,"deformed midwall line t=0.5, v=0, apex (s=0) to base (s=1)"
3,10-11,midline,2x12x24,17295,False,mid,,44,0.44,-5.687734378419332,1.5059778126034082,-9.721403512927171,,mm,,"deformed midwall line t=0.5, v=0, apex (s=0) to base (s=1)"
3,10-11,midline,2x12x24,17295,False,mid,,45,0.45,-5.810584995652868,1.5027937588379499,-9.527775023208228,,mm,,"deformed midwall line t=0.5, v=0, apex (s=0) to base (s=1)"
3,10-11,midline,2x12x24,17295,False,mid,,46,0.46,-5.931744564164905,1.498388367522907,-9.33013383993953,,mm,,"deformed midwall line t=0.5, v=0, apex (s=0) to base (s=1)"
3,10-11,midline,2x12x24,17295,False,mid,,47,0.47,-6.051172112430773,1.4927633712658723,-9.128547016970671,,mm,,"deformed midwall line t=0.5, v=0, apex (s=0) to base (s=1)"
3,10-11,midline,2x12x24,17295,False,mid,,48,0.48,-6.168826489822644,1.485919661053212,-8.923083338118987,,mm,,"deformed midwall line t=0.5, v=0, apex (s=0) to base (s=1)"
3,10-11,midline,2x12x24,17295,False,mid,,49,0.49,-6.284666385313253,1.4778575689300835,-8.713813369190722,,mm,,"deformed midwall line t=0.5, v=0, apex (s=0) to base (s=1)"
3,10-11,midline,2x12x24,17295,False,mid,,50,0.5,-6.398650332843842,1.468577134698691,-8.500809495672348,,mm,,"deformed midwall line t=0.5, v=0, apex (s=0) to base (s=1)"
3,10-11,midline,2x12x24,17295,False,mid,,51,0.51,-6.511293905930433,1.4579424991240513,-8.28543844466176,,mm,,"deformed midwall line t=0.5, v=0, apex (s=0) to base (s=1)"
3,10-11,midline,2x12x24,17295,False,mid,,52,0.52,-6.621650502372009,1.4462261201202433,-8.066247805416419,,mm,,"deformed midwall line t=0.5, v=0, apex (s=0) to base (s=1)"
3,10-11,midline,2x12x24,17295,False,mid,,53,0.53,-6.729683683791143,1.4334353610444714,-7.843310395876755,,mm,,"deformed midwall line t=0.5, v=0, apex (s=0) to base (s=1)"
3,10-11,midline,2x12x24,17295,False,mid,,54,0.54,-6.835357347591153,1.4195763961017998,-7.616700868109365,,mm,,"deformed midwall line t=0.5, v=0, apex (s=0) to base (s=1)"
3,10-11,midline,2x12x24,17295,False,mid,,55,0.55,-6.93863578595118,1.4046544695731589,-7.386495784543758,,mm,,"deformed midwall line t=0.5, v=0, apex (s=0) to base (s=1)"
3,10-11,midline,2x12x24,17295,False,mid,,56,0.56,-7.039483726564864,1.3886741520529167,-7.152773668207503,,mm,,"deformed midwall line t=0.5, v=0, apex (s=0) to base (s=1)"
3,10-11,midline,2x12x24,17295,False,mid,,57,0.57,-7.137866356140203,1.3716395919188022,-6.91561502815088,,mm,,"deformed midwall line t=0.5, v=0, apex (s=0) to base (s=1)"
3,10-11,midline,2x12x24,17295,False,mid,,58,0.58,-7.233749327821962,1.3535547603662597,-6.6751023614811125,,mm,,"deformed midwall line t=0.5, v=0, apex (s=0) to base (s=1)"
3,10-11,midline,2x12x24,17295,False,mid,,59,0.59,-7.327548347747536,1.3344068675305247,-6.432062869355037,,mm,,"deformed midwall line t=0.5, v=0, apex (s=0) to base (s=1)"
3,10-11,midline,2x12x24,17295,False,mid,,60,0.6,-7.418656453835517,1.3143072333074088,-6.186144306375434,,mm,,"deformed midwall line t=0.5, v=0, apex (s=0) to base (s=1)"
3,10-11,midline,2x12x24,17295,False,mid,,61,0.61,-7.506747820735095,1.2932931527058138,-5.937043798609529,,mm,,"deformed midwall line t=0.5, v=0, apex (s=0) to base (s=1)"
3,10-11,midline,2x12x24,17295,False,mid,,62,0.62,-7.591792350187549,1.271373484898992,-5.684844347098969,,mm,,"deformed midwall line t=0.5, v=0, apex (s=0) to base (s=1)"
3,10-11,midline,2x12x24,17295,False,mid,,63,0.63,-7.673761022768063,1.2485563306449692,-5.429630844023405,,mm,,"deformed midwall line t=0.5, v=0, apex (s=0) to base (s=1)"
3,10-11,midline,2x12x24,17295,False,mid,,64,0.64,-7.752625942018255,1.224849271397229,-5.171490095799948,,mm,,"deformed midwall line t=0.5, v=0, apex (s=0) to base (s=1)"
3,10-11,midline,2x12x24,17295,False,mid,,65,0.65,-7.828360358380718,1.2002596105122019,-4.910510815392864,,mm,,"deformed midwall line t=0.5, v=0, apex (s=0) to base (s=1)"
3,10-11,midline,2x12x24,17295,False,mid,,66,0.66,-7.900938673939948,1.1747946149593076,-4.646783585384832,,mm,,"deformed midwall line t=0.5, v=0, apex (s=0) to base (s=1)"
3,10-11,midline,2x12x24,17295,False,mid,,67,0.67,-7.970484682285266,1.1484909409709654,-4.380654409933236,,mm,,"deformed midwall line t=0.5, v=0, apex (s=0) to base (s=1)"
3,10-11,midline,2x12x24,17295,False,mid,,68,0.68,-8.036879252278611,1.1214504549877298,-4.112631996189911,,mm,,"deformed midwall line t=0.5, v=0, apex (s=0) to base (s=1)"
3,10-11,midline,2x12x24,17295,False,mid,,69,0.69,-8.099680280324645,1.0936579453022592,-3.84238011175304,,mm,,"deformed midwall line t=0.5, v=0, apex (s=0) to base (s=1)"
3,10-11,midline,2x12x24,17295,False,mid,,70,0.7,-8.158865332799788,1.0651242710360669,-3.5699891873539014,,mm,,"deformed midwall line t=0.5, v=0, apex (s=0) to base (s=1)"
3,10-11,midline,2x12x24,17295,False,mid,,71,0.71,-8.21441364455502,1.0358596998025857,-3.295551030346806,,mm,,"deformed midwall line t=0.5, v=0, apex (s=0) to base (s=1)"
3,10-11,midline,2x12x24,17295,False,mid,,72,0.72,-8.266306159982639,1.0058741488452474,-3.019158801625307,,mm,,"deformed midwall line t=0.5, v=0, apex (s=0) to base (s=1)"
3,10-11,midline,2x12x24,17295,False,mid,,73,0.73,-8.31452554568985,0.9751774283414031,-2.7409069706614977,,mm,,"deformed midwall line t=0.5, v=0, apex (s=0) to base (s=1)"
3,10-11,midline,2x12x24,17295,False,mid,,74,0.74,-8.35905617569727,0.9437794856150283,-2.46089124946705,,mm,,"deformed midwall line t=0.5, v=0, apex (s=0) to base (s=1)"
3,10-11,midline,2x12x24,17295,False,mid,,75,0.75,-8.399884090293627,0.9116906489815548,-2.1792085064502054,,mm,,"deformed midwall line t=0.5, v=0, apex (s=0) to base (s=1)"
3,10-11,midline,2x12x24,17295,False,mid,,76,0.76,-8.436510195837243,0.8791332547059376,-1.896392516068684,,mm,,"deformed midwall line t=0.5, v=0, apex (s=0) to base (s=1)"
3,10-11,midline,2x12x24,17295,False,mid,,77,0.77,-8.469392231642178,0.8459608016379575,-1.6130790255966465,,mm,,"deformed midwall line t=0.5, v=0, apex (s=0) to base (s=1)"
3,10-11,midline,2x12x24,17295,False,mid,,78,0.78,-8.498517758339574,0.8121853650982404,-1.3293654266313373,,mm,,"deformed midwall line t=0.5, v=0, apex (s=0) to base (s=1)"
3,10-11,midline,2x12x24,17295,False,mid,,79,0.79,-8.523876081157182,0.7778186522641347,-1.045348936953093,,mm,,"deformed midwall line t=0.5, v=0, apex (s=0) to base (s=1)"
3,10-11,midline,2x12x24,17295,False,mid,,80,0.8,-8.545458286409938,0.742872253503343,-0.7611264776627289,,mm,,"deformed midwall line t=0.5, v=0, apex (s=0) to base (s=1)"
3,10-11,midline,2x12x24,17295,False,mid,,81,0.81,-8.563257225871947,0.7073578833200007,-0.47679459886127395,,mm,,"deformed midwall line t=0.5, v=0, apex (s=0) to base (s=1)"
3,10-11,midline,2x12x24,17295,False,mid,,82,0.82,-8.577267449724353,0.6712876100201632,-0.1924494534786324,,mm,,"deformed midwall line t=0.5, v=0, apex (s=0) to base (s=1)"
3,10-11,midline,2x12x24,17295,False,mid,,83,0.83,-8.587485089210539,0.634674073267782,0.09181318154993051,,mm,,"deformed midwall line t=0.5, v=0, apex (s=0) to base (s=1)"
3,10-11,midline,2x12x24,17295,False,mid,,84,0.84,-8.593359102275391,0.5975981555098149,0.377579021189736,,mm,,"deformed midwall line t=0.5, v=0, apex (s=0) to base (s=1)"
3,10-11,midline,2x12x24,17295,False,mid,,85,0.85,-8.595417510864399,0.5601242958964421,0.6628736258532504,,mm,,"deformed midwall line t=0.5, v=0, apex (s=0) to base (s=1)"
3,10-11,midline,2x12x24,17295,False,mid,,86,0.86,-8.593984811644024,0.5222485757250115,0.9465476443873203,,mm,,"deformed midwall line t=0.5, v=0, apex (s=0) to base (s=1)"
3,10-11,midline,2x12x24,17295,False,mid,,87,0.87,-8.589061321655146,0.48398368978746514,1.2285011215389932,,mm,,"deformed midwall line t=0.5, v=0, apex (s=0) to base (s=1)"
3,10-11,midline,2x12x24,17295,False,mid,,88,0.88,-8.580648654081239,0.4453423844539686,1.5086363968826142,,mm,,"deformed midwall line t=0.5, v=0, apex (s=0) to base (s=1)"
3,10-11,midline,2x12x24,17295,False,mid,,89,0.89,-8.568749732104225,0.4063376667564845,1.7868582450900672,,mm,,"deformed midwall line t=0.5, v=0, apex (s=0) to base (s=1)"
3,10-11,midline,2x12x24,17295,False,mid,,90,0.9,-8.55336870561157,0.36698298674758145,2.063073806400036,,mm,,"deformed midwall line t=0.5, v=0, apex (s=0) to base (s=1)"
3,10-11,midline,2x12x24,17295,False,mid,,91,0.91,-8.534510770520441,0.32729239216613737,2.337192306309616,,mm,,"deformed midwall line t=0.5, v=0, apex (s=0) to base (s=1)"
3,10-11,midline,2x12x24,17295,False,mid,,92,0.92,-8.512067954521196,0.28707718518671077,2.6075603238638863,,mm,,"deformed midwall line t=0.5, v=0, apex (s=0) to base (s=1)"
3,10-11,midline,2x12x24,17295,False,mid,,93,0.93,-8.485469461976763,0.2471024375181755,2.87939184299383,,mm,,"deformed midwall line t=0.5, v=0, apex (s=0) to base (s=1)"
3,10-11,midline,2x12x24,17295,False,mid,,94,0.94,-8.454719081936897,0.20826855469576427,3.1591789694113657,,mm,,"deformed midwall line t=0.5, v=0, apex (s=0) to base (s=1)"
3,10-11,midline,2x12x24,17295,False,mid,,95,0.95,-8.419825807926228,0.17059128787489206,3.4468475411453556,,mm,,"deformed midwall line t=0.5, v=0, apex (s=0) to base (s=1)"
3,10-11,midline,2x12x24,17295,False,mid,,96,0.96,-8.38080028789982,0.13408478986924366,3.742311716290733,,mm,,"deformed midwall line t=0.5, v=0, apex (s=0) to base (s=1)"
3,10-11,midline,2x12x24,17295,False,mid,,97,0.97,-8.337655182120473,0.09876179288302706,4.045474022778278,,mm,,"deformed midwall line t=0.5, v=0, apex (s=0) to base (s=1)"
3,10-11,midline,2x12x24,17295,False,mid,,98,0.98,-8.290405576254535,0.0646336603967674,4.356225351064505,,mm,,"deformed midwall line t=0.5, v=0, apex (s=0) to base (s=1)"
3,10-11,midline,2x12x24,17295,False,mid,,99,0.99,-8.239069449270783,0.03171030936074959,4.674444889144192,,mm,,"deformed midwall line t=0.5, v=0, apex (s=0) to base (s=1)"
3,10-11,midline,2x12x24,17295,False,mid,,100,1.0,-8.183668195120728,1.817139371223126e-15,5.0,,mm,,"deformed midwall line t=0.5, v=0, apex (s=0) to base (s=1)"
3,10-11,twist_peak_y,2x12x24,17295,False,mid,,,,,,,1.5086689749324305,mm,"1.3, 1.8",largest signed y of the deformed midwall line
3,12,strain,2x12x24,17295,False,endo,long,1,0.095,,,,-16.951119695812967,percent,,"pair of neighbouring stations along the layer, labelled by the first (s=parameter)"
3,12,strain,2x12x24,17295,False,endo,long,2,0.19,,,,-18.822876974848924,percent,,"pair of neighbouring stations along the layer, labelled by the first (s=parameter)"
3,12,strain,2x12x24,17295,False,endo,long,3,0.285,,,,-19.634635566504144,percent,,"pair of neighbouring stations along the layer, labelled by the first (s=parameter)"
3,12,strain,2x12x24,17295,False,endo,long,4,0.38,,,,-20.021492276417142,percent,,"pair of neighbouring stations along the layer, labelled by the first (s=parameter)"
3,12,strain,2x12x24,17295,False,endo,long,5,0.475,,,,-20.045011306589856,percent,,"pair of neighbouring stations along the layer, labelled by the first (s=parameter)"
3,12,strain,2x12x24,17295,False,endo,long,6,0.57,,,,-19.830860624026414,percent,,"pair of neighbouring stations along the layer, labelled by the first (s=parameter)"
3,12,strain,2x12x24,17295,False,endo,long,7,0.6649999999999999,,,,-19.497422641310013,percent,,"pair of neighbouring stations along the layer, labelled by the first (s=parameter)"
3,12,strain,2x12x24,17295,False,endo,long,8,0.76,,,,-18.887190800936494,percent,,"pair of neighbouring stations along the layer, labelled by the first (s=parameter)"
3,12,strain,2x12x24,17295,False,endo,long,9,0.8549999999999999,,,,-16.34410328102558,percent,,"pair of neighbouring stations along the layer, labelled by the first (s=parameter)"
3,12,strain,2x12x24,17295,False,endo,circ,1,0.095,,,,-14.598020539991408,percent,,station paired with its image rotated by pi/10 about the axis
3,12,strain,2x12x24,17295,False,endo,circ,2,0.19,,,,-14.084413782379535,percent,,station paired with its image rotated by pi/10 about the axis
3,12,strain,2x12x24,17295,False,endo,circ,3,0.285,,,,-12.103449077769945,percent,,station paired with its image rotated by pi/10 about the axis
3,12,strain,2x12x24,17295,False,endo,circ,4,0.38,,,,-9.651519535673014,percent,,station paired with its image rotated by pi/10 about the axis
3,12,strain,2x12x24,17295,False,endo,circ,5,0.475,,,,-7.069346051736791,percent,,station paired with its image rotated by pi/10 about the axis
3,12,strain,2x12x24,17295,False,endo,circ,6,0.57,,,,-4.677529896561405,percent,,station paired with its image rotated by pi/10 about the axis
3,12,strain,2x12x24,17295,False,endo,circ,7,0.6649999999999999,,,,-2.825618658909712,percent,,station paired with its image rotated by pi/10 about the axis
3,12,strain,2x12x24,17295,False,endo,circ,8,0.76,,,,-1.9164842312614505,percent,,station paired with its image rotated by pi/10 about the axis
3,12,strain,2x12x24,17295,False,endo,circ,9,0.8549999999999999,,,,-2.190632961270189,percent,,station paired with its image rotated by pi/10 about the axis
3,12,strain,2x12x24,17295,False,endo,circ,10,0.95,,,,-2.3499152810941615,percent,,station paired with its image rotated by pi/10 about the axis
3,12,strain,2x12x24,17295,False,mid,long,1,0.095,,,,-9.612649765334336,percent,,"pair of neighbouring stations along the layer, labelled by the first (s=parameter)"
3,12,strain,2x12x24,17295,False,mid,long,2,0.19,,,,-10.963811166023884,percent,,"pair of neighbouring stations along the layer, labelled by the first (s=parameter)"
3,12,strain,2x12x24,17295,False,mid,long,3,0.285,,,,-13.641344531596932,percent,,"pair of neighbouring stations along the layer, labelled by the first (s=parameter)"
3,12,strain,2x12x24,17295,False,mid,long,4,0.38,,,,-15.31070625434755,percent,,"pair of neighbouring stations along the layer, labelled by the first (s=parameter)"
3,12,strain,2x12x24,17295,False,mid,long,5,0.475,,,,-15.787604534655353,percent,,"pair of neighbouring stations along the layer, labelled by the first (s=parameter)"
3,12,strain,2x12x24,17295,False,mid,long,6,0.57,,,,-15.503254584384596,percent,,"pair of neighbouring stations along the layer, labelled by the first (s=parameter)"
3,12,strain,2x12x24,17295,False,mid,long,7,0.6649999999999999,,,,-15.036947139429103,percent,,"pair of neighbouring stations along the layer, labelled by the first (s=parameter)"
3,12,strain,2x12x24,17295,False,mid,long,8,0.76,,,,-15.548760123484328,percent,,"pair of neighbouring stations along the layer, labelled by the first (s=parameter)"
3,12,strain,2x12x24,17295,False,mid,long,9,0.8549999999999999,,,,-17.13194344962932,percent,,"pair of neighbouring stations along the layer, labelled by the first (s=parameter)"
3,12,strain,2x12x24,17295,False,mid,circ,1,0.095,,,,-15.749090392524224,percent,,station paired with its image rotated by pi/10 about the axis
3,12,strain,2x12x24,17295,False,mid,circ,2,0.19,,,,-12.26703058491847,percent,,station paired with its image rotated by pi/10 about the axis
3,12,strain,2x12x24,17295,False,mid,circ,3,0.285,,,,-8.95281358089861,percent,,station paired with its image rotated by pi/10 about the axis
3,12,strain,2x12x24,17295,False,mid,circ,4,0.38,,,,-6.166691027482829,percent,,station paired with its image rotated by pi/10 about the axis
3,12,strain,2x12x24,17295,False,mid,circ,5,0.475,,,,-3.692177125398566,percent,,station paired with its image rotated by pi/10 about the axis
3,12,strain,2x12x24,17295,False,mid,circ,6,0.57,,,,-1.4955526702869704,percent,,station paired with its image rotated by pi/10 about the axis
3,12,strain,2x12x24,17295,False,mid,circ,7,0.6649999999999999,,,,0.2403035999402281,percent,,station paired with its image rotated by pi/10 about the axis
3,12,strain,2x12x24,17295,False,mid,circ,8,0.76,,,,1.232556106884486,percent,,station paired with its image rotated by pi/10 about the axis
3,12,strain,2x12x24,17295,False,mid,circ,9,0.8549999999999999,,,,1.3214913418888807,percent,,station paired with its image rotated by pi/10 about the axis
3,12,strain,2x12x24,17295,False,mid,circ,10,0.95,,,,0.730851419637224,percent,,station paired with its image rotated by pi/10 about the axis
3,12,strain,2x12x24,17295,False,epi,long,1,0.095,,,,-4.892012380005184,percent,,"pair of neighbouring stations along the layer, labelled by the first (s=parameter)"
3,12,strain,2x12x24,17295,False,epi,long,2,0.19,,,,-11.09989904710339,percent,,"pair of neighbouring stations along the layer, labelled by the first (s=parameter)"
3,12,strain,2x12x24,17295,False,epi,long,3,0.285,,,,-12.722968545443136,percent,,"pair of neighbouring stations along the layer, labelled by the first (s=parameter)"
3,12,strain,2x12x24,17295,False,epi,long,4,0.38,,,,-13.561826203249371,percent,,"pair of neighbouring stations along the layer, labelled by the first (s=parameter)"
3,12,strain,2x12x24,17295,False,epi,long,5,0.475,,,,-13.973100389879733,percent,,"pair of neighbouring stations along the layer, labelled by the first (s=parameter)"
3,12,strain,2x12x24,17295,False,epi,long,6,0.57,,,,-14.116263391294314,percent,,"pair of neighbouring stations along the layer, labelled by the first (s=parameter)"
3,12,strain,2x12x24,17295,False,epi,long,7,0.6649999999999999,,,,-14.217899331429972,percent,,"pair of neighbouring stations along the layer, labelled by the first (s=parameter)"
3,12,strain,2x12x24,17295,False,epi,long,8,0.76,,,,-14.419840319898158,percent,,"pair of neighbouring stations along the layer, labelled by the first (s=parameter)"
3,12,strain,2x12x24,17295,False,epi,long,9,0.8549999999999999,,,,-13.803369936064003,percent,,"pair of neighbouring stations along the layer, labelled by the first (s=parameter)"
3,12,strain,2x12x24,17295,False,epi,circ,1,0.095,,,,17.07617654149618,percent,,station paired with its image rotated by pi/10 about the axis
3,12,strain,2x12x24,17295,False,epi,circ,2,0.19,,,,4.016403808634905,percent,,station paired with its image rotated by pi/10 about the axis
3,12,strain,2x12x24,17295,False,epi,circ,3,0.285,,,,-0.2591842869899996,percent,,station paired with its image rotated by pi/10 about the axis
3,12,strain,2x12x24,17295,False,epi,circ,4,0.38,,,,-0.726563899816568,percent,,station paired with its image rotated by pi/10 about the axis
3,12,strain,2x12x24,17295,False,epi,circ,5,0.475,,,,0.1279024346831248,percent,,station paired with its image rotated by pi/10 about the axis
3,12,strain,2x12x24,17295,False,epi,circ,6,0.57,,,,1.3275768469506177,percent,,station paired with its image rotated by pi/10 about the axis
3,12,strain,2x12x24,17295,False,epi,circ,7,0.6649999999999999,,,,2.3979723478959603,percent,,station paired with its image rotated by pi/10 about the axis
3,12,strain,2x12x24,17295,False,epi,circ,8,0.76,,,,3.066075981347627,percent,,station paired with its image rotated by pi/10 about the axis
3,12,strain,2x12x24,17295,False,epi,circ,9,0.8549999999999999,,,,3.2683803864066885,percent,,station paired with its image rotated by pi/10 about the axis
3,12,strain,2x12x24,17295,False,epi,circ,10,0.95,,,,2.5701384336083155,percent,,station paired with its image rotated by pi/10 about the axis
3,12,strain,2x12x24,17295,False,endo,trans,1,0.095,,,,48.51693484305171,percent,,"across the wall: endo-mid at endo, mid-epi at epi, endo-epi at midwall"
3,12,strain,2x12x24,17295,False,endo,trans,2,0.19,,,,39.93117915258602,percent,,"across the wall: endo-mid at endo, mid-epi at epi, endo-epi at midwall"
3,12,strain,2x12x24,17295,False,endo,trans,3,0.285,,,,34.07398932091004,percent,,"across the wall: endo-mid at endo, mid-epi at epi, endo-epi at midwall"
3,12,strain,2x12x24,17295,False,endo,trans,4,0.38,,,,30.419201973655397,percent,,"across the wall: endo-mid at endo, mid-epi at epi, endo-epi at midwall"
3,12,strain,2x12x24,17295,False,endo,trans,5,0.475,,,,27.382514229907827,percent,,"across the wall: endo-mid at endo, mid-epi at epi, endo-epi at midwall"
3,12,strain,2x12x24,17295,False,endo,trans,6,0.57,,,,24.368776487889974,percent,,"across the wall: endo-mid at endo, mid-epi at epi, endo-epi at midwall"
3,12,strain,2x12x24,17295,False,endo,trans,7,0.6649999999999999,,,,21.521779950006792,percent,,"across the wall: endo-mid at endo, mid-epi at epi, endo-epi at midwall"
3,12,strain,2x12x24,17295,False,endo,trans,8,0.76,,,,19.985804066966928,percent,,"across the wall: endo-mid at endo, mid-epi at epi, endo-epi at midwall"
3,12,strain,2x12x24,17295,False,endo,trans,9,0.8549999999999999,,,,21.535492652787024,percent,,"across the wall: endo-mid at endo, mid-epi at epi, endo-epi at midwall"
3,12,strain,2x12x24,17295,False,endo,trans,10,0.95,,,,19.388454325095683,percent,,"across the wall: endo-mid at endo, mid-epi at epi, endo-epi at midwall"
3,12,strain,2x12x24,17295,False,epi,trans,1,0.095,,,,13.791756707314695,percent,,"across the wall: endo-mid at endo, mid-epi at epi, endo-epi at midwall"
3,12,strain,2x12x24,17295,False,epi,trans,2,0.19,,,,20.0279805055684,percent,,"across the wall: endo-mid at endo, mid-epi at epi, endo-epi at midwall"
3,12,strain,2x12x24,17295,False,epi,trans,3,0.285,,,,17.832894401930478,percent,,"across the wall: endo-mid at endo, mid-epi at epi, endo-epi at midwall"
3,12,strain,2x12x24,17295,False,epi,trans,4,0.38,,,,16.058845195132875,percent,,"across the wall: endo-mid at endo, mid-epi at epi, endo-epi at midwall"
3,12,strain,2x12x24,17295,False,epi,trans,5,0.475,,,,14.690572419344793,percent,,"across the wall: endo-mid at endo, mid-epi at epi, endo-epi at midwall"
3,12,strain,2x12x24,17295,False,epi,trans,6,0.57,,,,13.51750679305772,percent,,"across the wall: endo-mid at endo, mid-epi at epi, endo-epi at midwall"
3,12,strain,2x12x24,17295,False,epi,trans,7,0.6649999999999999,,,,12.854009512911624,percent,,"across the wall: endo-mid at endo, mid-epi at epi, endo-epi at midwall"
3,12,strain,2x12x24,17295,False,epi,trans,8,0.76,,,,13.411052511482225,percent,,"across the wall: endo-mid at endo, mid-epi at epi, endo-epi at midwall"
3,12,strain,2x12x24,17295,False,epi,trans,9,0.8549999999999999,,,,15.646594553950145,percent,,"across the wall: endo-mid at endo, mid-epi at epi, endo-epi at midwall"
3,12,strain,2x12x24,17295,False,epi,trans,10,0.95,,,,14.942002302635448,percent,,"across the wall: endo-mid at endo, mid-epi at epi, endo-epi at midwall"
3,12,strain,2x12x24,17295,False,mid,trans,1,0.095,,,,28.797546091244897,percent,,"across the wall: endo-mid at endo, mid-epi at epi, endo-epi at midwall"
3,12,strain,2x12x24,17295,False,mid,trans,2,0.19,,,,27.64467054771671,percent,,"across the wall: endo-mid at endo, mid-epi at epi, endo-epi at midwall"
3,12,strain,2x12x24,17295,False,mid,trans,3,0.285,,,,24.53555395581497,percent,,"across the wall: endo-mid at endo, mid-epi at epi, endo-epi at midwall"
3,12,strain,2x12x24,17295,False,mid,trans,4,0.38,,,,22.355077781270772,percent,,"across the wall: endo-mid at endo, mid-epi at epi, endo-epi at midwall"
3,12,strain,2x12x24,17295,False,mid,trans,5,0.475,,,,20.411728673717366,percent,,"across the wall: endo-mid at endo, mid-epi at epi, endo-epi at midwall"
3,12,strain,2x12x24,17295,False,mid,trans,6,0.57,,,,18.50047181319607,percent,,"across the wall: endo-mid at endo, mid-epi at epi, endo-epi at midwall"
3,12,strain,2x12x24,17295,False,mid,trans,7,0.6649999999999999,,,,16.94660536562287,percent,,"across the wall: endo-mid at endo, mid-epi at epi, endo-epi at midwall"
3,12,strain,2x12x24,17295,False,mid,trans,8,0.76,,,,16.64008819607261,percent,,"across the wall: endo-mid at endo, mid-epi at epi, endo-epi at midwall"
3,12,strain,2x12x24,17295,False,mid,trans,9,0.8549999999999999,,,,18.58045800611423,percent,,"across the wall: endo-mid at endo, mid-epi at epi, endo-epi at midwall"
3,12,strain,2x12x24,17295,False,mid,trans,10,0.95,,,,16.92609115396204,percent,,"across the wall: endo-mid at endo, mid-epi at epi, endo-epi at midwall"
3,9,apex_z,3x16x32,43029,False,endo,,,,,,,-12.279047446656463,mm,-12.347,deformed z of the apex on this surface
3,9,apex_z,3x16x32,43029,False,epi,,,,,,,-15.50082472144259,mm,-15.452,deformed z of the apex on this surface
3,10-11,midline,3x16x32,43029,False,mid,,0,0.0,-1.459097761979142e-10,9.796206439214131e-11,-14.209985123934052,,mm,,"deformed midwall line t=0.5, v=0, apex (s=0) to base (s=1)"
3,10-11,midline,3x16x32,43029,False,mid,,1,0.01,-0.08927682023493543,0.07890606290216445,-14.2118163364026,,mm,,"deformed midwall line t=0.5, v=0, apex (s=0) to base (s=1)"
3,10-11,midline,3x16x32,43029,False,mid,,2,0.02,-0.18385603018367178,0.15437060031382135,-14.207653762527897,,mm,,"deformed midwall line t=0.5, v=0, apex (s=0) to base (s=1)"
3,10-11,midline,3x16x32,43029,False,mid,,3,0.03,-0.2837137781355,0.22636272385542044,-14.197505839144217,,mm,,"deformed midwall line t=0.5, v=0, apex (s=0) to base (s=1)"
3,10-11,midline,3x16x32,43029,False,mid,,4,0.04,-0.3888177914889851,0.29485798213360975,-14.181378050545868,,mm,,"deformed midwall line t=0.5, v=0, apex (s=0) to base (s=1)"
3,10-11,midline,3x16x32,43029,False,mid,,5,0.05,-0.4991307803155428,0.35983417430375875,-14.159274026644486,,mm,,"deformed midwall line t=0.5, v=0, apex (s=0) to base (s=1)"
3,10-11,midline,3x16x32,43029,False,mid,,6,0.06,-0.6146107024904557,0.4212691731956598,-14.131197426231472,,mm,,"deformed midwall line t=0.5, v=0, apex (s=0) to base (s=1)"
3,10-11,midline,3x16x32,43029,False,mid,,7,0.07,-0.7334957130562556,0.49079545780501876,-14.090398068469455,,mm,,"deformed midwall line t=0.5, v=0, apex (s=0) to base (s=1)"
3,10-11,midline,3x16x32,43029,False,mid,,8,0.08,-0.8550445352214223,0.5601766707618595,-14.04397995641473,,mm,,"deformed midwall line t=0.5, v=0, apex (s=0) to base (s=1)"
3,10-11,midline,3x16x32,43029,False,mid,,9,0.09,-0.9795266979586515,0.6254403465367311,-13.994589643754786,,mm,,"deformed midwall line t=0.5, v=0, apex (s=0) to base (s=1)"
3,10-11,midline,3x16x32,43029,False,mid,,10,0.1,-1.106901723473713,0.6865644427311193,-13.942248215989885,,mm,,"deformed midwall line t=0.5, v=0, apex (s=0) to base (s=1)"
3,10-11,midline,3x16x32,43029,False,mid,,11,0.11,-1.2371262606261455,0.743528252611708,-13.88697260187482,,mm,,"deformed midwall line t=0.5, v=0, apex (s=0) to base (s=1)"
3,10-11,midline,3x16x32,43029,False,mid,,12,0.12,-1.370153435899312,0.7963121708333858,-13.828776318952833,,mm,,"deformed midwall line t=0.5, v=0, apex (s=0) to base (s=1)"
3,10-11,midline,3x16x32,43029,False,mid,,13,0.13,-1.5040513147597319,0.846719238329237,-13.763545181595761,,mm,,"deformed midwall line t=0.5, v=0, apex (s=0) to base (s=1)"
3,10-11,midline,3x16x32,43029,False,mid,,14,0.14,-1.63781755725838,0.8962696056654615,-13.69101057950828,,mm,,"deformed midwall line t=0.5, v=0, apex (s=0) to base (s=1)"
3,10-11,midline,3x16x32,43029,False,mid,,15,0.15,-1.7729719613573793,0.94364142283197,-13.615234009727025,,mm,,"deformed midwall line t=0.5, v=0, apex (s=0) to base (s=1)"
3,10-11,midline,3x16x32,43029,False,mid,,16,0.16,-1.9094700719394484,0.9888209608717732,-13.536245567081847,,mm,,"deformed midwall line t=0.5, v=0, apex (s=0) to base (s=1)"
3,10-11,midline,3x16x32,43029,False,mid,,17,0.17,-2.0472657783607566,1.0317930040194718,-13.454072412620894,,mm,,"deformed midwall line t=0.5, v=0, apex (s=0) to base (s=1)"
3,10-11,midline,3x16x32,43029,False,mid,,18,0.18,-2.18631090989259,1.0725411301166972,-13.368739265246699,,mm,,"deformed midwall line t=0.5, v=0, apex (s=0) to base (s=1)"
3,10-11,midline,3x16x32,43029,False,mid,,19,0.19,-2.326165190345493,1.1110069211201603,-13.279457596082965,,mm,,"deformed midwall line t=0.5, v=0, apex (s=0) to base (s=1)"
3,10-11,midline,3x16x32,43029,False,mid,,20,0.2,-2.4654655340754337,1.1473511847049933,-13.184180968269601,,mm,,"deformed midwall line t=0.5, v=0, apex (s=0) to base (s=1)"
3,10-11,midline,3x16x32,43029,False,mid,,21,0.21,-2.6050153556481517,1.1818445577091128,-13.08511008642541,,mm,,"deformed midwall line t=0.5, v=0, apex (s=0) to base (s=1)"
3,10-11,midline,3x16x32,43029,False,mid,,22,0.22,-2.744768294780231,1.2144782315308076,-12.982282326553012,,mm,,"deformed midwall line t=0.5, v=0, apex (s=0) to base (s=1)"
3,10-11,midline,3x16x32,43029,False,mid,,23,0.23,-2.88467722689257,1.2452417133244302,-12.875733540191199,,mm,,"deformed midwall line t=0.5, v=0, apex (s=0) to base (s=1)"
3,10-11,midline,3x16x32,43029,False,mid,,24,0.24,-3.0246940096516806,1.2741232418694532,-12.765498340111558,,mm,,"deformed midwall line t=0.5, v=0, apex (s=0) to base (s=1)"
3,10-11,midline,3x16x32,43029,False,mid,,25,0.25,-3.164769340633365,1.3011102504793026,-12.651610339601485,,mm,,"deformed midwall line t=0.5, v=0, apex (s=0) to base (s=1)"
3,10-11,midline,3x16x32,43029,False,mid,,26,0.26,-3.304169807951264,1.326182768135709,-12.53276574614759,,mm,,"deformed midwall line t=0.5, v=0, apex (s=0) to base (s=1)"
3,10-11,midline,3x16x32,43029,False,mid,,27,0.27,-3.4432332557756284,1.3495897322629942,-12.409934468730839,,mm,,"deformed midwall line t=0.5, v=0, apex (s=0) to base (s=1)"
3,10-11,midline,3x16x32,43029,False,mid,,28,0.28,-3.581913566248026,1.3713262768824466,-12.28316148588741,,mm,,"deformed midwall line t=0.5, v=0, apex (s=0) to base (s=1)"
3,10-11,midline,3x16x32,43029,False,mid,,29,0.29,-3.7201641091029494,1.3913859832933035,-12.152491041170915,,mm,,"deformed midwall line t=0.5, v=0, apex (s=0) to base (s=1)"
3,10-11,midline,3x16x32,43029,False,mid,,30,0.3,-3.857937578650672,1.4097612851333094,-12.01796683859455,,mm,,"deformed midwall line t=0.5, v=0, apex (s=0) to base (s=1)"
3,10-11,midline,3x16x32,43029,False,mid,,31,0.31,-3.9951858870646637,1.4264438659630578,-11.879632228481452,,mm,,"deformed midwall line t=0.5, v=0, apex (s=0) to base (s=1)"
3,10-11,midline,3x16x32,43029,False,mid,,32,0.32,-4.131693221405067,1.441469740005965,-11.737023050298498,,mm,,"deformed midwall line t=0.5, v=0, apex (s=0) to base (s=1)"
3,10-11,midline,3x16x32,43029,False,mid,,33,0.33,-4.267428675172157,1.4549902697739914,-11.590254218682606,,mm,,"deformed midwall line t=0.5, v=0, apex (s=0) to base (s=1)"
3,10-11,midline,3x16x32,43029,False,mid,,34,0.34,-4.40238949963508,1.4670155347532194,-11.439508572586831,,mm,,"deformed midwall line t=0.5, v=0, apex (s=0) to base (s=1)"
3,10-11,midline,3x16x32,43029,False,mid,,35,0.35,-4.536530530841548,1.477542695223593,-11.284838529748901,,mm,,"deformed midwall line t=0.5, v=0, apex (s=0) to base (s=1)"
3,10-11,midline,3x16x32,43029,False,mid,,36,0.36,-4.669806056705515,1.4865678725837816,-11.126296484800111,,mm,,"deformed midwall line t=0.5, v=0, apex (s=0) to base (s=1)"
3,10-11,midline,3x16x32,43029,False,mid,,37,0.37,-4.802169752219603,1.4940864855845457,-10.963934966495131,,mm,,"deformed midwall line t=0.5, v=0, apex (s=0) to base (s=1)"
3,10-11,midline,3x16x32,43029,False,mid,,38,0.38,-4.933540373618667,1.5001145912385385,-10.797570157521072,,mm,,"deformed midwall line t=0.5, v=0, apex (s=0) to base (s=1)"
3,10-11,midline,3x16x32,43029,False,mid,,39,0.39,-5.063782383882273,1.5047716702105582,-10.627040908808477,,mm,,"deformed midwall line t=0.5, v=0, apex (s=0) to base (s=1)"
3,10-11,midline,3x16x32,43029,False,mid,,40,0.4,-5.192857163805062,1.5080784926124222,-10.452571308654454,,mm,,"deformed midwall line t=0.5, v=0, apex (s=0) to base (s=1)"
3,10-11,midline,3x16x32,43029,False,mid,,41,0.41,-5.320721702114158,1.5100353640482373,-10.27422164551925,,mm,,"deformed midwall line t=0.5, v=0, apex (s=0) to base (s=1)"
3,10-11,midline,3x16x32,43029,False,mid,,42,0.42,-5.447332618268865,1.5106416683033528,-10.092052638295282,,mm,,"deformed midwall line t=0.5, v=0, apex (s=0) to base (s=1)"
3,10-11,midline,3x16x32,43029,False,mid,,43,0.43,-5.572646127612105,1.5098961524637808,-9.906125568879178,,mm,,"deformed midwall line t=0.5, v=0, apex (s=0) to base (s=1)"
3,10-11,midline,3x16x32,43029,False,mid,,44,0.44,-5.69660510734435,1.5077997271599215,-9.716407289552105,,mm,,"deformed midwall line t=0.5, v=0, apex (s=0) to base (s=1)"
3,10-11,midline,3x16x32,43029,False,mid,,45,0.45,-5.819020897405474,1.5044365748380673,-9.522613601651274,,mm,,"deformed midwall line t=0.5, v=0, apex (s=0) to base (s=1)"
3,10-11,midline,3x16x32,43029,False,mid,,46,0.46,-5.9398200095771525,1.499850125557816,-9.325002043476092,,mm,,"deformed midwall line t=0.5, v=0, apex (s=0) to base (s=1)"
3,10-11,midline,3x16x32,43029,False,mid,,47,0.47,-6.058962236972836,1.4940434664805085,-9.123640412564786,,mm,,"deformed midwall line t=0.5, v=0, apex (s=0) to base (s=1)"
3,10-11,midline,3x16x32,43029,False,mid,,48,0.48,-6.176407304009128,1.487018877861486,-8.918597307188067,,mm,,"deformed midwall line t=0.5, v=0, apex (s=0) to base (s=1)"
3,10-11,midline,3x16x32,43029,False,mid,,49,0.49,-6.292114847417327,1.4787780803426844,-8.709942236405608,,mm,,"deformed midwall line t=0.5, v=0, apex (s=0) to base (s=1)"
3,10-11,midline,3x16x32,43029,False,mid,,50,0.5,-6.406044411426885,1.4693224745209925,-8.497745726327853,,mm,,"deformed midwall line t=0.5, v=0, apex (s=0) to base (s=1)"
3,10-11,midline,3x16x32,43029,False,mid,,51,0.51,-6.5179581092222385,1.4586900522057096,-8.281660574124592,,mm,,"deformed midwall line t=0.5, v=0, apex (s=0) to base (s=1)"
3,10-11,midline,3x16x32,43029,False,mid,,52,0.52,-6.627757462978293,1.44695730868574,-8.06198563298566,,mm,,"deformed midwall line t=0.5, v=0, apex (s=0) to base (s=1)"
3,10-11,midline,3x16x32,43029,False,mid,,53,0.53,-6.7354057839353185,1.434129790542451,-7.838795759434486,,mm,,"deformed midwall line t=0.5, v=0, apex (s=0) to base (s=1)"
3,10-11,midline,3x16x32,43029,False,mid,,54,0.54,-6.840866718449908,1.4202123397673645,-7.612166867831705,,mm,,"deformed midwall line t=0.5, v=0, apex (s=0) to base (s=1)"
3,10-11,midline,3x16x32,43029,False,mid,,55,0.55,-6.944104235567106,1.405209316314863,-7.382176021083925,,mm,,"deformed midwall line t=0.5, v=0, apex (s=0) to base (s=1)"
3,10-11,midline,3x16x32,43029,False,mid,,56,0.56,-7.045082623585751,1.3891248192793868,-7.148901514452884,,mm,,"deformed midwall line t=0.5, v=0, apex (s=0) to base (s=1)"
3,10-11,midline,3x16x32,43029,False,mid,,57,0.57,-7.1435900903354,1.3719713714174258,-6.912155513428096,,mm,,"deformed midwall line t=0.5, v=0, apex (s=0) to base (s=1)"
3,10-11,midline,3x16x32,43029,False,mid,,58,0.58,-7.239441951441906,1.3538349036510913,-6.6720979681383765,,mm,,"deformed midwall line t=0.5, v=0, apex (s=0) to base (s=1)"
3,10-11,midline,3x16x32,43029,False,mid,,59,0.59,-7.332626273863526,1.33473243678054,-6.428885267088364,,mm,,"deformed midwall line t=0.5, v=0, apex (s=0) to base (s=1)"
3,10-11,midline,3x16x32,43029,False,mid,,60,0.6,-7.423111470246939,1.3146710447686594,-6.182599945337934,,mm,,"deformed midwall line t=0.5, v=0, apex (s=0) to base (s=1)"
3,10-11,midline,3x16x32,43029,False,mid,,61,0.61,-7.510866747485538,1.2936573944502066,-5.933325784628796,,mm,,"deformed midwall line t=0.5, v=0, apex (s=0) to base (s=1)"
3,10-11,midline,3x16x32,43029,False,mid,,62,0.62,-7.595862100688069,1.271697958561913,-5.681147878229024,,mm,,"deformed midwall line t=0.5, v=0, apex (s=0) to base (s=1)"
3,10-11,midline,3x16x32,43029,False,mid,,63,0.63,-7.6779241141059416,1.2487959077466144,-5.4259844236381705,,mm,,"deformed midwall line t=0.5, v=0, apex (s=0) to base (s=1)"
3,10-11,midline,3x16x32,43029,False,mid,,64,0.64,-7.756783797933569,1.225025472379723,-5.167936026647675,,mm,,"deformed midwall line t=0.5, v=0, apex (s=0) to base (s=1)"
3,10-11,midline,3x16x32,43029,False,mid,,65,0.65,-7.832477908849507,1.2004214634477393,-4.90726275130566,,mm,,"deformed midwall line t=0.5, v=0, apex (s=0) to base (s=1)"
3,10-11,midline,3x16x32,43029,False,mid,,66,0.66,-7.904980492248013,1.1749928435359787,-4.64405293396032,,mm,,"deformed midwall line t=0.5, v=0, apex (s=0) to base (s=1)"
3,10-11,midline,3x16x32,43029,False,mid,,67,0.67,-7.974266867965753,1.148748246018479,-4.378396049235013,,mm,,"deformed midwall line t=0.5, v=0, apex (s=0) to base (s=1)"
3,10-11,midline,3x16x32,43029,False,mid,,68,0.68,-8.040313618841713,1.1216961877452782,-4.110382759121213,,mm,,"deformed midwall line t=0.5, v=0, apex (s=0) to base (s=1)"
3,10-11,midline,3x16x32,43029,False,mid,,69,0.69,-8.102984059460685,1.0938392012223916,-3.840017256336185,,mm,,"deformed midwall line t=0.5, v=0, apex (s=0) to base (s=1)"
3,10-11,midline,3x16x32,43029,False,mid,,70,0.7,-8.161870640399254,1.0652208260720282,-3.5673685084009734,,mm,,"deformed midwall line t=0.5, v=0, apex (s=0) to base (s=1)"
3,10-11,midline,3x16x32,43029,False,mid,,71,0.71,-8.217201714934241,1.035897780298856,-3.2928832437546807,,mm,,"deformed midwall line t=0.5, v=0, apex (s=0) to base (s=1)"
3,10-11,midline,3x16x32,43029,False,mid,,72,0.72,-8.26895788798903,1.0058805488536127,-3.016654655430728,,mm,,"deformed midwall line t=0.5, v=0, apex (s=0) to base (s=1)"
3,10-11,midline,3x16x32,43029,False,mid,,73,0.73,-8.317121408928475,0.9751793831010824,-2.738776635065059,,mm,,"deformed midwall line t=0.5, v=0, apex (s=0) to base (s=1)"
3,10-11,midline,3x16x32,43029,False,mid,,74,0.74,-8.361676150511983,0.9438045168186917,-2.4593438076557232,,mm,,"deformed midwall line t=0.5, v=0, apex (s=0) to base (s=1)"
3,10-11,midline,3x16x32,43029,False,mid,,75,0.75,-8.402607581751132,0.9117663852677946,-2.1784515611278805,,mm,,"deformed midwall line t=0.5, v=0, apex (s=0) to base (s=1)"
3,10-11,midline,3x16x32,43029,False,mid,,76,0.76,-8.439038624751907,0.8790487174224549,-1.8962200418004354,,mm,,"deformed midwall line t=0.5, v=0, apex (s=0) to base (s=1)"
3,10-11,midline,3x16x32,43029,False,mid,,77,0.77,-8.471774712463061,0.845744756882538,-1.613240201345144,,mm,,"deformed midwall line t=0.5, v=0, apex (s=0) to base (s=1)"
3,10-11,midline,3x16x32,43029,False,mid,,78,0.78,-8.500804011244579,0.811866136239759,-1.3296088397783095,,mm,,"deformed midwall line t=0.5, v=0, apex (s=0) to base (s=1)"
3,10-11,midline,3x16x32,43029,False,mid,,79,0.79,-8.52611640154785,0.7774243802427226,-1.045422624423405,,mm,,"deformed midwall line t=0.5, v=0, apex (s=0) to base (s=1)"
3,10-11,midline,3x16x32,43029,False,mid,,80,0.8,-8.547703437057512,0.7424311214029704,-0.7607781063691766,,mm,,"deformed midwall line t=0.5, v=0, apex (s=0) to base (s=1)"
3,10-11,midline,3x16x32,43029,False,mid,,81,0.81,-8.565558298927472,0.7068983096132477,-0.47577174791527144,,mm,,"deformed midwall line t=0.5, v=0, apex (s=0) to base (s=1)"
3,10-11,midline,3x16x32,43029,False,mid,,82,0.82,-8.578971554585802,0.670757963980648,-0.19098208774347414,,mm,,"deformed midwall line t=0.5, v=0, apex (s=0) to base (s=1)"
3,10-11,midline,3x16x32,43029,False,mid,,83,0.83,-8.58851966437814,0.6341392610265938,0.09338165272554258,,mm,,"deformed midwall line t=0.5, v=0, apex (s=0) to base (s=1)"
3,10-11,midline,3x16x32,43029,False,mid,,84,0.84,-8.594449587952393,0.5970904939053223,0.377320168697886,,mm,,"deformed midwall line t=0.5, v=0, apex (s=0) to base (s=1)"
3,10-11,midline,3x16x32,43029,False,mid,,85,0.85,-8.596759134488153,0.5596241591461233,0.6607362124087537,,mm,,"deformed midwall line t=0.5, v=0, apex (s=0) to base (s=1)"
3,10-11,midline,3x16x32,43029,False,mid,,86,0.86,-8.595447564859269,0.5217529516185297,0.9435334774614836,,mm,,"deformed midwall line t=0.5, v=0, apex (s=0) to base (s=1)"
3,10-11,midline,3x16x32,43029,False,mid,,87,0.87,-8.590515531327828,0.48348994704896187,1.2256165789248092,,mm,,"deformed midwall line t=0.5, v=0, apex (s=0) to base (s=1)"
3,10-11,midline,3x16x32,43029,False,mid,,88,0.88,-8.582837054818938,0.44467870036802737,1.5067673372950627,,mm,,"deformed midwall line t=0.5, v=0, apex (s=0) to base (s=1)"
3,10-11,midline,3x16x32,43029,False,mid,,89,0.89,-8.571678799583768,0.40550903243972514,1.7871501808425816,,mm,,"deformed midwall line t=0.5, v=0, apex (s=0) to base (s=1)"
3,10-11,midline,3x16x32,43029,False,mid,,90,0.9,-8.555925215083679,0.3662231030929194,2.0668791992566478,,mm,,"deformed midwall line t=0.5, v=0, apex (s=0) to base (s=1)"
3,10-11,midline,3x16x32,43029,False,mid,,91,0.91,-8.535580360063667,0.3268342081890593,2.345858840688689,,mm,,"deformed midwall line t=0.5, v=0, apex (s=0) to base (s=1)"
3,10-11,midline,3x16x32,43029,False,mid,,92,0.92,-8.510651013861311,0.2873556846822569,2.623994161375329,,mm,,"deformed midwall line t=0.5, v=0, apex (s=0) to base (s=1)"
3,10-11,midline,3x16x32,43029,False,mid,,93,0.93,-8.481146666939999,0.2478010513972616,2.901190839063515,,mm,,"deformed midwall line t=0.5, v=0, apex (s=0) to base (s=1)"
3,10-11,midline,3x16x32,43029,False,mid,,94,0.94,-8.448936683594198,0.20821289877138657,3.1777512143941506,,mm,,"deformed midwall line t=0.5, v=0, apex (s=0) to base (s=1)"
3,10-11,midline,3x16x32,43029,False,mid,,95,0.95,-8.417405933486817,0.16963999096390717,3.460457486225065,,mm,,"deformed midwall line t=0.5, v=0, apex (s=0) to base (s=1)"
3,10-11,midline,3x16x32,43029,False,mid,,96,0.96,-8.380786099367374,0.13259795656707554,3.7516913996554266,,mm,,"deformed midwall line t=0.5, v=0, apex (s=0) to base (s=1)"
3,10-11,midline,3x16x32,43029,False,mid,,97,0.97,-8.339087179572925,0.09710130842100316,4.051367163692828,,mm,,"deformed midwall line t=0.5, v=0, apex (s=0) to base (s=1)"
3,10-11,midline,3x16x32,43029,False,mid,,98,0.98,-8.292322445318405,0.06316263697620665,4.359386549955813,,mm,,"deformed midwall line t=0.5, v=0, apex (s=0) to base (s=1)"
3,10-11,midline,3x16x32,43029,False,mid,,99,0.99,-8.24050897474596,0.030792645764782408,4.675638713958627,,mm,,"deformed midwall line t=0.5, v=0, apex (s=0) to base (s=1)"
3,10-11,midline,3x16x32,43029,False,mid,,100,1.0,-8.183668195120728,0.0,5.0,,mm,,"deformed midwall line t=0.5, v=0, apex (s=0) to base (s=1)"
3,10-11,twist_peak_y,3x16x32,43029,False,mid,,,,,,,1.5106416683033528,mm,"1.3, 1.8",largest signed y of the deformed midwall line
3,12,strain,3x16x32,43029,False,endo,long,1,0.095,,,,-18.495951272167687,percent,,"pair of neighbouring stations along the layer, labelled by the first (s=parameter)"
3,12,strain,3x16x32,43029,False,endo,long,2,0.19,,,,-19.270197655874455,percent,,"pair of neighbouring stations along the layer, labelled by the first (s=parameter)"
3,12,strain,3x16x32,43029,False,endo,long,3,0.285,,,,-19.804671612584567,percent,,"pair of neighbouring stations along the layer, labelled by the first (s=parameter)"
3,12,strain,3x16x32,43029,False,endo,long,4,0.38,,,,-20.059631350442253,percent,,"pair of neighbouring stations along the layer, labelled by the first (s=parameter)"
3,12,strain,3x16x32,43029,False,endo,long,5,0.475,,,,-20.069088329564366,percent,,"pair of neighbouring stations along the layer, labelled by the first (s=parameter)"
3,12,strain,3x16x32,43029,False,endo,long,6,0.57,,,,-19.890347483113548,percent,,"pair of neighbouring stations along the layer, labelled by the first (s=parameter)"
3,12,strain,3x16x32,43029,False,endo,long,7,0.6649999999999999,,,,-19.57984187113877,percent,,"pair of neighbouring stations along the layer, labelled by the first (s=parameter)"
3,12,strain,3x16x32,43029,False,endo,long,8,0.76,,,,-18.834748419878487,percent,,"pair of neighbouring stations along the layer, labelled by the first (s=parameter)"
3,12,strain,3x16x32,43029,False,endo,long,9,0.8549999999999999,,,,-16.506052744519696,percent,,"pair of neighbouring stations along the layer, labelled by the first (s=parameter)"
3,12,strain,3x16x32,43029,False,endo,circ,1,0.095,,,,-10.327969880575127,percent,,station paired with its image rotated by pi/10 about the axis
3,12,strain,3x16x32,43029,False,endo,circ,2,0.19,,,,-12.705683092595033,percent,,station paired with its image rotated by pi/10 about the axis
3,12,strain,3x16x32,43029,False,endo,circ,3,0.285,,,,-11.54070569998903,percent,,station paired with its image rotated by pi/10 about the axis
3,12,strain,3x16x32,43029,False,endo,circ,4,0.38,,,,-9.37142488511402,percent,,station paired with its image rotated by pi/10 about the axis
3,12,strain,3x16x32,43029,False,endo,circ,5,0.475,,,,-6.885373814936635,percent,,station paired with its image rotated by pi/10 about the axis
3,12,strain,3x16x32,43029,False,endo,circ,6,0.57,,,,-4.5371070438739896,percent,,station paired with its image rotated by pi/10 about the axis
3,12,strain,3x16x32,43029,False,endo,circ,7,0.6649999999999999,,,,-2.7259247769361505,percent,,station paired with its image rotated by pi/10 about the axis
3,12,strain,3x16x32,43029,False,endo,circ,8,0.76,,,,-1.8497109942816392,percent,,station paired with its image rotated by pi/10 about the axis
3,12,strain,3x16x32,43029,False,endo,circ,9,0.8549999999999999,,,,-2.1221395873401883,percent,,station paired with its image rotated by pi/10 about the axis
3,12,strain,3x16x32,43029,False,endo,circ,10,0.95,,,,-2.2981460713542012,percent,,station paired with its image rotated by pi/10 about the axis
3,12,strain,3x16x32,43029,False,mid,long,1,0.095,,,,-8.327168425868381,percent,,"pair of neighbouring stations along the layer, labelled by the first (s=parameter)"
3,12,strain,3x16x32,43029,False,mid,long,2,0.19,,,,-10.643806021829738,percent,,"pair of neighbouring stations along the layer, labelled by the first (s=parameter)"
3,12,strain,3x16x32,43029,False,mid,long,3,0.285,,,,-13.826032021025537,percent,,"pair of neighbouring stations along the layer, labelled by the first (s=parameter)"
3,12,strain,3x16x32,43029,False,mid,long,4,0.38,,,,-15.438664926900813,percent,,"pair of neighbouring stations along the layer, labelled by the first (s=parameter)"
3,12,strain,3x16x32,43029,False,mid,long,5,0.475,,,,-15.857198191065713,percent,,"pair of neighbouring stations along the layer, labelled by the first (s=parameter)"
3,12,strain,3x16x32,43029,False,mid,long,6,0.57,,,,-15.554645195292682,percent,,"pair of neighbouring stations along the layer, labelled by the first (s=parameter)"
3,12,strain,3x16x32,43029,False,mid,long,7,0.6649999999999999,,,,-15.113303726469374,percent,,"pair of neighbouring stations along the layer, labelled by the first (s=parameter)"
3,12,strain,3x16x32,43029,False,mid,long,8,0.76,,,,-15.637327091121389,percent,,"pair of neighbouring stations along the layer, labelled by the first (s=parameter)"
3,12,strain,3x16x32,43029,False,mid,long,9,0.8549999999999999,,,,-16.62253449532717,percent,,"pair of neighbouring stations along the layer, labelled by the first (s=parameter)"
3,12,strain,3x16x32,43029,False,mid,circ,1,0.095,,,,-16.837421073648827,percent,,station paired with its image rotated by pi/10 about the axis
3,12,strain,3x16x32,43029,False,mid,circ,2,0.19,,,,-11.662979729874145,percent,,station paired with its image rotated by pi/10 about the axis
3,12,strain,3x16x32,43029,False,mid,circ,3,0.285,,,,-8.475795750571136,percent,,station paired with its image rotated by pi/10 about the axis
3,12,strain,3x16x32,43029,False,mid,circ,4,0.38,,,,-5.930953870082889,percent,,station paired with its image rotated by pi/10 about the axis
3,12,strain,3x16x32,43029,False,mid,circ,5,0.475,,,,-3.573158841202939,percent,,station paired with its image rotated by pi/10 about the axis
3,12,strain,3x16x32,43029,False,mid,circ,6,0.57,,,,-1.4180798435100894,percent,,station paired with its image rotated by pi/10 about the axis
3,12,strain,3x16x32,43029,False,mid,circ,7,0.6649999999999999,,,,0.2904210740025004,percent,,station paired with its image rotated by pi/10 about the axis
3,12,strain,3x16x32,43029,False,mid,circ,8,0.76,,,,1.2626490259898926,percent,,station paired with its image rotated by pi/10 about the axis
3,12,strain,3x16x32,43029,False,mid,circ,9,0.8549999999999999,,,,1.3377892341058129,percent,,station paired with its image rotated by pi/10 about the axis
3,12,strain,3x16x32,43029,False,mid,circ,10,0.95,,,,0.7015922497531468,percent,,station paired with its image rotated by pi/10 about the axis
3,12,strain,3x16x32,43029,False,epi,long,1,0.095,,,,-6.521797000677553,percent,,"pair of neighbouring stations along the layer, labelled by the first (s=parameter)"
3,12,strain,3x16x32,43029,False,epi,long,2,0.19,,,,-11.385872985066925,percent,,"pair of neighbouring stations along the layer, labelled by the first (s=parameter)"
3,12,strain,3x16x32,43029,False,epi,long,3,0.285,,,,-12.843214907236034,percent,,"pair of neighbouring stations along the layer, labelled by the first (s=parameter)"
3,12,strain,3x16x32,43029,False,epi,long,4,0.38,,,,-13.661249110288164,percent,,"pair of neighbouring stations along the layer, labelled by the first (s=parameter)"
3,12,strain,3x16x32,43029,False,epi,long,5,0.475,,,,-14.060120295719347,percent,,"pair of neighbouring stations along the layer, labelled by the first (s=parameter)"
3,12,strain,3x16x32,43029,False,epi,long,6,0.57,,,,-14.211652054812395,percent,,"pair of neighbouring stations along the layer, labelled by the first (s=parameter)"
3,12,strain,3x16x32,43029,False,epi,long,7,0.6649999999999999,,,,-14.334779704665179,percent,,"pair of neighbouring stations along the layer, labelled by the first (s=parameter)"
3,12,strain,3x16x32,43029,False,epi,long,8,0.76,,,,-14.458777557629787,percent,,"pair of neighbouring stations along the layer, labelled by the first (s=parameter)"
3,12,strain,3x16x32,43029,False,epi,long,9,0.8549999999999999,,,,-13.884395551740203,percent,,"pair of neighbouring stations along the layer, labelled by the first (s=parameter)"
3,12,strain,3x16x32,43029,False,epi,circ,1,0.095,,,,19.733320323928403,percent,,station paired with its image rotated by pi/10 about the axis
3,12,strain,3x16x32,43029,False,epi,circ,2,0.19,,,,4.597188211625847,percent,,station paired with its image rotated by pi/10 about the axis
3,12,strain,3x16x32,43029,False,epi,circ,3,0.285,,,,0.13487610631266467,percent,,station paired with its image rotated by pi/10 about the axis
3,12,strain,3x16x32,43029,False,epi,circ,4,0.38,,,,-0.47174801992744264,percent,,station paired with its image rotated by pi/10 about the axis
3,12,strain,3x16x32,43029,False,epi,circ,5,0.475,,,,0.2762948229290352,percent,,station paired with its image rotated by pi/10 about the axis
3,12,strain,3x16x32,43029,False,epi,circ,6,0.57,,,,1.4148815691374717,percent,,station paired with its image rotated by pi/10 about the axis
3,12,strain,3x16x32,43029,False,epi,circ,7,0.6649999999999999,,,,2.443844126585204,percent,,station paired with its image rotated by pi/10 about the axis
3,12,strain,3x16x32,43029,False,epi,circ,8,0.76,,,,3.08754340501991,percent,,station paired with its image rotated by pi/10 about the axis
3,12,strain,3x16x32,43029,False,epi,circ,9,0.8549999999999999,,,,3.2686775512560162,percent,,station paired with its image rotated by pi/10 about the axis
3,12,strain,3x16x32,43029,False,epi,circ,10,0.95,,,,2.543476649434906,percent,,station paired with its image rotated by pi/10 about the axis
3,12,strain,3x16x32,43029,False,endo,trans,1,0.095,,,,48.469080304346775,percent,,"across the wall: endo-mid at endo, mid-epi at epi, endo-epi at midwall"
3,12,strain,3x16x32,43029,False,endo,trans,2,0.19,,,,39.94602604435686,percent,,"across the wall: endo-mid at endo, mid-epi at epi, endo-epi at midwall"
3,12,strain,3x16x32,43029,False,endo,trans,3,0.285,,,,34.15118960819403,percent,,"across the wall: endo-mid at endo, mid-epi at epi, endo-epi at midwall"
3,12,strain,3x16x32,43029,False,endo,trans,4,0.38,,,,30.53507920318419,percent,,"across the wall: endo-mid at endo, mid-epi at epi, endo-epi at midwall"
3,12,strain,3x16x32,43029,False,endo,trans,5,0.475,,,,27.43979800787637,percent,,"across the wall: endo-mid at endo, mid-epi at epi, endo-epi at midwall"
3,12,strain,3x16x32,43029,False,endo,trans,6,0.57,,,,24.392108294879122,percent,,"across the wall: endo-mid at endo, mid-epi at epi, endo-epi at midwall"
3,12,strain,3x16x32,43029,False,endo,trans,7,0.6649999999999999,,,,21.492036737717555,percent,,"across the wall: endo-mid at endo, mid-epi at epi, endo-epi at midwall"
3,12,strain,3x16x32,43029,False,endo,trans,8,0.76,,,,19.930563223892328,percent,,"across the wall: endo-mid at endo, mid-epi at epi, endo-epi at midwall"
3,12,strain,3x16x32,43029,False,endo,trans,9,0.8549999999999999,,,,21.385527336525058,percent,,"across the wall: endo-mid at endo, mid-epi at epi, endo-epi at midwall"
3,12,strain,3x16x32,43029,False,endo,trans,10,0.95,,,,18.774644110814066,percent,,"across the wall: endo-mid at endo, mid-epi at epi, endo-epi at midwall"
3,12,strain,3x16x32,43029,False,epi,trans,1,0.095,,,,15.540326882957922,percent,,"across the wall: endo-mid at endo, mid-epi at epi, endo-epi at midwall"
3,12,strain,3x16x32,43029,False,epi,trans,2,0.19,,,,18.787271471936307,percent,,"across the wall: endo-mid at endo, mid-epi at epi, endo-epi at midwall"
3,12,strain,3x16x32,43029,False,epi,trans,3,0.285,,,,17.269196496576477,percent,,"across the wall: endo-mid at endo, mid-epi at epi, endo-epi at midwall"
3,12,strain,3x16x32,43029,False,epi,trans,4,0.38,,,,15.84559026999055,percent,,"across the wall: endo-mid at endo, mid-epi at epi, endo-epi at midwall"
3,12,strain,3x16x32,43029,False,epi,trans,5,0.475,,,,14.531459501618915,percent,,"across the wall: endo-mid at endo, mid-epi at epi, endo-epi at midwall"
3,12,strain,3x16x32,43029,False,epi,trans,6,0.57,,,,13.322437478305215,percent,,"across the wall: endo-mid at endo, mid-epi at epi, endo-epi at midwall"
3,12,strain,3x16x32,43029,False,epi,trans,7,0.6649999999999999,,,,12.659180521219504,percent,,"across the wall: endo-mid at endo, mid-epi at epi, endo-epi at midwall"
3,12,strain,3x16x32,43029,False,epi,trans,8,0.76,,,,13.260299167203527,percent,,"across the wall: endo-mid at endo, mid-epi at epi, endo-epi at midwall"
3,12,strain,3x16x32,43029,False,epi,trans,9,0.8549999999999999,,,,15.452865179326514,percent,,"across the wall: endo-mid at endo, mid-epi at epi, endo-epi at midwall"
3,12,strain,3x16x32,43029,False,epi,trans,10,0.95,,,,14.925520305082362,percent,,"across the wall: endo-mid at endo, mid-epi at epi, endo-epi at midwall"
3,12,strain,3x16x32,43029,False,mid,trans,1,0.095,,,,28.674226005090553,percent,,"across the wall: endo-mid at endo, mid-epi at epi, endo-epi at midwall"
3,12,strain,3x16x32,43029,False,mid,trans,2,0.19,,,,26.801146215238703,percent,,"across the wall: endo-mid at endo, mid-epi at epi, endo-epi at midwall"
3,12,strain,3x16x32,43029,False,mid,trans,3,0.285,,,,24.26464811575979,percent,,"across the wall: endo-mid at endo, mid-epi at epi, endo-epi at midwall"
3,12,strain,3x16x32,43029,False,mid,trans,4,0.38,,,,22.271692589891256,percent,,"across the wall: endo-mid at endo, mid-epi at epi, endo-epi at midwall"
3,12,strain,3x16x32,43029,False,mid,trans,5,0.475,,,,20.316928029976022,percent,,"across the wall: endo-mid at endo, mid-epi at epi, endo-epi at midwall"
3,12,strain,3x16x32,43029,False,mid,trans,6,0.57,,,,18.373856502621667,percent,,"across the wall: endo-mid at endo, mid-epi at epi, endo-epi at midwall"
3,12,strain,3x16x32,43029,False,mid,trans,7,0.6649999999999999,,,,16.807549036369053,percent,,"across the wall: endo-mid at endo, mid-epi at epi, endo-epi at midwall"
3,12,strain,3x16x32,43029,False,mid,trans,8,0.76,,,,16.52515349148014,percent,,"across the wall: endo-mid at endo, mid-epi at epi, endo-epi at midwall"
3,12,strain,3x16x32,43029,False,mid,trans,9,0.8549999999999999,,,,18.399378626633833,percent,,"across the wall: endo-mid at endo, mid-epi at epi, endo-epi at midwall"
3,12,strain,3x16x32,43029,False,mid,trans,10,0.95,,,,16.668575117021113,percent,,"across the wall: endo-mid at endo, mid-epi at epi, endo-epi at midwall"
3,9,apex_z,4x20x40,86427,True,endo,,,,,,,-12.312431958706963,mm,-12.347,deformed z of the apex on this surface
3,9,apex_z,4x20x40,86427,True,epi,,,,,,,-15.486324270666872,mm,-15.452,deformed z of the apex on this surface
3,10-11,midline,4x20x40,86427,True,mid,,0,0.0,-7.271695116662363e-11,2.004599374581519e-11,-14.186533963717288,,mm,,"deformed midwall line t=0.5, v=0, apex (s=0) to base (s=1)"
3,10-11,midline,4x20x40,86427,True,mid,,1,0.01,-0.08060578785038669,0.08211975722749967,-14.19068219520208,,mm,,"deformed midwall line t=0.5, v=0, apex (s=0) to base (s=1)"
3,10-11,midline,4x20x40,86427,True,mid,,2,0.02,-0.17250603380355564,0.16191192894748277,-14.189500022684278,,mm,,"deformed midwall line t=0.5, v=0, apex (s=0) to base (s=1)"
3,10-11,midline,4x20x40,86427,True,mid,,3,0.03,-0.27567960008445985,0.23934808914176525,-14.182993281739739,,mm,,"deformed midwall line t=0.5, v=0, apex (s=0) to base (s=1)"
3,10-11,midline,4x20x40,86427,True,mid,,4,0.04,-0.39009082199351863,0.3144024834843006,-14.171164041594544,,mm,,"deformed midwall line t=0.5, v=0, apex (s=0) to base (s=1)"
3,10-11,midline,4x20x40,86427,True,mid,,5,0.05,-0.515692534894763,0.3870488956009033,-14.154011374259237,,mm,,"deformed midwall line t=0.5, v=0, apex (s=0) to base (s=1)"
3,10-11,midline,4x20x40,86427,True,mid,,6,0.06,-0.6263360641709457,0.4472193329325693,-14.124574679768985,,mm,,"deformed midwall line t=0.5, v=0, apex (s=0) to base (s=1)"
3,10-11,midline,4x20x40,86427,True,mid,,7,0.07,-0.7411780482651795,0.5076002453176816,-14.08929925237913,,mm,,"deformed midwall line t=0.5, v=0, apex (s=0) to base (s=1)"
3,10-11,midline,4x20x40,86427,True,mid,,8,0.08,-0.8601812242747251,0.568175088096863,-14.048200680952714,,mm,,"deformed midwall line t=0.5, v=0, apex (s=0) to base (s=1)"
3,10-11,midline,4x20x40,86427,True,mid,,9,0.09,-0.9833053509732015,0.6289235039313099,-14.001292546053488,,mm,,"deformed midwall line t=0.5, v=0, apex (s=0) to base (s=1)"
3,10-11,midline,4x20x40,86427,True,mid,,10,0.1,-1.110505924733863,0.6898199963000058,-13.948588553895606,,mm,,"deformed midwall line t=0.5, v=0, apex (s=0) to base (s=1)"
3,10-11,midline,4x20x40,86427,True,mid,,11,0.11,-1.2366449859887214,0.7428218584306656,-13.893116897674634,,mm,,"deformed midwall line t=0.5, v=0, apex (s=0) to base (s=1)"
3,10-11,midline,4x20x40,86427,True,mid,,12,0.12,-1.3654715012637613,0.7947129800298913,-13.832713268450275,,mm,,"deformed midwall line t=0.5, v=0, apex (s=0) to base (s=1)"
3,10-11,midline,4x20x40,86427,True,mid,,13,0.13,-1.4969433825071945,0.8454794359971161,-13.767400998816042,,mm,,"deformed midwall line t=0.5, v=0, apex (s=0) to base (s=1)"
3,10-11,midline,4x20x40,86427,True,mid,,14,0.14,-1.6310160680877683,0.8951039514814394,-13.697202120949136,,mm,,"deformed midwall line t=0.5, v=0, apex (s=0) to base (s=1)"
3,10-11,midline,4x20x40,86427,True,mid,,15,0.15,-1.7676416593935655,0.9435659305113835,-13.622138355655107,,mm,,"deformed midwall line t=0.5, v=0, apex (s=0) to base (s=1)"
3,10-11,midline,4x20x40,86427,True,mid,,16,0.16,-1.9037296982050829,0.9875668019183702,-13.544394155460374,,mm,,"deformed midwall line t=0.5, v=0, apex (s=0) to base (s=1)"
3,10-11,midline,4x20x40,86427,True,mid,,17,0.17,-2.040909863348917,1.0298572352065067,-13.46232979639161,,mm,,"deformed midwall line t=0.5, v=0, apex (s=0) to base (s=1)"
3,10-11,midline,4x20x40,86427,True,mid,,18,0.18,-2.1791366052686736,1.070425893259875,-13.375975626324257,,mm,,"deformed midwall line t=0.5, v=0, apex (s=0) to base (s=1)"
3,10-11,midline,4x20x40,86427,True,mid,,19,0.19,-2.3183629850287186,1.1092588869909883,-13.285360927625504,,mm,,"deformed midwall line t=0.5, v=0, apex (s=0) to base (s=1)"
3,10-11,midline,4x20x40,86427,True,mid,,20,0.2,-2.4585402347142873,1.1463402480506033,-13.190514414258796,,mm,,"deformed midwall line t=0.5, v=0, apex (s=0) to base (s=1)"
3,10-11,midline,4x20x40,86427,True,mid,,21,0.21,-2.598719866008623,1.1807121855243645,-13.092325440738826,,mm,,"deformed midwall line t=0.5, v=0, apex (s=0) to base (s=1)"
3,10-11,midline,4x20x40,86427,True,mid,,22,0.22,-2.738966270530088,1.2132950648384164,-12.989925041753452,,mm,,"deformed midwall line t=0.5, v=0, apex (s=0) to base (s=1)"
3,10-11,midline,4x20x40,86427,True,mid,,23,0.23,-2.8792324478437545,1.244080347646735,-12.883349991892473,,mm,,"deformed midwall line t=0.5, v=0, apex (s=0) to base (s=1)"
3,10-11,midline,4x20x40,86427,True,mid,,24,0.24,-3.0194707270237955,1.273057463235613,-12.772636496394446,,mm,,"deformed midwall line t=0.5, v=0, apex (s=0) to base (s=1)"
3,10-11,midline,4x20x40,86427,True,mid,,25,0.25,-3.1596325308769475,1.3002143328791342,-12.657820452440717,,mm,,"deformed midwall line t=0.5, v=0, apex (s=0) to base (s=1)"
3,10-11,midline,4x20x40,86427,True,mid,,26,0.26,-3.2996618395314905,1.3253702317220646,-12.539388006603161,,mm,,"deformed midwall line t=0.5, v=0, apex (s=0) to base (s=1)"
3,10-11,midline,4x20x40,86427,True,mid,,27,0.27,-3.439241252327747,1.3488395216471374,-12.416789901295578,,mm,,"deformed midwall line t=0.5, v=0, apex (s=0) to base (s=1)"
3,10-11,midline,4x20x40,86427,True,mid,,28,0.28,-3.5783239401626905,1.3706164050030867,-12.290069384640198,,mm,,"deformed midwall line t=0.5, v=0, apex (s=0) to base (s=1)"
3,10-11,midline,4x20x40,86427,True,mid,,29,0.29,-3.7168626176486104,1.3906933850586956,-12.159269531246975,,mm,,"deformed midwall line t=0.5, v=0, apex (s=0) to base (s=1)"
3,10-11,midline,4x20x40,86427,True,mid,,30,0.3,-3.8548093982934715,1.4090617394332163,-12.024433416193746,,mm,,"deformed midwall line t=0.5, v=0, apex (s=0) to base (s=1)"
3,10-11,midline,4x20x40,86427,True,mid,,31,0.31,-3.9923503441812045,1.4257459737627756,-11.88587510369326,,mm,,"deformed midwall line t=0.5, v=0, apex (s=0) to base (s=1)"
3,10-11,midline,4x20x40,86427,True,mid,,32,0.32,-4.129138710927655,1.440883405424559,-11.743191544866288,,mm,,"deformed midwall line t=0.5, v=0, apex (s=0) to base (s=1)"
3,10-11,midline,4x20x40,86427,True,mid,,33,0.33,-4.265128698363431,1.4544707905292567,-11.596432451841352,,mm,,"deformed midwall line t=0.5, v=0, apex (s=0) to base (s=1)"
3,10-11,midline,4x20x40,86427,True,mid,,34,0.34,-4.400274062445022,1.4665034310374083,-11.44564772146041,,mm,,"deformed midwall line t=0.5, v=0, apex (s=0) to base (s=1)"
3,10-11,midline,4x20x40,86427,True,mid,,35,0.35,-4.534528027594694,1.4769755797872137,-11.290887579414981,,mm,,"deformed midwall line t=0.5, v=0, apex (s=0) to base (s=1)"
3,10-11,midline,4x20x40,86427,True,mid,,36,0.36,-4.668062189218671,1.4859332282849842,-11.13237954744589,,mm,,"deformed midwall line t=0.5, v=0, apex (s=0) to base (s=1)"
3,10-11,midline,4x20x40,86427,True,mid,,37,0.37,-4.800570518917405,1.4934733969656193,-10.969790553610798,,mm,,"deformed midwall line t=0.5, v=0, apex (s=0) to base (s=1)"
3,10-11,midline,4x20x40,86427,True,mid,,38,0.38,-4.932008722557766,1.4995951882658891,-10.803176705220046,,mm,,"deformed midwall line t=0.5, v=0, apex (s=0) to base (s=1)"
3,10-11,midline,4x20x40,86427,True,mid,,39,0.39,-5.062332097024469,1.5042964552674272,-10.632594656166178,,mm,,"deformed midwall line t=0.5, v=0, apex (s=0) to base (s=1)"
3,10-11,midline,4x20x40,86427,True,mid,,40,0.4,-5.191495482442295,1.5075741453463805,-10.458101735344044,,mm,,"deformed midwall line t=0.5, v=0, apex (s=0) to base (s=1)"
3,10-11,midline,4x20x40,86427,True,mid,,41,0.41,-5.319583991050436,1.5094529788578046,-10.279899612998044,,mm,,"deformed midwall line t=0.5, v=0, apex (s=0) to base (s=1)"
3,10-11,midline,4x20x40,86427,True,mid,,42,0.42,-5.44632836662749,1.5100261864572404,-10.097691895145903,,mm,,"deformed midwall line t=0.5, v=0, apex (s=0) to base (s=1)"
3,10-11,midline,4x20x40,86427,True,mid,,43,0.43,-5.571686233998315,1.5092950300108463,-9.911540997156811,,mm,,"deformed midwall line t=0.5, v=0, apex (s=0) to base (s=1)"
3,10-11,midline,4x20x40,86427,True,mid,,44,0.44,-5.69561495372271,1.507259702705056,-9.721510221795143,,mm,,"deformed midwall line t=0.5, v=0, apex (s=0) to base (s=1)"
3,10-11,midline,4x20x40,86427,True,mid,,45,0.45,-5.818071599421645,1.5039196252349152,-9.527663872473017,,mm,,"deformed midwall line t=0.5, v=0, apex (s=0) to base (s=1)"
3,10-11,midline,4x20x40,86427,True,mid,,46,0.46,-5.939069044224039,1.49928276862464,-9.330207487192443,,mm,,"deformed midwall line t=0.5, v=0, apex (s=0) to base (s=1)"
3,10-11,midline,4x20x40,86427,True,mid,,47,0.47,-6.058350362254796,1.493441264147471,-9.128879034712895,,mm,,"deformed midwall line t=0.5, v=0, apex (s=0) to base (s=1)"
3,10-11,midline,4x20x40,86427,True,mid,,48,0.48,-6.175875585810645,1.4863983662997284,-8.923747108123209,,mm,,"deformed midwall line t=0.5, v=0, apex (s=0) to base (s=1)"
3,10-11,midline,4x20x40,86427,True,mid,,49,0.49,-6.291604737332164,1.478156421585041,-8.714881470189434,,mm,,"deformed midwall line t=0.5, v=0, apex (s=0) to base (s=1)"
3,10-11,midline,4x20x40,86427,True,mid,,50,0.5,-6.4054978205618545,1.4687171315479148,-8.502353149976006,,mm,,"deformed midwall line t=0.5, v=0, apex (s=0) to base (s=1)"
3,10-11,midline,4x20x40,86427,True,mid,,51,0.51,-6.517532573676726,1.458085479942233,-8.286370671435302,,mm,,"deformed midwall line t=0.5, v=0, apex (s=0) to base (s=1)"
3,10-11,midline,4x20x40,86427,True,mid,,52,0.52,-6.627441028180198,1.4463473767479056,-8.066722686475877,,mm,,"deformed midwall line t=0.5, v=0, apex (s=0) to base (s=1)"
3,10-11,midline,4x20x40,86427,True,mid,,53,0.53,-6.735186207042347,1.4335079091075948,-7.843483750289865,,mm,,"deformed midwall line t=0.5, v=0, apex (s=0) to base (s=1)"
3,10-11,midline,4x20x40,86427,True,mid,,54,0.54,-6.8407314583967915,1.4195713992329688,-7.616729788535,,mm,,"deformed midwall line t=0.5, v=0, apex (s=0) to base (s=1)"
3,10-11,midline,4x20x40,86427,True,mid,,55,0.55,-6.944040453309736,1.404541646871937,-7.386538176205536,,mm,,"deformed midwall line t=0.5, v=0, apex (s=0) to base (s=1)"
3,10-11,midline,4x20x40,86427,True,mid,,56,0.56,-7.045084364357723,1.3884304073817264,-7.153108937614202,,mm,,"deformed midwall line t=0.5, v=0, apex (s=0) to base (s=1)"
3,10-11,midline,4x20x40,86427,True,mid,,57,0.57,-7.143571558381638,1.3713134057653389,-6.916302365686267,,mm,,"deformed midwall line t=0.5, v=0, apex (s=0) to base (s=1)"
3,10-11,midline,4x20x40,86427,True,mid,,58,0.58,-7.239468700681085,1.3531973960850898,-6.676198651309512,,mm,,"deformed midwall line t=0.5, v=0, apex (s=0) to base (s=1)"
3,10-11,midline,4x20x40,86427,True,mid,,59,0.59,-7.332743169403065,1.334088497344146,-6.432879460679206,,mm,,"deformed midwall line t=0.5, v=0, apex (s=0) to base (s=1)"
3,10-11,midline,4x20x40,86427,True,mid,,60,0.6,-7.423363055442951,1.3139924261380993,-6.186427995231613,,mm,,"deformed midwall line t=0.5, v=0, apex (s=0) to base (s=1)"
3,10-11,midline,4x20x40,86427,True,mid,,61,0.61,-7.5113101178943245,1.292932124027807,-5.937035028867737,,mm,,"deformed midwall line t=0.5, v=0, apex (s=0) to base (s=1)"
3,10-11,midline,4x20x40,86427,True,mid,,62,0.62,-7.596266372781762,1.2709705108377316,-5.684649356913499,,mm,,"deformed midwall line t=0.5, v=0, apex (s=0) to base (s=1)"
3,10-11,midline,4x20x40,86427,True,mid,,63,0.63,-7.678202817534366,1.248115827988191,-5.429356355890295,,mm,,"deformed midwall line t=0.5, v=0, apex (s=0) to base (s=1)"
3,10-11,midline,4x20x40,86427,True,mid,,64,0.64,-7.7570915796840545,1.2243758065913,-5.171242862894881,,mm,,"deformed midwall line t=0.5, v=0, apex (s=0) to base (s=1)"
3,10-11,midline,4x20x40,86427,True,mid,,65,0.65,-7.83290591518822,1.1997578994208158,-4.910397214860394,,mm,,"deformed midwall line t=0.5, v=0, apex (s=0) to base (s=1)"
3,10-11,midline,4x20x40,86427,True,mid,,66,0.66,-7.905658704006023,1.1742983936922204,-4.647026190468833,,mm,,"deformed midwall line t=0.5, v=0, apex (s=0) to base (s=1)"
3,10-11,midline,4x20x40,86427,True,mid,,67,0.67,-7.975006672021566,1.1480425449095184,-4.381178231981612,,mm,,"deformed midwall line t=0.5, v=0, apex (s=0) to base (s=1)"
3,10-11,midline,4x20x40,86427,True,mid,,68,0.68,-8.04092585164408,1.1209998856669328,-4.112943309007789,,mm,,"deformed midwall line t=0.5, v=0, apex (s=0) to base (s=1)"
3,10-11,midline,4x20x40,86427,True,mid,,69,0.69,-8.103393820322085,1.0931795705813256,-3.8424126653329336,,mm,,"deformed midwall line t=0.5, v=0, apex (s=0) to base (s=1)"
3,10-11,midline,4x20x40,86427,True,mid,,70,0.7,-8.162389692287844,1.0645906143562354,-3.569678835982358,,mm,,"deformed midwall line t=0.5, v=0, apex (s=0) to base (s=1)"
3,10-11,midline,4x20x40,86427,True,mid,,71,0.71,-8.218001104599995,1.0352851596896178,-3.295016023448704,,mm,,"deformed midwall line t=0.5, v=0, apex (s=0) to base (s=1)"
3,10-11,midline,4x20x40,86427,True,mid,,72,0.72,-8.269862896915287,1.005281525606982,-3.0185848009044185,,mm,,"deformed midwall line t=0.5, v=0, apex (s=0) to base (s=1)"
3,10-11,midline,4x20x40,86427,True,mid,,73,0.73,-8.317956823247469,0.9745903284474726,-2.7404789477771394,,mm,,"deformed midwall line t=0.5, v=0, apex (s=0) to base (s=1)"
3,10-11,midline,4x20x40,86427,True,mid,,74,0.74,-8.36226652745636,0.9432219625435591,-2.460793069503733,,mm,,"deformed midwall line t=0.5, v=0, apex (s=0) to base (s=1)"
3,10-11,midline,4x20x40,86427,True,mid,,75,0.75,-8.402777520621452,0.911186845900382,-2.1796225943212955,,mm,,"deformed midwall line t=0.5, v=0, apex (s=0) to base (s=1)"
3,10-11,midline,4x20x40,86427,True,mid,,76,0.76,-8.439715229559647,0.8785544350782056,-1.89733568550017,,mm,,"deformed midwall line t=0.5, v=0, apex (s=0) to base (s=1)"
3,10-11,midline,4x20x40,86427,True,mid,,77,0.77,-8.472719948369857,0.8453101855754288,-1.6142378909584054,,mm,,"deformed midwall line t=0.5, v=0, apex (s=0) to base (s=1)"
3,10-11,midline,4x20x40,86427,True,mid,,78,0.78,-8.501779765987816,0.8114655993470289,-1.3304257247655995,,mm,,"deformed midwall line t=0.5, v=0, apex (s=0) to base (s=1)"
3,10-11,midline,4x20x40,86427,True,mid,,79,0.79,-8.526884805635648,0.7770321435814056,-1.0459957353164204,,mm,,"deformed midwall line t=0.5, v=0, apex (s=0) to base (s=1)"
3,10-11,midline,4x20x40,86427,True,mid,,80,0.8,-8.5480271786105,0.7420214955795901,-0.7610444924751755,,mm,,"deformed midwall line t=0.5, v=0, apex (s=0) to base (s=1)"
3,10-11,midline,4x20x40,86427,True,mid,,81,0.81,-8.56556207415152,0.7065140134699257,-0.47586008640096444,,mm,,"deformed midwall line t=0.5, v=0, apex (s=0) to base (s=1)"
3,10-11,midline,4x20x40,86427,True,mid,,82,0.82,-8.579250769096188,0.6704866577933457,-0.19098740763486902,,mm,,"deformed midwall line t=0.5, v=0, apex (s=0) to base (s=1)"
3,10-11,midline,4x20x40,86427,True,mid,,83,0.83,-8.589088109081139,0.6339516645294628,0.09347579048491768,,mm,,"deformed midwall line t=0.5, v=0, apex (s=0) to base (s=1)"
3,10-11,midline,4x20x40,86427,True,mid,,84,0.84,-8.595070760953922,0.5969214198166491,0.3774327397954535,,mm,,"deformed midwall line t=0.5, v=0, apex (s=0) to base (s=1)"
3,10-11,midline,4x20x40,86427,True,mid,,85,0.85,-8.597197141993995,0.5594086848896679,0.6607876611132142,,mm,,"deformed midwall line t=0.5, v=0, apex (s=0) to base (s=1)"
3,10-11,midline,4x20x40,86427,True,mid,,86,0.86,-8.595675430681688,0.5214626928456575,0.9440247286739636,,mm,,"deformed midwall line t=0.5, v=0, apex (s=0) to base (s=1)"
3,10-11,midline,4x20x40,86427,True,mid,,87,0.87,-8.590640167362727,0.4831734998486034,1.226140987034334,,mm,,"deformed midwall line t=0.5, v=0, apex (s=0) to base (s=1)"
3,10-11,midline,4x20x40,86427,True,mid,,88,0.88,-8.582092994759869,0.4445540046231663,1.5070393146672547,,mm,,"deformed midwall line t=0.5, v=0, apex (s=0) to base (s=1)"
3,10-11,midline,4x20x40,86427,True,mid,,89,0.89,-8.57003683172206,0.40561730982763444,1.7866241593453742,,mm,,"deformed midwall line t=0.5, v=0, apex (s=0) to base (s=1)"
3,10-11,midline,4x20x40,86427,True,mid,,90,0.9,-8.554475812909716,0.36637690740295,2.064801524596511,,mm,,"deformed midwall line t=0.5, v=0, apex (s=0) to base (s=1)"
3,10-11,midline,4x20x40,86427,True,mid,,91,0.91,-8.534883698167512,0.3265609208801252,2.344043876152428,,mm,,"deformed midwall line t=0.5, v=0, apex (s=0) to base (s=1)"
3,10-11,midline,4x20x40,86427,True,mid,,92,0.92,-8.511583942895824,0.28700990998089265,2.6238105746621554,,mm,,"deformed midwall line t=0.5, v=0, apex (s=0) to base (s=1)"
3,10-11,midline,4x20x40,86427,True,mid,,93,0.93,-8.484584260985525,0.24773757138723296,2.904007527715156,,mm,,"deformed midwall line t=0.5, v=0, apex (s=0) to base (s=1)"
3,10-11,midline,4x20x40,86427,True,mid,,94,0.94,-8.453893801108956,0.20875723763187798,3.1845394118920516,,mm,,"deformed midwall line t=0.5, v=0, apex (s=0) to base (s=1)"
3,10-11,midline,4x20x40,86427,True,mid,,95,0.95,-8.419523338477552,0.1700820208862484,3.4653097113838145,,mm,,"deformed midwall line t=0.5, v=0, apex (s=0) to base (s=1)"
3,10-11,midline,4x20x40,86427,True,mid,,96,0.96,-8.382318775755815,0.13271908993036047,3.7487962872878398,,mm,,"deformed midwall line t=0.5, v=0, apex (s=0) to base (s=1)"
3,10-11,midline,4x20x40,86427,True,mid,,97,0.97,-8.340116717166705,0.097016838710935,4.04410446053889,,mm,,"deformed midwall line t=0.5, v=0, apex (s=0) to base (s=1)"
3,10-11,midline,4x20x40,86427,True,mid,,98,0.98,-8.29292963069224,0.0629888603197322,4.351146970428343,,mm,,"deformed midwall line t=0.5, v=0, apex (s=0) to base (s=1)"
3,10-11,midline,4x20x40,86427,True,mid,,99,0.99,-8.240773479628771,0.03064674952264357,4.6698194251337215,,mm,,"deformed midwall line t=0.5, v=0, apex (s=0) to base (s=1)"
3,10-11,midline,4x20x40,86427,True,mid,,100,1.0,-8.183668195120728,0.0,5.0,,mm,,"deformed midwall line t=0.5, v=0, apex (s=0) to base (s=1)"
3,10-11,twist_peak_y,4x20x40,86427,True,mid,,,,,,,1.5100261864572404,mm,"1.3, 1.8",largest signed y of the deformed midwall line
3,12,strain,4x20x40,86427,True,endo,long,1,0.095,,,,-18.808584379765016,percent,,"pair of neighbouring stations along the layer, labelled by the first (s=parameter)"
3,12,strain,4x20x40,86427,True,endo,long,2,0.19,,,,-19.42553569571436,percent,,"pair of neighbouring stations along the layer, labelled by the first (s=parameter)"
3,12,strain,4x20x40,86427,True,endo,long,3,0.285,,,,-19.86197235258269,percent,,"pair of neighbouring stations along the layer, labelled by the first (s=parameter)"
3,12,strain,4x20x40,86427,True,endo,long,4,0.38,,,,-20.08944618080032,percent,,"pair of neighbouring stations along the layer, labelled by the first (s=parameter)"
3,12,strain,4x20x40,86427,True,endo,long,5,0.475,,,,-20.093526781336713,percent,,"pair of neighbouring stations along the layer, labelled by the first (s=parameter)"
3,12,strain,4x20x40,86427,True,endo,long,6,0.57,,,,-19.919827730411686,percent,,"pair of neighbouring stations along the layer, labelled by the first (s=parameter)"
3,12,strain,4x20x40,86427,True,endo,long,7,0.6649999999999999,,,,-19.607346022363203,percent,,"pair of neighbouring stations along the layer, labelled by the first (s=parameter)"
3,12,strain,4x20x40,86427,True,endo,long,8,0.76,,,,-18.84574939414122,percent,,"pair of neighbouring stations along the layer, labelled by the first (s=parameter)"
3,12,strain,4x20x40,86427,True,endo,long,9,0.8549999999999999,,,,-16.312337638986264,percent,,"pair of neighbouring stations along the layer, labelled by the first (s=parameter)"
3,12,strain,4x20x40,86427,True,endo,circ,1,0.095,,,,-9.09791058745607,percent,,station paired with its image rotated by pi/10 about the axis
3,12,strain,4x20x40,86427,True,endo,circ,2,0.19,,,,-12.273534414740016,percent,,station paired with its image rotated by pi/10 about the axis
3,12,strain,4x20x40,86427,True,endo,circ,3,0.285,,,,-11.351125197278956,percent,,station paired with its image rotated by pi/10 about the axis
3,12,strain,4x20x40,86427,True,endo,circ,4,0.38,,,,-9.26563985997314,percent,,station paired with its image rotated by pi/10 about the axis
3,12,strain,4x20x40,86427,True,endo,circ,5,0.475,,,,-6.814876860161623,percent,,station paired with its image rotated by pi/10 about the axis
3,12,strain,4x20x40,86427,True,endo,circ,6,0.57,,,,-4.48882647602451,percent,,station paired with its image rotated by pi/10 about the axis
3,12,strain,4x20x40,86427,True,endo,circ,7,0.6649999999999999,,,,-2.6893444204618477,percent,,station paired with its image rotated by pi/10 about the axis
3,12,strain,4x20x40,86427,True,endo,circ,8,0.76,,,,-1.8258657306822634,percent,,station paired with its image rotated by pi/10 about the axis
3,12,strain,4x20x40,86427,True,endo,circ,9,0.8549999999999999,,,,-2.1174775235552445,percent,,station paired with its image rotated by pi/10 about the axis
3,12,strain,4x20x40,86427,True,endo,circ,10,0.95,,,,-2.2428072373135155,percent,,station paired with its image rotated by pi/10 about the axis
3,12,strain,4x20x40,86427,True,mid,long,1,0.095,,,,-8.955112760105111,percent,,"pair of neighbouring stations along the layer, labelled by the first (s=parameter)"
3,12,strain,4x20x40,86427,True,mid,long,2,0.19,,,,-10.490780954484203,percent,,"pair of neighbouring stations along the layer, labelled by the first (s=parameter)"
3,12,strain,4x20x40,86427,True,mid,long,3,0.285,,,,-13.726509983221803,percent,,"pair of neighbouring stations along the layer, labelled by the first (s=parameter)"
3,12,strain,4x20x40,86427,True,mid,long,4,0.38,,,,-15.404301668095444,percent,,"pair of neighbouring stations along the layer, labelled by the first (s=parameter)"
3,12,strain,4x20x40,86427,True,mid,long,5,0.475,,,,-15.814382294335738,percent,,"pair of neighbouring stations along the layer, labelled by the first (s=parameter)"
3,12,strain,4x20x40,86427,True,mid,long,6,0.57,,,,-15.506856059327422,percent,,"pair of neighbouring stations along the layer, labelled by the first (s=parameter)"
3,12,strain,4x20x40,86427,True,mid,long,7,0.6649999999999999,,,,-15.059646201308796,percent,,"pair of neighbouring stations along the layer, labelled by the first (s=parameter)"
3,12,strain,4x20x40,86427,True,mid,long,8,0.76,,,,-15.594767415325839,percent,,"pair of neighbouring stations along the layer, labelled by the first (s=parameter)"
3,12,strain,4x20x40,86427,True,mid,long,9,0.8549999999999999,,,,-16.490448802759694,percent,,"pair of neighbouring stations along the layer, labelled by the first (s=parameter)"
3,12,strain,4x20x40,86427,True,mid,circ,1,0.095,,,,-16.533215263316382,percent,,station paired with its image rotated by pi/10 about the axis
3,12,strain,4x20x40,86427,True,mid,circ,2,0.19,,,,-11.930161823622221,percent,,station paired with its image rotated by pi/10 about the axis
3,12,strain,4x20x40,86427,True,mid,circ,3,0.285,,,,-8.55698500536839,percent,,station paired with its image rotated by pi/10 about the axis
3,12,strain,4x20x40,86427,True,mid,circ,4,0.38,,,,-5.960598807373419,percent,,station paired with its image rotated by pi/10 about the axis
3,12,strain,4x20x40,86427,True,mid,circ,5,0.475,,,,-3.583927504735418,percent,,station paired with its image rotated by pi/10 about the axis
3,12,strain,4x20x40,86427,True,mid,circ,6,0.57,,,,-1.4201367832754719,percent,,station paired with its image rotated by pi/10 about the axis
3,12,strain,4x20x40,86427,True,mid,circ,7,0.6649999999999999,,,,0.2981128717333359,percent,,station paired with its image rotated by pi/10 about the axis
3,12,strain,4x20x40,86427,True,mid,circ,8,0.76,,,,1.270023119119057,percent,,station paired with its image rotated by pi/10 about the axis
3,12,strain,4x20x40,86427,True,mid,circ,9,0.8549999999999999,,,,1.3413586075266881,percent,,station paired with its image rotated by pi/10 about the axis
3,12,strain,4x20x40,86427,True,mid,circ,10,0.95,,,,0.7270580943412597,percent,,station paired with its image rotated by pi/10 about the axis
3,12,strain,4x20x40,86427,True,epi,long,1,0.095,,,,-6.5643897870638845,percent,,"pair of neighbouring stations along the layer, labelled by the first (s=parameter)"
3,12,strain,4x20x40,86427,True,epi,long,2,0.19,,,,-11.492683581480566,percent,,"pair of neighbouring stations along the layer, labelled by the first (s=parameter)"
3,12,strain,4x20x40,86427,True,epi,long,3,0.285,,,,-12.901441803938452,percent,,"pair of neighbouring stations along the layer, labelled by the first (s=parameter)"
3,12,strain,4x20x40,86427,True,epi,long,4,0.38,,,,-13.706741027957815,percent,,"pair of neighbouring stations along the layer, labelled by the first (s=parameter)"
3,12,strain,4x20x40,86427,True,epi,long,5,0.475,,,,-14.098049427669245,percent,,"pair of neighbouring stations along the layer, labelled by the first (s=parameter)"
3,12,strain,4x20x40,86427,True,epi,long,6,0.57,,,,-14.247095970344247,percent,,"pair of neighbouring stations along the layer, labelled by the first (s=parameter)"
3,12,strain,4x20x40,86427,True,epi,long,7,0.6649999999999999,,,,-14.364338034012448,percent,,"pair of neighbouring stations along the layer, labelled by the first (s=parameter)"
3,12,strain,4x20x40,86427,True,epi,long,8,0.76,,,,-14.481172108072194,percent,,"pair of neighbouring stations along the layer, labelled by the first (s=parameter)"
3,12,strain,4x20x40,86427,True,epi,long,9,0.8549999999999999,,,,-13.605782788896404,percent,,"pair of neighbouring stations along the layer, labelled by the first (s=parameter)"
3,12,strain,4x20x40,86427,True,epi,circ,1,0.095,,,,20.212743812168842,percent,,station paired with its image rotated by pi/10 about the axis
3,12,strain,4x20x40,86427,True,epi,circ,2,0.19,,,,4.835674114195387,percent,,station paired with its image rotated by pi/10 about the axis
3,12,strain,4x20x40,86427,True,epi,circ,3,0.285,,,,0.257426518784154,percent,,station paired with its image rotated by pi/10 about the axis
3,12,strain,4x20x40,86427,True,epi,circ,4,0.38,,,,-0.39872399714316886,percent,,station paired with its image rotated by pi/10 about the axis
3,12,strain,4x20x40,86427,True,epi,circ,5,0.475,,,,0.3195362176775296,percent,,station paired with its image rotated by pi/10 about the axis
3,12,strain,4x20x40,86427,True,epi,circ,6,0.57,,,,1.4390058945647377,percent,,station paired with its image rotated by pi/10 about the axis
3,12,strain,4x20x40,86427,True,epi,circ,7,0.6649999999999999,,,,2.4590157770131293,percent,,station paired with its image rotated by pi/10 about the axis
3,12,strain,4x20x40,86427,True,epi,circ,8,0.76,,,,3.0975566092972917,percent,,station paired with its image rotated by pi/10 about the axis
3,12,strain,4x20x40,86427,True,epi,circ,9,0.8549999999999999,,,,3.279269340452684,percent,,station paired with its image rotated by pi/10 about the axis
3,12,strain,4x20x40,86427,True,epi,circ,10,0.95,,,,2.5026675711308233,percent,,station paired with its image rotated by pi/10 about the axis
3,12,strain,4x20x40,86427,True,endo,trans,1,0.095,,,,49.3438625101287,percent,,"across the wall: endo-mid at endo, mid-epi at epi, endo-epi at midwall"
3,12,strain,4x20x40,86427,True,endo,trans,2,0.19,,,,40.293685434338954,percent,,"across the wall: endo-mid at endo, mid-epi at epi, endo-epi at midwall"
3,12,strain,4x20x40,86427,True,endo,trans,3,0.285,,,,34.52516558779624,percent,,"across the wall: endo-mid at endo, mid-epi at epi, endo-epi at midwall"
3,12,strain,4x20x40,86427,True,endo,trans,4,0.38,,,,30.797065596512784,percent,,"across the wall: endo-mid at endo, mid-epi at epi, endo-epi at midwall"
3,12,strain,4x20x40,86427,True,endo,trans,5,0.475,,,,27.63615656573295,percent,,"across the wall: endo-mid at endo, mid-epi at epi, endo-epi at midwall"
3,12,strain,4x20x40,86427,True,endo,trans,6,0.57,,,,24.498399535904515,percent,,"across the wall: endo-mid at endo, mid-epi at epi, endo-epi at midwall"
3,12,strain,4x20x40,86427,True,endo,trans,7,0.6649999999999999,,,,21.523127540540976,percent,,"across the wall: endo-mid at endo, mid-epi at epi, endo-epi at midwall"
3,12,strain,4x20x40,86427,True,endo,trans,8,0.76,,,,19.89695050679896,percent,,"across the wall: endo-mid at endo, mid-epi at epi, endo-epi at midwall"
3,12,strain,4x20x40,86427,True,endo,trans,9,0.8549999999999999,,,,21.386122867449497,percent,,"across the wall: endo-mid at endo, mid-epi at epi, endo-epi at midwall"
3,12,strain,4x20x40,86427,True,endo,trans,10,0.95,,,,18.64048286983142,percent,,"across the wall: endo-mid at endo, mid-epi at epi, endo-epi at midwall"
3,12,strain,4x20x40,86427,True,epi,trans,1,0.095,,,,15.047425908247348,percent,,"across the wall: endo-mid at endo, mid-epi at epi, endo-epi at midwall"
3,12,strain,4x20x40,86427,True,epi,trans,2,0.19,,,,18.816156167318667,percent,,"across the wall: endo-mid at endo, mid-epi at epi, endo-epi at midwall"
3,12,strain,4x20x40,86427,True,epi,trans,3,0.285,,,,17.064176379447638,percent,,"across the wall: endo-mid at endo, mid-epi at epi, endo-epi at midwall"
3,12,strain,4x20x40,86427,True,epi,trans,4,0.38,,,,15.670290341697735,percent,,"across the wall: endo-mid at endo, mid-epi at epi, endo-epi at midwall"
3,12,strain,4x20x40,86427,True,epi,trans,5,0.475,,,,14.36742931697923,percent,,"across the wall: endo-mid at endo, mid-epi at epi, endo-epi at midwall"
3,12,strain,4x20x40,86427,True,epi,trans,6,0.57,,,,13.198570857262037,percent,,"across the wall: endo-mid at endo, mid-epi at epi, endo-epi at midwall"
3,12,strain,4x20x40,86427,True,epi,trans,7,0.6649999999999999,,,,12.570561115355773,percent,,"across the wall: endo-mid at endo, mid-epi at epi, endo-epi at midwall"
3,12,strain,4x20x40,86427,True,epi,trans,8,0.76,,,,13.241033977254357,percent,,"across the wall: endo-mid at endo, mid-epi at epi, endo-epi at midwall"
3,12,strain,4x20x40,86427,True,epi,trans,9,0.8549999999999999,,,,15.513630423125303,percent,,"across the wall: endo-mid at endo, mid-epi at epi, endo-epi at midwall"
3,12,strain,4x20x40,86427,True,epi,trans,10,0.95,,,,14.430329762330096,percent,,"across the wall: endo-mid at endo, mid-epi at epi, endo-epi at midwall"
3,12,strain,4x20x40,86427,True,mid,trans,1,0.095,,,,28.69636478303097,percent,,"across the wall: endo-mid at endo, mid-epi at epi, endo-epi at midwall"
3,12,strain,4x20x40,86427,True,mid,trans,2,0.19,,,,26.67856865327909,percent,,"across the wall: endo-mid at endo, mid-epi at epi, endo-epi at midwall"
3,12,strain,4x20x40,86427,True,mid,trans,3,0.285,,,,24.179032263517296,percent,,"across the wall: endo-mid at endo, mid-epi at epi, endo-epi at midwall"
3,12,strain,4x20x40,86427,True,mid,trans,4,0.38,,,,22.209740216330932,percent,,"across the wall: endo-mid at endo, mid-epi at epi, endo-epi at midwall"
3,12,strain,4x20x40,86427,True,mid,trans,5,0.475,,,,20.256686070570716,percent,,"across the wall: endo-mid at endo, mid-epi at epi, endo-epi at midwall"
3,12,strain,4x20x40,86427,True,mid,trans,6,0.57,,,,18.31344295574402,percent,,"across the wall: endo-mid at endo, mid-epi at epi, endo-epi at midwall"
3,12,strain,4x20x40,86427,True,mid,trans,7,0.6649999999999999,,,,16.7527132813484,percent,,"across the wall: endo-mid at endo, mid-epi at epi, endo-epi at midwall"
3,12,strain,4x20x40,86427,True,mid,trans,8,0.76,,,,16.492409086745585,percent,,"across the wall: endo-mid at endo, mid-epi at epi, endo-epi at midwall"
3,12,strain,4x20x40,86427,True,mid,trans,9,0.8549999999999999,,,,18.429633876330076,percent,,"across the wall: endo-mid at endo, mid-epi at epi, endo-epi at midwall"
3,12,strain,4x20x40,86427,True,mid,trans,10,0.95,,,,16.338126023181964,percent,,"across the wall: endo-mid at endo, mid-epi at epi, endo-epi at midwall"
